"REPORT_ID","Stats Area","Suburb","Postcode","LGA Name","Total Units","Total Cas","Total Fats","Total SI","Total MI","Year","Month","Day","Time","Area Speed","Position Type","Horizontal Align","Vertical Align","Other Feat","Road Surface","Moisture Cond","Weather Cond","DayNight","Crash Type","Unit Resp","Entity Code","CSEF Severity","Traffic Ctrls","DUI Involved","Drugs Involved","ACCLOC_X","ACCLOC_Y","UNIQUE_LOC"
"2017-888-27/05/2021","2 Metropolitan","UPPER STURT","5156","THE ADELAIDE HILLS COUNCIL",3,1,0,0,1,2017,"January","Sunday","10:45 am","060","Not Divided","CURVED, VIEW OBSCURED","Slope","Driveway or Entrance","Sealed","Dry","Not Raining","Daylight","Right Angle","01","Driver Rider","2: MI","No Control","","",1334675.91,1659348.12,"13346761659348"
"2017-889-27/05/2021","2 Metropolitan","PARA HILLS WEST","5096","CITY OF SALISBURY",2,1,0,0,1,2017,"January","Sunday","12:40 pm","060","T-Junction","Straight road","Level","Driveway or Entrance","Sealed","Dry","Not Raining","Daylight","Right Angle","02","Driver Rider","2: MI","No Control","","",1334060.45,1684475.47,"13340601684475"
"2017-890-27/05/2021","2 Metropolitan","TATACHILLA","5171","CITY OF ONKAPARINGA",2,0,0,0,0,2017,"January","Saturday","07:38 pm","080","Not Divided","Straight road","Crest of Hill","Not Applicable","Sealed","Dry","Not Raining","Daylight","Hit Fixed Object","01","Driver Rider","1: PDO","No Control","Y","",1319107.59,1638214.08,"13191081638214"
"2017-891-27/05/2021","2 Metropolitan","CUMBERLAND PARK","5041","CC MITCHAM.                   ",3,2,0,0,2,2017,"January","Saturday","08:20 pm","060","Cross Road","Straight road","Level","Not Applicable","Sealed","Dry","Not Raining","Daylight","Right Turn","02","Driver Rider","2: MI","Traffic Signals","","",1326683.82,1666179.98,"13266841666180"
"2017-892-27/05/2021","3 Country","MAITLAND","5573","YORKE PENINSULA COUNCIL",2,0,0,0,0,2017,"January","Saturday","05:45 pm","050","Cross Road","Straight road","Level","Not Applicable","Sealed","Dry","Not Raining","Daylight","Right Angle","02","Driver Rider","1: PDO","Give Way Sign","","",1245450.16,1734234.49,"12454501734234"
"2017-893-27/05/2021","2 Metropolitan","OVINGHAM","5082","CITY OF CHARLES STURT",3,2,0,0,2,2017,"January","Sunday","07:00 pm","060","Divided Road","Straight road","Bottom of Hill","Not Applicable","Sealed","Dry","Not Raining","Daylight","Rear End","01","Driver Rider","2: MI","No Control","","",1327088.06,1673248.55,"13270881673249"
"2017-894-27/05/2021","2 Metropolitan","HENLEY BEACH","5022","CITY OF CHARLES STURT",2,0,0,0,0,2017,"January","Sunday","06:15 pm","060","Divided Road","Straight road","Level","Driveway or Entrance","Sealed","Dry","Not Raining","Daylight","Right Angle","01","Driver Rider","1: PDO","No Control","","",1319889.59,1673051.85,"13198901673052"
"2017-895-27/05/2021","2 Metropolitan","MOANA","5169","CITY OF ONKAPARINGA",2,1,0,0,1,2017,"January","Sunday","07:50 pm","050","Not Divided","Straight road","Level","Driveway or Entrance","Sealed","Dry","Not Raining","Daylight","Right Turn","01","Driver Rider","2: MI","No Control","","",1316082.07,1639446.16,"13160821639446"
"2017-896-27/05/2021","2 Metropolitan","WEST CROYDON","5008","CITY OF CHARLES STURT",2,0,0,0,0,2017,"January","Sunday","08:00 pm","060","Cross Road","Straight road","Level","Not Applicable","Sealed","Dry","Not Raining","Daylight","Right Angle","02","Driver Rider","1: PDO","Traffic Signals","","",1325333.99,1675359.64,"13253341675360"
"2017-897-27/05/2021","2 Metropolitan","GLENGOWRIE","5044","CC MARION.                    ",2,0,0,0,0,2017,"January","Sunday","10:00 pm","060","Not Divided","Straight road","Level","Not Applicable","Sealed","Dry","Not Raining","Night","Hit Fixed Object","01","Driver Rider","1: PDO","No Control","","",1322664.28,1664402.07,"13226641664402"
"2017-898-27/05/2021","2 Metropolitan","GREENWITH","5125","CITY OF TEA TREE GULLY",2,0,0,0,0,2017,"January","Sunday","11:23 pm","050","Not Divided","CURVED, VIEW OPEN","Slope","Not Applicable","Sealed","Dry","Not Raining","Night","Hit Fixed Object","01","Driver Rider","1: PDO","No Control","","",1339273.35,1687629.46,"13392731687629"
"2017-899-27/05/2021","3 Country","WHYALLA NORRIE","5608","CC WHYALLA.                   ",2,0,0,0,0,2017,"January","Monday","06:00 am","060","Cross Road","Straight road","Level","Not Applicable","Sealed","Dry","Not Raining","Night","Right Angle","01","Driver Rider","1: PDO","Give Way Sign","","",1237020.02,1884803.53,"12370201884804"
"2017-900-27/05/2021","2 Metropolitan","GAWLER EAST","5118","CT GAWLER.                    ",2,0,0,0,0,2017,"January","Sunday","12:50 pm","050","T-Junction","Straight road","Level","Not Applicable","Sealed","Dry","Not Raining","Daylight","Right Angle","01","Driver Rider","1: PDO","No Control","","",1343879.38,1706788.84,"13438791706789"
"2017-901-27/05/2021","2 Metropolitan","SALISBURY","5108","CITY OF SALISBURY",2,1,0,0,1,2017,"January","Sunday","12:30 pm","060","Multiple","CURVED, VIEW OPEN","Level","Not Applicable","Sealed","Dry","Not Raining","Daylight","Rear End","01","Driver Rider","2: MI","Traffic Signals","","",1333632.48,1688660.75,"13336321688661"
"2017-902-27/05/2021","2 Metropolitan","ELIZABETH EAST","5112","CITY OF PLAYFORD.",2,0,0,0,0,2017,"January","Monday","06:45 am","050","Not Divided","Straight road","Level","Not Applicable","Sealed","Dry","Not Raining","Daylight","Hit Parked Vehicle","01","Driver Rider","1: PDO","No Control","","",1336431.26,1691720.04,"13364311691720"
"2017-903-27/05/2021","2 Metropolitan","NETLEY","5037","CITY OF WEST TORRENS",3,2,0,0,2,2017,"January","Monday","08:10 am","060","Cross Road","Straight road","Level","Not Applicable","Sealed","Dry","Not Raining","Daylight","Right Turn","02","Driver Rider","2: MI","Traffic Signals","","",1324175.25,1668909.78,"13241751668910"
"2017-904-27/05/2021","2 Metropolitan","SMITHFIELD","5114","CITY OF PLAYFORD.",2,1,0,0,1,2017,"January","Saturday","03:50 pm","050","Not Divided","Straight road","Level","Not Applicable","Sealed","Dry","Not Raining","Daylight","Rear End","02","Driver Rider","2: MI","No Control","","",1337843.27,1697208.11,"13378431697208"
"2017-905-27/05/2021","2 Metropolitan","GAWLER","5118","CT GAWLER.                    ",2,1,0,0,1,2017,"January","Monday","10:43 am","050","T-Junction","Straight road","Level","Not Applicable","Sealed","Dry","Not Raining","Daylight","Hit Pedestrian","02","Pedestrian","2: MI","Traffic Signals","","",1343360.57,1706588.67,"13433611706589"
"2017-906-27/05/2021","3 Country","TINTINARA","5266","COORONG DISTRICT COUNCIL",2,1,0,0,1,2017,"January","Sunday","09:30 pm","080","Not Divided","Straight road","Level","Not Applicable","Sealed","Dry","Not Raining","Night","Hit Fixed Object","01","Driver Rider","2: MI","No Control","","",1455493.87,1560049.1,"14554941560049"
"2017-907-27/05/2021","2 Metropolitan","KURRALTA PARK","5037","CITY OF WEST TORRENS",2,0,0,0,0,2017,"January","Monday","11:40 am","060","Cross Road","Straight road","Level","Not Applicable","Sealed","Dry","Not Raining","Daylight","Rear End","02","Driver Rider","1: PDO","Traffic Signals","","",1325814,1668480.21,"13258141668480"
"2017-908-27/05/2021","3 Country","TUNGKILLO","5236","MID MURRAY DISTRICT COUNCIL",1,0,0,0,0,2017,"January","Saturday","04:00 pm","080","Not Divided","CURVED, VIEW OPEN","Level","Not Applicable","Unsealed","Dry","Not Raining","Daylight","Roll Over","01","Driver Rider","1: PDO","No Control","","",1368949.55,1674075.84,"13689501674076"
"2017-909-27/05/2021","2 Metropolitan","TRANMERE","5073","CC CAMPBELLTOWN.              ",2,0,0,0,0,2017,"January","Sunday","12:15 pm","060","T-Junction","Straight road","Level","Not Applicable","Sealed","Dry","Not Raining","Daylight","Right Angle","02","Driver Rider","1: PDO","No Control","","",1333815.22,1673627.37,"13338151673627"
"2017-910-27/05/2021","2 Metropolitan","KENT TOWN","5067","CC OF NORWOOD,PAYNEHAM & ST PETERS",2,0,0,0,0,2017,"January","Sunday","01:15 pm","060","T-Junction","Straight road","Level","Not Applicable","Sealed","Dry","Not Raining","Daylight","Right Angle","02","Driver Rider","1: PDO","No Control","","",1330616.72,1671435.25,"13306171671435"
"2017-911-27/05/2021","3 Country","SMOKY BAY","5680","DC CEDUNA                     ",2,1,0,0,1,2017,"January","Wednesday","04:30 pm","110","Not Divided","Straight road","Level","Not Applicable","Sealed","Dry","Not Raining","Daylight","Hit Fixed Object","01","Driver Rider","2: MI","No Control","","",906400.14,1955956.17,"09064001955956"
"2017-912-27/05/2021","2 Metropolitan","GULFVIEW HEIGHTS","5096","CITY OF SALISBURY",2,0,0,0,0,2017,"January","Monday","12:05 pm","060","Divided Road","Straight road","Slope","Not Applicable","Sealed","Dry","Not Raining","Daylight","Rear End","01","Driver Rider","1: PDO","No Control","","",1334469.59,1684286.78,"13344701684287"
"2017-913-27/05/2021","2 Metropolitan","NORWOOD","5067","CC OF NORWOOD,PAYNEHAM & ST PETERS",2,1,0,0,1,2017,"January","Monday","10:45 am","060","Cross Road","Straight road","Level","Not Applicable","Sealed","Dry","Not Raining","Daylight","Right Angle","02","Driver Rider","2: MI","Roundabout","","",1330623.32,1670361.88,"13306231670362"
"2017-914-27/05/2021","3 Country","KUITPO","5201","ALEXANDRINA COUNCIL",2,0,0,0,0,2017,"January","Monday","01:00 pm","100","Not Divided","Straight road","Level","Not Applicable","Sealed","Dry","Not Raining","Daylight","Hit Animal","02","Animal","1: PDO","No Control","","",1334002.53,1635608.81,"13340031635609"
"2017-915-27/05/2021","2 Metropolitan","BRIGHTON","5048","CITY OF HOLDFAST BAY",2,0,0,0,0,2017,"January","Monday","11:50 am","060","Divided Road","Straight road","Level","Not Applicable","Sealed","Dry","Not Raining","Daylight","Hit Parked Vehicle","02","Driver Rider","1: PDO","No Control","","",1321147.03,1660599.86,"13211471660600"
"2017-916-27/05/2021","2 Metropolitan","CHRISTIE DOWNS","5164","CITY OF ONKAPARINGA",2,0,0,0,0,2017,"January","Friday","03:00 pm","050","Not Divided","Straight road","Level","Not Applicable","Sealed","Dry","Not Raining","Daylight","Hit Parked Vehicle","02","Driver Rider","1: PDO","No Control","","",1317567.91,1648321.11,"13175681648321"
"2017-917-27/05/2021","2 Metropolitan","CUDLEE CREEK","5232","THE ADELAIDE HILLS COUNCIL",2,0,0,0,0,2017,"January","Monday","12:30 pm","080","Not Divided","CURVED, VIEW OPEN","Level","Not Applicable","Sealed","Wet","Raining","Daylight","Hit Fixed Object","01","Driver Rider","1: PDO","No Control","","",1351743.39,1676926.71,"13517431676927"
"2017-918-27/05/2021","2 Metropolitan","ELIZABETH PARK","5113","CITY OF PLAYFORD.",2,1,0,0,1,2017,"January","Monday","03:00 pm","080","Cross Road","Straight road","Level","Not Applicable","Sealed","Dry","Not Raining","Daylight","Rear End","01","Driver Rider","2: MI","Traffic Signals","","",1335939.12,1693257.92,"13359391693258"
"2017-919-27/05/2021","2 Metropolitan","ELIZABETH GROVE","5112","CITY OF PLAYFORD.",2,0,0,0,0,2017,"January","Monday","04:40 pm","080","Divided Road","Straight road","Level","Not Applicable","Sealed","Dry","Unknown","Daylight","Rear End","01","Driver Rider","1: PDO","No Control","","",1336117.51,1691488.16,"13361181691488"
"2017-920-27/05/2021","2 Metropolitan","MAYLANDS","5069","CC OF NORWOOD,PAYNEHAM & ST PETERS",2,0,0,0,0,2017,"January","Monday","04:20 pm","060","Cross Road","Straight road","Level","Not Applicable","Sealed","Dry","Not Raining","Daylight","Right Angle","01","Driver Rider","1: PDO","Stop Sign","","",1332231.32,1672046.15,"13322311672046"
"2017-921-27/05/2021","2 Metropolitan","MOUNT BARKER","5251","DC MT.BARKER.                 ",3,1,0,0,1,2017,"January","Monday","04:00 pm","060","Cross Road","Straight road","Level","Not Applicable","Sealed","Dry","Not Raining","Daylight","Rear End","01","Driver Rider","2: MI","Give Way Sign","","",1351092.7,1654671.46,"13510931654671"
"2017-922-27/05/2021","2 Metropolitan","FIRLE","5070","CC OF NORWOOD,PAYNEHAM & ST PETERS",2,1,0,0,1,2017,"January","Monday","03:25 pm","060","T-Junction","Straight road","Level","Not Applicable","Sealed","Dry","Not Raining","Daylight","Right Angle","02","Driver Rider","2: MI","Stop Sign","","",1333828.96,1672697.56,"13338291672698"
"2017-923-27/05/2021","2 Metropolitan","MARDEN","5070","CC OF NORWOOD,PAYNEHAM & ST PETERS",2,0,0,0,0,2017,"January","Monday","05:10 pm","060","T-Junction","Straight road","Level","Driveway or Entrance","Sealed","Dry","Not Raining","Daylight","Right Angle","02","Driver Rider","1: PDO","No Control","","",1332424.21,1674103.87,"13324241674104"
"2017-924-27/05/2021","2 Metropolitan","PROSPECT","5082","CITY OF PROSPECT",2,0,0,0,0,2017,"January","Monday","04:00 pm","060","T-Junction","Straight road","Level","Not Applicable","Sealed","Dry","Not Raining","Daylight","Right Turn","02","Driver Rider","1: PDO","No Control","","",1328705.93,1674031.9,"13287061674032"
"2017-925-27/05/2021","2 Metropolitan","WINGFIELD","5013","CITY OF PORT ADELAIDE ENFIELD",2,0,0,0,0,2017,"January","Monday","06:05 pm","050","Not Divided","CURVED, VIEW OPEN","Level","Driveway or Entrance","Sealed","Dry","Not Raining","Daylight","Right Angle","02","Driver Rider","1: PDO","No Control","","",1327017.03,1680089.51,"13270171680090"
"2017-926-27/05/2021","2 Metropolitan","GLEN OSMOND","5064","CITY OF BURNSIDE",4,0,0,0,0,2017,"January","Monday","01:00 pm","050","Not Divided","Straight road","Level","Not Applicable","Sealed","Dry","Not Raining","Daylight","Hit Parked Vehicle","02","Driver Rider","1: PDO","No Control","","",1332657.4,1666873.81,"13326571666874"
"2017-927-27/05/2021","2 Metropolitan","PARADISE","5075","CC CAMPBELLTOWN.              ",2,0,0,0,0,2017,"January","Tuesday","12:20 am","060","Not Divided","Straight road","Level","Not Applicable","Sealed","Dry","Not Raining","Night","Head On","01","Driver Rider","1: PDO","No Control","","",1335944.53,1675933.9,"13359451675934"
"2017-928-27/05/2021","2 Metropolitan","SEAFORD MEADOWS","5169","CITY OF ONKAPARINGA",2,1,0,0,1,2017,"January","Tuesday","07:30 am","060","Cross Road","Straight road","Slope","Not Applicable","Sealed","Dry","Not Raining","Daylight","Rear End","01","Driver Rider","2: MI","Traffic Signals","","",1318114,1642829.74,"13181141642830"
"2017-929-27/05/2021","3 Country","PENOLA","5277","WATTLE RANGE COUNCIL",2,1,0,0,1,2017,"January","Friday","04:20 pm","110","Not Divided","Straight road","Level","Not Applicable","Sealed","Dry","Not Raining","Daylight","Hit Object on Road","01","Driver Rider","2: MI","No Control","","",1517801.04,1386843.69,"15178011386844"
"2017-930-27/05/2021","2 Metropolitan","SEAFORD","5169","CITY OF ONKAPARINGA",2,0,0,0,0,2017,"January","Monday","12:34 pm","070","Cross Road","Straight road","Level","Not Applicable","Sealed","Dry","Not Raining","Daylight","Right Angle","01","Driver Rider","1: PDO","Traffic Signals","","",1316362.9,1642084.21,"13163631642084"
"2017-931-27/05/2021","2 Metropolitan","RICHMOND","5033","CITY OF WEST TORRENS",4,1,0,0,1,2017,"January","Tuesday","07:45 am","060","Multiple","Straight road","Level","Not Applicable","Sealed","Dry","Not Raining","Daylight","Right Angle","01","Driver Rider","2: MI","Traffic Signals","","",1325784.87,1669462.42,"13257851669462"
"2017-932-27/05/2021","3 Country","GLENBURNIE","5291","DISTRICT COUNCIL OF GRANT",2,1,0,0,1,2017,"January","Tuesday","07:12 am","100","T-Junction","Straight road","Bottom of Hill","Driveway or Entrance","Sealed","Dry","Not Raining","Daylight","Rear End","01","Driver Rider","2: MI","No Control","","",1515850.14,1337547.37,"15158501337547"
"2017-933-27/05/2021","2 Metropolitan","VALLEY VIEW","5093","CITY OF TEA TREE GULLY",2,0,0,0,0,2017,"January","Tuesday","06:30 am","060","Cross Road","Straight road","Level","Not Applicable","Sealed","Dry","Not Raining","Night","Rear End","02","Driver Rider","1: PDO","Traffic Signals","","",1335297.49,1679399.6,"13352971679400"
"2017-934-27/05/2021","2 Metropolitan","GLYNDE","5070","CC OF NORWOOD,PAYNEHAM & ST PETERS",2,0,0,0,0,2017,"January","Tuesday","03:00 pm","050","Not Divided","Straight road","Level","Driveway or Entrance","Sealed","Dry","Not Raining","Daylight","Hit Parked Vehicle","02","Driver Rider","1: PDO","No Control","","",1333598.7,1673849.48,"13335991673849"
"2017-935-27/05/2021","3 Country","WHYALLA","5600","CC WHYALLA.                   ",2,0,0,0,0,2017,"January","Tuesday","10:10 am","040","Not Divided","Straight road","Level","Not Applicable","Sealed","Dry","Not Raining","Daylight","Rear End","02","Driver Rider","1: PDO","No Control","","",1240893.87,1882683.13,"12408941882683"
"2017-936-27/05/2021","2 Metropolitan","DAW PARK","5041","CC MITCHAM.                   ",2,0,0,0,0,2017,"January","Tuesday","08:00 am","050","T-Junction","Straight road","Level","Not Applicable","Sealed","Dry","Not Raining","Daylight","Right Angle","02","Driver Rider","1: PDO","No Control","","",1326961.99,1663594.64,"13269621663595"
"2017-937-27/05/2021","2 Metropolitan","MITCHAM","5062","CC MITCHAM.                   ",2,1,0,0,1,2017,"January","Monday","05:00 pm","060","T-Junction","Straight road","Level","Not Applicable","Sealed","Dry","Not Raining","Daylight","Rear End","02","Driver Rider","2: MI","Traffic Signals","","",1330788.15,1664892.02,"13307881664892"
"2017-938-27/05/2021","2 Metropolitan","GEPPS CROSS","5094","CITY OF PORT ADELAIDE ENFIELD",3,1,0,0,1,2017,"January","Tuesday","11:15 am","060","Divided Road","Straight road","Level","Not Applicable","Sealed","Dry","Not Raining","Daylight","Rear End","01","Driver Rider","2: MI","No Control","","",1327353.48,1679240.8,"13273531679241"
"2017-939-27/05/2021","2 Metropolitan","ADELAIDE AIRPORT","5950","CITY OF WEST TORRENS",2,1,0,0,1,2017,"January","Tuesday","10:40 am","050","Cross Road","Straight road","Level","Not Applicable","Sealed","Dry","Not Raining","Daylight","Rear End","02","Driver Rider","2: MI","Roundabout","","",1322960.83,1669785.8,"13229611669786"
"2017-940-27/05/2021","2 Metropolitan","PORT NOARLUNGA","5167","CITY OF ONKAPARINGA",2,0,0,0,0,2017,"January","Saturday","05:00 pm","060","Not Divided","Straight road","Level","Not Applicable","Sealed","Dry","Not Raining","Daylight","Side Swipe","02","Driver Rider","1: PDO","No Control","","",1315820.8,1646799.9,"13158211646800"
"2017-941-27/05/2021","2 Metropolitan","PLYMPTON","5038","CITY OF WEST TORRENS",2,0,0,0,0,2017,"January","Friday","02:30 pm","060","Divided Road","Straight road","Level","Not Applicable","Sealed","Dry","Not Raining","Daylight","Hit Fixed Object","01","Driver Rider","1: PDO","No Control","","",1324356.36,1666654.11,"13243561666654"
"2017-942-27/05/2021","2 Metropolitan","PARAFIELD","5106","CITY OF SALISBURY",2,0,0,0,0,2017,"January","Tuesday","11:30 am","080","Divided Road","Straight road","Level","Unknown","Sealed","Dry","Not Raining","Daylight","Side Swipe","02","Driver Rider","1: PDO","No Control","","",1332013.1,1683777.67,"13320131683778"
"2017-943-27/05/2021","2 Metropolitan","FINDON","5023","CITY OF CHARLES STURT",2,0,0,0,0,2017,"January","Monday","05:20 pm","050","Not Divided","Straight road","Level","Not Applicable","Sealed","Dry","Not Raining","Daylight","Side Swipe","02","Driver Rider","1: PDO","No Control","","",1323302.16,1673171.87,"13233021673172"
"2017-944-27/05/2021","2 Metropolitan","FULLARTON","5063","CITY OF UNLEY",2,1,0,0,1,2017,"January","Monday","05:55 pm","060","Not Divided","Straight road","Level","Not Applicable","Sealed","Dry","Not Raining","Daylight","Rear End","02","Driver Rider","2: MI","No Control","","",1330736.46,1667291.35,"13307361667291"
"2017-945-27/05/2021","1 City","ADELAIDE","5000","CITY OF ADELAIDE",2,0,0,0,0,2017,"January","Tuesday","11:00 am","050","Divided Road","Straight road","Level","Not Applicable","Sealed","Dry","Not Raining","Daylight","Side Swipe","02","Driver Rider","1: PDO","No Control","","",1327898.83,1670340,"13278991670340"
"2017-946-27/05/2021","2 Metropolitan","WALKLEY HEIGHTS","5098","CITY OF SALISBURY",2,0,0,0,0,2017,"January","Monday","09:08 pm","060","T-Junction","Straight road","Level","Unknown","Sealed","Dry","Not Raining","Night","Right Turn","02","Driver Rider","1: PDO","Traffic Signals","","",1331258.29,1680682.96,"13312581680683"
"2017-947-27/05/2021","2 Metropolitan","GEPPS CROSS","5094","CITY OF PORT ADELAIDE ENFIELD",2,0,0,0,0,2017,"January","Tuesday","12:30 pm","060","Divided Road","Straight road","Level","Unknown","Sealed","Dry","Not Raining","Daylight","Rear End","01","Driver Rider","1: PDO","No Control","","",1328802.42,1679619.59,"13288021679620"
"2017-948-27/05/2021","2 Metropolitan","KLEMZIG","5087","CITY OF PORT ADELAIDE ENFIELD",2,0,0,0,0,2017,"January","Tuesday","03:15 pm","060","Cross Road","Straight road","Level","Unknown","Sealed","Dry","Not Raining","Daylight","Right Turn","02","Driver Rider","1: PDO","Traffic Signals","","",1332080.32,1676585.35,"13320801676585"
"2017-949-27/05/2021","2 Metropolitan","EDWARDSTOWN","5039","CC MARION.                    ",2,0,0,0,0,2017,"January","Tuesday","01:30 pm","050","Cross Road","Straight road","Slope","Unknown","Sealed","Dry","Not Raining","Daylight","Rear End","02","Driver Rider","1: PDO","Stop Sign","","",1325503.15,1664775.91,"13255031664776"
"2017-950-27/05/2021","2 Metropolitan","SOUTH BRIGHTON","5048","CITY OF HOLDFAST BAY",2,0,0,0,0,2017,"January","Tuesday","12:30 pm","050","Cross Road","Straight road","Level","Unknown","Sealed","Dry","Not Raining","Daylight","Right Angle","02","Driver Rider","1: PDO","Give Way Sign","","",1320641.57,1660012.85,"13206421660013"
"2017-951-27/05/2021","2 Metropolitan","DERNANCOURT","5075","CITY OF TEA TREE GULLY",3,2,0,0,2,2017,"January","Tuesday","03:56 pm","060","Divided Road","Straight road","Slope","Not Applicable","Sealed","Dry","Not Raining","Daylight","Rear End","02","Driver Rider","2: MI","No Control","","",1336408.61,1677611.98,"13364091677612"
"2017-952-27/05/2021","2 Metropolitan","PROSPECT","5082","CITY OF PROSPECT",2,1,0,0,1,2017,"January","Tuesday","04:20 pm","060","Cross Road","Straight road","Level","Not Applicable","Sealed","Dry","Not Raining","Daylight","Rear End","02","Driver Rider","2: MI","Traffic Signals","","",1328862.6,1676432.75,"13288631676433"
"2017-953-27/05/2021","2 Metropolitan","ST MARYS","5042","CC MITCHAM.                   ",2,1,0,0,1,2017,"January","Tuesday","04:05 pm","060","Divided Road","Straight road","Level","Not Applicable","Sealed","Dry","Not Raining","Daylight","Rear End","01","Driver Rider","2: MI","No Control","","",1326007.82,1661728.05,"13260081661728"
"2017-954-27/05/2021","2 Metropolitan","GLOBE DERBY PARK","5110","CITY OF SALISBURY",2,1,0,0,1,2017,"January","Tuesday","04:35 pm","090","Divided Road","Straight road","Level","Not Applicable","Sealed","Dry","Not Raining","Daylight","Rear End","02","Driver Rider","2: MI","No Control","","Y",1328662.4,1685758.29,"13286621685758"
"2017-955-27/05/2021","2 Metropolitan","GILLES PLAINS","5086","CITY OF PORT ADELAIDE ENFIELD",2,0,0,0,0,2017,"January","Tuesday","03:38 pm","060","T-Junction","Straight road","Level","Unknown","Sealed","Dry","Not Raining","Daylight","Right Turn","02","Driver Rider","1: PDO","Traffic Signals","","",1334568.6,1678474.49,"13345691678474"
"2017-956-27/05/2021","2 Metropolitan","GEPPS CROSS","5094","CITY OF PORT ADELAIDE ENFIELD",2,0,0,0,0,2017,"January","Tuesday","06:00 pm","060","Divided Road","Straight road","Level","Not Applicable","Sealed","Dry","Not Raining","Daylight","Rear End","02","Driver Rider","1: PDO","No Control","","",1328734.54,1679278.84,"13287351679279"
"2017-957-27/05/2021","2 Metropolitan","EVANSTON PARK","5116","CT GAWLER.                    ",2,0,0,0,0,2017,"January","Tuesday","06:40 pm","050","T-Junction","CURVED, VIEW OPEN","Crest of Hill","Unknown","Sealed","Dry","Not Raining","Daylight","Right Angle","01","Driver Rider","1: PDO","No Control","","",1342650.07,1703237.94,"13426501703238"
"2017-958-27/05/2021","3 Country","BOOKPURNONG","5333","LOXTON WAIKERIE DISTRICT COUNCIL",2,0,0,0,0,2017,"January","Tuesday","09:40 pm","110","Not Divided","Straight road","Slope","Not Applicable","Sealed","Dry","Not Raining","Night","Hit Animal","02","Animal","1: PDO","No Control","","",1514503.27,1726666.9,"15145031726667"
"2017-959-27/05/2021","3 Country","STRATHALBYN","5255","ALEXANDRINA COUNCIL",4,0,0,0,0,2017,"January","Tuesday","06:05 am","100","Not Divided","Straight road","Level","Not Applicable","Sealed","Dry","Not Raining","Night","Hit Object on Road","01","Driver Rider","1: PDO","No Control","","",1354156.27,1637497.08,"13541561637497"
"2017-960-27/05/2021","2 Metropolitan","BURTON","5110","CITY OF SALISBURY",2,1,0,0,1,2017,"February","Wednesday","06:00 am","060","Cross Road","Straight road","Level","Not Applicable","Sealed","Dry","Not Raining","Night","Right Angle","01","Driver Rider","2: MI","Roundabout","","",1330155.51,1690824.15,"13301561690824"
"2017-961-27/05/2021","2 Metropolitan","HALLETT COVE","5158","CC MARION.                    ",2,0,0,0,0,2017,"January","Tuesday","01:20 pm","050","Not Divided","Straight road","Level","Driveway or Entrance","Sealed","Dry","Not Raining","Daylight","Rear End","02","Driver Rider","1: PDO","No Control","","",1320286.42,1654223.04,"13202861654223"
"2017-962-27/05/2021","2 Metropolitan","KENT TOWN","5067","CC OF NORWOOD,PAYNEHAM & ST PETERS",3,0,0,0,0,2017,"January","Tuesday","12:35 pm","050","Not Divided","Straight road","Level","Not Applicable","Sealed","Dry","Not Raining","Daylight","Rear End","01","Driver Rider","1: PDO","No Control","","",1330360.95,1671105.81,"13303611671106"
"2017-963-27/05/2021","2 Metropolitan","TRANMERE","5073","CC CAMPBELLTOWN.              ",2,0,0,0,0,2017,"January","Tuesday","03:10 pm","050","Not Divided","Straight road","Level","Not Applicable","Sealed","Dry","Not Raining","Daylight","Hit Fixed Object","01","Driver Rider","1: PDO","No Control","","",1333936.05,1673198.52,"13339361673199"
"2017-964-27/05/2021","3 Country","PORT LINCOLN","5606","CC PT.LINCOLN.                ",2,0,0,0,0,2017,"February","Wednesday","08:55 am","050","Cross Road","Straight road","Level","Unknown","Sealed","Dry","Not Raining","Daylight","Right Angle","02","Driver Rider","1: PDO","Stop Sign","","",1079246.92,1697267.73,"10792471697268"
"2017-965-27/05/2021","3 Country","CLARE","5453","CLARE AND GILBERT VALLEYS DISTRICT COUNCIL",2,0,0,0,0,2017,"January","Tuesday","01:00 pm","050","T-Junction","Straight road","Level","Not Applicable","Sealed","Dry","Not Raining","Daylight","Hit Fixed Object","01","Driver Rider","1: PDO","No Control","","",1333506.07,1791696.52,"13335061791697"
"2017-966-27/05/2021","2 Metropolitan","NORTH PLYMPTON","5037","CITY OF WEST TORRENS",3,0,0,0,0,2017,"February","Wednesday","07:50 am","050","Not Divided","Straight road","Level","Not Applicable","Sealed","Dry","Not Raining","Daylight","Hit Fixed Object","01","Driver Rider","1: PDO","No Control","","",1324269.24,1667896.53,"13242691667897"
"2017-967-27/05/2021","2 Metropolitan","SURREY DOWNS","5126","CITY OF TEA TREE GULLY",2,0,0,0,0,2017,"January","Sunday","10:00 am","060","Cross Road","Straight road","Unknown","Not Applicable","Sealed","Dry","Not Raining","Daylight","Rear End","01","Driver Rider","1: PDO","Roundabout","","",1339676.86,1683611.55,"13396771683612"
"2017-968-27/05/2021","2 Metropolitan","GREENACRES","5086","CITY OF PORT ADELAIDE ENFIELD",2,1,0,0,1,2017,"January","Tuesday","04:45 pm","060","T-Junction","Straight road","Unknown","Not Applicable","Sealed","Dry","Not Raining","Daylight","Rear End","02","Driver Rider","2: MI","No Control","","",1332082.35,1676937.08,"13320821676937"