"REPORT_ID","Stats Area","Suburb","Postcode","LGA Name","Total Units","Total Cas","Total Fats","Total SI","Total MI","Year","Month","Day","Time","Area Speed","Position Type","Horizontal Align","Vertical Align","Other Feat","Road Surface","Moisture Cond","Weather Cond","DayNight","Crash Type","Unit Resp","Entity Code","CSEF Severity","Traffic Ctrls","DUI Involved","Drugs Involved","ACCLOC_X","ACCLOC_Y","UNIQUE_LOC"
"2017-1290-27/05/2021","2 Metropolitan","GOLDEN GROVE","5125","CITY OF TEA TREE GULLY",2,0,0,0,0,2017,"February","Wednesday","10:00 am","060","Not Divided","Straight road","Slope","Not Applicable","Unsealed","Dry","Not Raining","Daylight","Hit Parked Vehicle","02","Driver Rider","1: PDO","No Control","","",1339404.56,1686744.49,"13394051686744"
"2017-1291-27/05/2021","2 Metropolitan","LINDEN PARK","5065","CITY OF BURNSIDE",2,1,0,1,0,2017,"February","Wednesday","06:30 pm","050","Cross Road","Straight road","Level","Not Applicable","Sealed","Dry","Not Raining","Daylight","Hit Fixed Object","01","Driver Rider","3: SI","Give Way Sign","","",1333059.69,1668837.23,"13330601668837"
"2017-1292-27/05/2021","2 Metropolitan","ROSTREVOR","5073","CC CAMPBELLTOWN.              ",2,0,0,0,0,2017,"February","Thursday","10:57 am","060","T-Junction","Straight road","Slope","Not Applicable","Sealed","Dry","Not Raining","Daylight","Rear End","01","Driver Rider","1: PDO","No Control","","",1335428.81,1673871.66,"13354291673872"
"2017-1293-27/05/2021","2 Metropolitan","WYNN VALE","5127","CITY OF TEA TREE GULLY",2,1,0,0,1,2017,"February","Thursday","02:40 pm","060","T-Junction","Straight road","Level","Not Applicable","Sealed","Dry","Not Raining","Daylight","Rear End","02","Driver Rider","2: MI","No Control","","",1338725.72,1684408.3,"13387261684408"
"2017-1294-27/05/2021","2 Metropolitan","ST MORRIS","5068","CC OF NORWOOD,PAYNEHAM & ST PETERS",3,0,0,0,0,2017,"February","Thursday","02:45 pm","060","Cross Road","Straight road","Level","Not Applicable","Sealed","Dry","Not Raining","Daylight","Rear End","01","Driver Rider","1: PDO","Traffic Signals","","",1333859.33,1671805.1,"13338591671805"
"2017-1295-27/05/2021","2 Metropolitan","MANNINGHAM","5086","CITY OF PROSPECT",3,0,0,0,0,2017,"February","Thursday","03:29 pm","060","Not Divided","Straight road","Level","Not Applicable","Sealed","Dry","Not Raining","Daylight","Rear End","01","Driver Rider","1: PDO","No Control","","",1330470.03,1675405.29,"13304701675405"
"2017-1296-27/05/2021","2 Metropolitan","WINGFIELD","5013","CITY OF PORT ADELAIDE ENFIELD",2,0,0,0,0,2017,"February","Thursday","12:10 pm","090","Divided Road","Straight road","Level","Driveway or Entrance","Sealed","Dry","Not Raining","Daylight","Right Angle","02","Driver Rider","1: PDO","No Control","","",1326341.83,1681046.43,"13263421681046"
"2017-1297-27/05/2021","2 Metropolitan","HACKNEY","5069","CC OF NORWOOD,PAYNEHAM & ST PETERS",2,0,0,0,0,2017,"February","Thursday","03:40 pm","040","Cross Road","Straight road","Level","Roadworks","Sealed","Dry","Not Raining","Daylight","Head On","02","Driver Rider","1: PDO","Traffic Signals","","",1329888.83,1671303.97,"13298891671304"
"2017-1298-27/05/2021","2 Metropolitan","MAWSON LAKES","5095","CITY OF SALISBURY",2,1,0,0,1,2017,"February","Thursday","03:15 pm","080","Divided Road","Straight road","Slope","Not Applicable","Sealed","Dry","Not Raining","Daylight","Side Swipe","01","Driver Rider","2: MI","No Control","","",1328696.38,1682592.32,"13286961682592"
"2017-1299-27/05/2021","2 Metropolitan","QUEENSTOWN","5014","CITY OF PORT ADELAIDE ENFIELD",2,0,0,0,0,2017,"February","Thursday","04:00 pm","050","Not Divided","Straight road","Level","Not Applicable","Sealed","Dry","Not Raining","Daylight","Hit Fixed Object","01","Driver Rider","1: PDO","No Control","","",1320009.8,1678447.17,"13200101678447"
"2017-1300-27/05/2021","2 Metropolitan","HENLEY BEACH","5022","CITY OF CHARLES STURT",2,1,0,0,1,2017,"February","Thursday","03:20 pm","050","T-Junction","Straight road","Level","Not Applicable","Sealed","Dry","Not Raining","Daylight","Rear End","01","Driver Rider","2: MI","No Control","","",1319609.13,1672736.85,"13196091672737"
"2017-1301-27/05/2021","2 Metropolitan","STURT","5047","CC MARION.                    ",3,0,0,0,0,2017,"February","Wednesday","09:15 pm","060","Not Divided","Straight road","Slope","Not Applicable","Sealed","Dry","Not Raining","Night","Hit Fixed Object","01","Driver Rider","1: PDO","No Control","","",1323610.51,1659764.63,"13236111659765"
"2017-1302-27/05/2021","2 Metropolitan","BRIGHTON","5048","CITY OF HOLDFAST BAY",2,0,0,0,0,2017,"February","Thursday","04:00 pm","060","Divided Road","Straight road","Level","Not Applicable","Sealed","Dry","Not Raining","Daylight","Rear End","01","Driver Rider","1: PDO","No Control","","",1321139.64,1660841.05,"13211401660841"
"2017-1303-27/05/2021","3 Country","HINDMARSH VALLEY","5211","DC VICTOR HARBOR.             ",3,1,0,0,1,2017,"February","Thursday","03:05 pm","100","Not Divided","CURVED, VIEW OBSCURED","Slope","Not Applicable","Sealed","Dry","Not Raining","Daylight","Hit Fixed Object","01","Driver Rider","2: MI","No Control","","",1330705.4,1610664.02,"13307051610664"
"2017-1304-27/05/2021","2 Metropolitan","ENFIELD","5085","CITY OF PORT ADELAIDE ENFIELD",3,2,0,0,2,2017,"February","Thursday","05:20 pm","050","T-Junction","Straight road","Slope","Unknown","Sealed","Dry","Not Raining","Daylight","Hit Pedestrian","01","Driver Rider","2: MI","No Control","","",1328957.38,1677081.07,"13289571677081"
"2017-1305-27/05/2021","2 Metropolitan","WOODVILLE NORTH","5012","CITY OF CHARLES STURT",2,0,0,0,0,2017,"February","Thursday","04:15 pm","050","Not Divided","Straight road","Level","Not Applicable","Sealed","Dry","Not Raining","Daylight","Side Swipe","02","Driver Rider","1: PDO","No Control","","",1323193.95,1677310.08,"13231941677310"
"2017-1306-27/05/2021","2 Metropolitan","WOODCROFT","5162","CITY OF ONKAPARINGA",2,0,0,0,0,2017,"February","Thursday","09:05 pm","080","Cross Road","Straight road","Level","Not Applicable","Sealed","Dry","Not Raining","Night","Right Turn","02","Driver Rider","1: PDO","Traffic Signals","","",1323025.87,1652240.92,"13230261652241"
"2017-1307-27/05/2021","1 City","ADELAIDE","5000","CITY OF ADELAIDE",2,1,0,0,1,2017,"February","Thursday","08:20 am","050","Not Divided","Straight road","Level","Not Applicable","Sealed","Dry","Not Raining","Daylight","Hit Parked Vehicle","01","Driver Rider","2: MI","No Control","","",1327929.26,1670369.83,"13279291670370"
"2017-1308-27/05/2021","2 Metropolitan","GLENELG","5045","CITY OF HOLDFAST BAY",2,0,0,0,0,2017,"February","Thursday","07:30 pm","050","Not Divided","Straight road","Level","Not Applicable","Sealed","Dry","Not Raining","Daylight","Right Angle","01","Driver Rider","1: PDO","No Control","","",1320566.9,1664822.48,"13205671664822"
"2017-1309-27/05/2021","2 Metropolitan","MAWSON LAKES","5095","CITY OF SALISBURY",2,0,0,0,0,2017,"February","Friday","08:25 am","070","Divided Road","CURVED, VIEW OPEN","Level","Not Applicable","Sealed","Dry","Not Raining","Daylight","Side Swipe","01","Driver Rider","1: PDO","No Control","","",1329647.03,1684388.15,"13296471684388"
"2017-1310-27/05/2021","2 Metropolitan","WARRADALE","5046","CC MARION.                    ",2,0,0,0,0,2017,"February","Friday","07:23 am","060","Cross Road","Straight road","Level","Not Applicable","Sealed","Dry","Not Raining","Daylight","Rear End","01","Driver Rider","1: PDO","Traffic Signals","","",1322704.87,1661540.26,"13227051661540"
"2017-1311-27/05/2021","1 City","ADELAIDE","5000","CITY OF ADELAIDE",2,0,0,0,0,2017,"February","Thursday","11:10 am","050","Cross Road","Straight road","Level","Not Applicable","Sealed","Dry","Not Raining","Daylight","Rear End","02","Driver Rider","1: PDO","Traffic Signals","","",1327859.83,1670803.63,"13278601670804"
"2017-1312-27/05/2021","2 Metropolitan","COWANDILLA","5033","CITY OF WEST TORRENS",2,1,0,0,1,2017,"February","Thursday","08:52 am","050","Cross Road","Straight road","Level","Unknown","Sealed","Dry","Not Raining","Daylight","Right Angle","02","Driver Rider","2: MI","Give Way Sign","","",1324536.1,1670222.2,"13245361670222"
"2017-1313-27/05/2021","2 Metropolitan","GLANDORE","5037","CITY OF WEST TORRENS",2,0,0,0,0,2017,"February","Friday","08:14 am","050","Cross Road","Straight road","Level","Not Applicable","Sealed","Dry","Not Raining","Daylight","Right Angle","01","Driver Rider","1: PDO","Give Way Sign","","",1325431.49,1667293.6,"13254311667294"
"2017-1314-27/05/2021","1 City","ADELAIDE","5000","CITY OF ADELAIDE",2,0,0,0,0,2017,"February","Friday","10:20 am","060","Divided Road","Straight road","Level","Not Applicable","Sealed","Dry","Not Raining","Daylight","Rear End","01","Driver Rider","1: PDO","No Control","","",1327374.33,1670762.52,"13273741670763"
"2017-1315-27/05/2021","3 Country","LINWOOD","5410","LIGHT REGIONAL COUNCIL",2,0,0,0,0,2017,"February","Friday","09:30 am","100","T-Junction","Straight road","Slope","Not Applicable","Sealed","Dry","Not Raining","Daylight","Rear End","02","Driver Rider","1: PDO","No Control","","",1344522.34,1729024.29,"13445221729024"
"2017-1316-27/05/2021","2 Metropolitan","PARA HILLS WEST","5096","CITY OF SALISBURY",3,0,0,0,0,2017,"February","Friday","08:29 am","080","Divided Road","Straight road","Level","Not Applicable","Sealed","Dry","Not Raining","Daylight","Other","01","Other","1: PDO","No Control","","",1332627.2,1684520.37,"13326271684520"
"2017-1317-27/05/2021","2 Metropolitan","UNLEY","5061","CITY OF UNLEY",2,0,0,0,0,2017,"February","Thursday","01:25 pm","050","Cross Road","Straight road","Level","Not Applicable","Sealed","Dry","Not Raining","Daylight","Right Turn","01","Driver Rider","1: PDO","No Control","","",1328853.74,1667935.84,"13288541667936"
"2017-1318-27/05/2021","2 Metropolitan","RIDLEYTON","5008","CITY OF CHARLES STURT",3,0,0,0,0,2017,"February","Friday","08:25 am","040","Cross Road","Straight road","Level","Roadworks","Sealed","Dry","Not Raining","Daylight","Rear End","01","Driver Rider","1: PDO","Traffic Signals","","",1325910.89,1674899.36,"13259111674899"
"2017-1319-27/05/2021","2 Metropolitan","HAZELWOOD PARK","5066","CITY OF BURNSIDE",2,1,0,0,1,2017,"February","Sunday","05:35 pm","060","Cross Road","Straight road","Level","Not Applicable","Sealed","Wet","Raining","Daylight","Rear End","02","Driver Rider","2: MI","Roundabout","","",1333935.99,1669099.19,"13339361669099"
"2017-1320-27/05/2021","3 Country","KOORINE","5279","WATTLE RANGE COUNCIL",1,1,0,1,0,2017,"January","Saturday","05:30 pm","100","Not Divided","Straight road","Level","Not Applicable","Unsealed","Dry","Not Raining","Daylight","Roll Over","01","Driver Rider","3: SI","No Control","","",1496030.23,1360527.48,"14960301360527"
"2017-1321-27/05/2021","2 Metropolitan","URRBRAE","5064","CC MITCHAM.                   ",3,1,0,0,1,2017,"February","Thursday","09:05 am","060","Divided Road","Straight road","Level","Not Applicable","Sealed","Dry","Not Raining","Daylight","Hit Fixed Object","01","Driver Rider","2: MI","No Control","","",1331573.55,1666314.92,"13315741666315"
"2017-1322-27/05/2021","2 Metropolitan","SALISBURY NORTH","5108","CITY OF SALISBURY",4,1,0,0,1,2017,"February","Friday","01:00 pm","060","Not Divided","Straight road","Level","Unknown","Sealed","Dry","Not Raining","Daylight","Rear End","01","Driver Rider","2: MI","No Control","","",1331293.06,1689921.76,"13312931689922"
"2017-1323-27/05/2021","2 Metropolitan","BRIDGEWATER","5155","THE ADELAIDE HILLS COUNCIL",2,0,0,0,0,2017,"February","Thursday","03:20 pm","050","Not Divided","Straight road","Level","Not Applicable","Sealed","Dry","Not Raining","Daylight","Hit Parked Vehicle","01","Driver Rider","1: PDO","No Control","","",1343056.09,1661326.89,"13430561661327"
"2017-1324-27/05/2021","2 Metropolitan","BRIGHTON","5048","CITY OF HOLDFAST BAY",2,1,0,0,1,2017,"February","Thursday","08:10 pm","050","T-Junction","Straight road","Level","Not Applicable","Sealed","Dry","Not Raining","Daylight","Right Angle","02","Driver Rider","2: MI","Roundabout","","",1320379.49,1660782.81,"13203791660783"
"2017-1325-27/05/2021","2 Metropolitan","GLENSIDE","5065","CITY OF BURNSIDE",2,0,0,0,0,2017,"February","Friday","02:00 am","060","Divided Road","Straight road","Level","Roadworks","Sealed","Dry","Not Raining","Night","Hit Parked Vehicle","01","Driver Rider","1: PDO","No Control","","",1330698.42,1668747.02,"13306981668747"
"2017-1326-27/05/2021","2 Metropolitan","VIRGINIA","5120","CITY OF PLAYFORD.",2,0,0,0,0,2017,"February","Thursday","04:20 pm","090","T-Junction","CURVED, VIEW OPEN","Level","Not Applicable","Sealed","Dry","Not Raining","Daylight","Right Angle","01","Driver Rider","1: PDO","Give Way Sign","","",1326421.71,1696569.21,"13264221696569"
"2017-1327-27/05/2021","3 Country","WHYALLA BARSON","5601","CC WHYALLA.                   ",1,0,0,0,0,2017,"February","Friday","12:55 pm","110","Not Divided","Straight road","Level","Not Applicable","Sealed","Dry","Not Raining","Daylight","Roll Over","01","Driver Rider","1: PDO","No Control","","",1240383.19,1890584.49,"12403831890584"
"2017-1328-27/05/2021","2 Metropolitan","MUNNO PARA","5115","CITY OF PLAYFORD.",4,0,0,0,0,2017,"February","Thursday","06:20 pm","060","Divided Road","Straight road","Level","Not Applicable","Sealed","Dry","Not Raining","Daylight","Rear End","01","Driver Rider","1: PDO","No Control","","",1337112.73,1698295.15,"13371131698295"
"2017-1329-27/05/2021","3 Country","LANGHORNE CREEK","5255","ALEXANDRINA COUNCIL",2,0,0,0,0,2017,"February","Thursday","07:00 am","050","Not Divided","Unknown","Unknown","Driveway or Entrance","Unsealed","Unknown","Unknown","Daylight","Right Angle","02","Driver Rider","1: PDO","No Control","","",1371343.69,1624672.86,"13713441624673"
"2017-1330-27/05/2021","2 Metropolitan","ELIZABETH PARK","5113","CITY OF PLAYFORD.",2,0,0,0,0,2017,"February","Friday","02:20 pm","060","Cross Road","Straight road","Level","Not Applicable","Sealed","Dry","Not Raining","Daylight","Rear End","02","Driver Rider","1: PDO","Roundabout","","",1337679.14,1694576.4,"13376791694576"
"2017-1331-27/05/2021","2 Metropolitan","HIGHBURY","5089","CITY OF TEA TREE GULLY",2,0,0,0,0,2017,"February","Thursday","08:20 pm","060","T-Junction","CURVED, VIEW OBSCURED","Slope","Not Applicable","Sealed","Dry","Not Raining","Night","Rear End","02","Driver Rider","1: PDO","No Control","","",1336795.71,1677863.88,"13367961677864"
"2017-1332-27/05/2021","2 Metropolitan","HOLDEN HILL","5088","CITY OF PORT ADELAIDE ENFIELD",2,1,0,0,1,2017,"February","Friday","12:59 pm","060","Divided Road","Straight road","Level","Not Applicable","Sealed","Dry","Not Raining","Daylight","Rear End","01","Driver Rider","2: MI","No Control","","",1334351.62,1678351.38,"13343521678351"
"2017-1333-27/05/2021","2 Metropolitan","THEBARTON","5031","CITY OF WEST TORRENS",2,0,0,0,0,2017,"February","Friday","04:00 pm","060","Divided Road","Straight road","Level","Not Applicable","Sealed","Dry","Not Raining","Daylight","Side Swipe","01","Driver Rider","1: PDO","No Control","","",1326582.91,1671638.77,"13265831671639"
"2017-1334-27/05/2021","3 Country","MOUNT GAMBIER","5290","CC MT.GAMBIER.                ",2,0,0,0,0,2017,"February","Friday","03:35 pm","060","Not Divided","Straight road","Crest of Hill","Not Applicable","Sealed","Dry","Not Raining","Daylight","Rear End","02","Driver Rider","1: PDO","No Control","","",1510395.16,1340838.46,"15103951340838"
"2017-1335-27/05/2021","2 Metropolitan","THEBARTON","5000","CITY OF WEST TORRENS",2,1,0,0,1,2017,"February","Friday","03:50 pm","060","Divided Road","Straight road","Level","Not Applicable","Sealed","Dry","Not Raining","Daylight","Rear End","01","Driver Rider","2: MI","No Control","","",1326571.86,1671741.4,"13265721671741"
"2017-1336-27/05/2021","2 Metropolitan","ELIZABETH GROVE","5112","CITY OF PLAYFORD.",4,0,0,0,0,2017,"February","Friday","03:10 pm","080","Divided Road","Straight road","Level","Not Applicable","Sealed","Dry","Not Raining","Daylight","Rear End","01","Driver Rider","1: PDO","No Control","","",1336115.07,1691679.2,"13361151691679"
"2017-1337-27/05/2021","3 Country","LINCOLN GAP","5715",,1,0,0,0,0,2017,"February","Friday","04:30 pm","110","Not Divided","Straight road","Level","Not Applicable","Sealed","Dry","Not Raining","Daylight","Roll Over","01","Driver Rider","1: PDO","No Control","","",1242393.57,1930159.2,"12423941930159"
"2017-1338-27/05/2021","2 Metropolitan","CLARENCE GARDENS","5039","CC MITCHAM.                   ",2,1,0,0,1,2017,"February","Friday","02:08 pm","060","T-Junction","Straight road","Level","Not Applicable","Sealed","Dry","Not Raining","Daylight","Right Turn","01","Driver Rider","2: MI","No Control","","",1325908.81,1665077.85,"13259091665078"
"2017-1339-27/05/2021","2 Metropolitan","BANKSIA PARK","5091","CITY OF TEA TREE GULLY",2,1,0,0,1,2017,"February","Friday","06:40 pm","050","Not Divided","Straight road","Slope","Not Applicable","Sealed","Dry","Not Raining","Daylight","Hit Parked Vehicle","01","Driver Rider","2: MI","No Control","","",1340817.91,1683396.11,"13408181683396"
"2017-1340-27/05/2021","2 Metropolitan","VERDUN","5245","THE ADELAIDE HILLS COUNCIL",2,0,0,0,0,2017,"February","Friday","04:08 pm","110","Ramp Off","CURVED, VIEW OPEN","Slope","Not Applicable","Sealed","Dry","Not Raining","Daylight","Hit Fixed Object","01","Driver Rider","1: PDO","No Control","Y","",1344932.52,1659974.66,"13449331659975"
"2017-1341-27/05/2021","2 Metropolitan","INGLE FARM","5098","CITY OF SALISBURY",4,1,0,0,1,2017,"February","Friday","08:00 pm","070","Divided Road","Straight road","Slope","Not Applicable","Sealed","Dry","Not Raining","Daylight","Rear End","01","Driver Rider","2: MI","No Control","Y","",1332168.9,1681759.43,"13321691681759"
"2017-1342-27/05/2021","3 Country","SHEA - OAK LOG","5371","LIGHT REGIONAL COUNCIL",2,0,0,0,0,2017,"February","Friday","08:50 pm","100","Cross Road","Straight road","Level","Not Applicable","Sealed","Dry","Not Raining","Night","Rear End","01","Driver Rider","1: PDO","Stop Sign","","",1345589.38,1713688.99,"13455891713689"
"2017-1343-27/05/2021","3 Country","KANGAROO INN","5280","WATTLE RANGE COUNCIL",2,2,1,1,0,2017,"February","Friday","04:15 pm","110","Not Divided","Straight road","Level","Not Applicable","Sealed","Dry","Not Raining","Daylight","Head On","01","Driver Rider","4: Fatal","No Control","Y","",1458423.47,1398906.83,"14584231398907"
"2017-1344-27/05/2021","2 Metropolitan","GLENELG NORTH","5045","CITY OF HOLDFAST BAY",4,0,0,0,0,2017,"February","Friday","11:30 pm","050","Not Divided","Straight road","Level","Not Applicable","Sealed","Dry","Not Raining","Night","Hit Fixed Object","01","Driver Rider","1: PDO","No Control","Y","",1321107.32,1665767.04,"13211071665767"
"2017-1345-27/05/2021","2 Metropolitan","FORRESTON","5233","THE ADELAIDE HILLS COUNCIL",2,1,0,0,1,2017,"February","Saturday","05:48 am","080","Not Divided","Straight road","Slope","Bridge, Culvert, Causeway","Unsealed","Dry","Not Raining","Night","Hit Fixed Object","01","Driver Rider","2: MI","No Control","","",1358123.66,1682584.39,"13581241682584"
"2017-1346-27/05/2021","2 Metropolitan","GLENELG NORTH","5045","CITY OF HOLDFAST BAY",2,1,0,0,1,2017,"February","Friday","10:00 am","060","T-Junction","CURVED, VIEW OPEN","Level","Not Applicable","Sealed","Dry","Not Raining","Daylight","Rear End","02","Driver Rider","2: MI","No Control","","",1320810.08,1665705.31,"13208101665705"
"2017-1347-27/05/2021","2 Metropolitan","NOVAR GARDENS","5040","CITY OF WEST TORRENS",2,1,0,0,1,2017,"February","Friday","05:20 pm","025","Divided Road","Straight road","Level","Not Applicable","Sealed","Dry","Not Raining","Daylight","Hit Pedestrian","02","Pedestrian","2: MI","No Control","","",1322627.51,1665664.4,"13226281665664"
"2017-1348-27/05/2021","2 Metropolitan","NORTH PLYMPTON","5037","CITY OF WEST TORRENS",2,0,0,0,0,2017,"February","Saturday","07:55 am","050","Not Divided","Straight road","Level","Not Applicable","Sealed","Dry","Not Raining","Daylight","Hit Parked Vehicle","01","Driver Rider","1: PDO","No Control","","",1324627.82,1668124.34,"13246281668124"
"2017-1349-27/05/2021","2 Metropolitan","HENLEY BEACH","5022","CITY OF CHARLES STURT",2,1,0,0,1,2017,"February","Saturday","08:45 am","040","Not Divided","Straight road","Level","Not Applicable","Sealed","Dry","Not Raining","Daylight","Hit Parked Vehicle","02","Driver Rider","2: MI","No Control","","",1318839.74,1671881.81,"13188401671882"
"2017-1350-27/05/2021","1 City","NORTH ADELAIDE","5006","CITY OF ADELAIDE",2,1,0,0,1,2017,"February","Friday","09:05 pm","060","Cross Road","Straight road","Level","Not Applicable","Sealed","Dry","Not Raining","Night","Rear End","02","Driver Rider","2: MI","Traffic Signals","","",1327668.37,1673224.8,"13276681673225"
"2017-1351-27/05/2021","2 Metropolitan","PENNINGTON","5013","CITY OF PORT ADELAIDE ENFIELD",2,0,0,0,0,2017,"February","Saturday","09:30 am","060","Not Divided","Straight road","Level","Not Applicable","Sealed","Dry","Not Raining","Daylight","Hit Parked Vehicle","01","Driver Rider","1: PDO","No Control","","",1322284.71,1678944.76,"13222851678945"
"2017-1352-27/05/2021","3 Country","YUNTA","5440",,1,0,0,0,0,2017,"February","Friday","02:30 pm","110","Not Divided","Straight road","Level","Not Applicable","Unsealed","Dry","Not Raining","Daylight","Roll Over","01","Driver Rider","1: PDO","No Control","","",1418975.29,1920744.49,"14189751920744"
"2017-1353-27/05/2021","2 Metropolitan","MCLAREN VALE","5171","CITY OF ONKAPARINGA",1,1,0,0,1,2017,"February","Saturday","11:30 am","080","Not Divided","CURVED, VIEW OPEN","Bottom of Hill","Not Applicable","Sealed","Dry","Not Raining","Daylight","Roll Over","01","Driver Rider","2: MI","No Control","","",1327019.11,1636449.8,"13270191636450"
"2017-1354-27/05/2021","2 Metropolitan","NETLEY","5037","CITY OF WEST TORRENS",3,1,0,0,1,2017,"February","Saturday","11:30 am","050","Not Divided","Straight road","Level","Driveway or Entrance","Sealed","Dry","Not Raining","Daylight","Side Swipe","02","Driver Rider","2: MI","No Control","","",1323713.31,1667973.34,"13237131667973"
"2017-1355-27/05/2021","3 Country","MOUNT GAMBIER","5290","CC MT.GAMBIER.                ",2,0,0,0,0,2017,"February","Saturday","12:20 pm","060","Not Divided","Straight road","Level","Not Applicable","Sealed","Dry","Not Raining","Daylight","Rear End","02","Driver Rider","1: PDO","No Control","","",1511327.46,1338679.9,"15113271338680"
"2017-1356-27/05/2021","2 Metropolitan","POORAKA","5095","CITY OF SALISBURY",2,1,0,0,1,2017,"February","Friday","07:30 pm","050","Not Divided","Straight road","Level","Driveway or Entrance","Sealed","Dry","Not Raining","Daylight","Hit Pedestrian","01","Driver Rider","2: MI","No Control","","",1330974.57,1681566.35,"13309751681566"
"2017-1357-27/05/2021","2 Metropolitan","PENNINGTON","5013","CITY OF CHARLES STURT",2,1,0,0,1,2017,"February","Saturday","08:40 am","050","Not Divided","Straight road","Level","Not Applicable","Sealed","Dry","Not Raining","Daylight","Hit Fixed Object","01","Driver Rider","2: MI","No Control","","",1322450.45,1678819.43,"13224501678819"
"2017-1358-27/05/2021","2 Metropolitan","NAILSWORTH","5083","CITY OF PROSPECT",2,0,0,0,0,2017,"February","Friday","03:45 pm","060","Divided Road","Straight road","Level","Not Applicable","Sealed","Dry","Not Raining","Daylight","Side Swipe","02","Driver Rider","1: PDO","No Control","","",1328894.46,1675318.38,"13288941675318"
"2017-1359-27/05/2021","2 Metropolitan","FULLARTON","5063","CITY OF UNLEY",3,2,0,1,1,2017,"February","Friday","07:40 pm","060","Not Divided","Straight road","Level","Not Applicable","Sealed","Dry","Not Raining","Daylight","Side Swipe","01","Driver Rider","3: SI","No Control","","",1331140.62,1667988.63,"13311411667989"
"2017-1360-27/05/2021","2 Metropolitan","BRIDGEWATER","5155","THE ADELAIDE HILLS COUNCIL",5,0,0,0,0,2017,"February","Thursday","04:30 pm","050","Not Divided","CURVED, VIEW OPEN","Slope","Driveway or Entrance","Sealed","Dry","Not Raining","Daylight","Rear End","02","Driver Rider","1: PDO","No Control","","",1343843.22,1660450.54,"13438431660451"
"2017-1361-27/05/2021","2 Metropolitan","HOLDEN HILL","5088","CITY OF PORT ADELAIDE ENFIELD",2,0,0,0,0,2017,"February","Friday","08:40 pm","060","Divided Road","CURVED, VIEW OPEN","Slope","Not Applicable","Sealed","Dry","Not Raining","Night","Hit Fixed Object","01","Driver Rider","1: PDO","No Control","","",1333943.44,1678198.63,"13339431678199"
"2017-1362-27/05/2021","3 Country","WARNERTOWN","5540","PT.PIRIE CITY & DIST. COUNCIL ",1,0,0,0,0,2017,"February","Friday","11:10 pm","110","Not Divided","CURVED, VIEW OBSCURED","Bottom of Hill","Not Applicable","Sealed","Dry","Not Raining","Night","Roll Over","01","Driver Rider","1: PDO","No Control","","",1294910.44,1855197.69,"12949101855198"
"2017-1363-27/05/2021","2 Metropolitan","GLENELG SOUTH","5045","CITY OF HOLDFAST BAY",2,0,0,0,0,2017,"February","Saturday","03:55 pm","050","Cross Road","Straight road","Level","Not Applicable","Sealed","Dry","Not Raining","Daylight","Right Angle","01","Driver Rider","1: PDO","Roundabout","","",1320389.07,1664329.24,"13203891664329"
"2017-1364-27/05/2021","2 Metropolitan","RIDLEYTON","5008","CITY OF CHARLES STURT",2,1,0,1,0,2017,"February","Saturday","01:30 pm","050","Not Divided","Straight road","Level","Not Applicable","Sealed","Dry","Not Raining","Daylight","Hit Pedestrian","02","Pedestrian","3: SI","No Control","","",1325887.44,1674169.33,"13258871674169"
"2017-1365-27/05/2021","1 City","NORTH ADELAIDE","5006","CITY OF ADELAIDE",2,1,0,0,1,2017,"February","Saturday","03:05 pm","050","Cross Road","Straight road","Level","Not Applicable","Sealed","Dry","Not Raining","Daylight","Rear End","02","Driver Rider","2: MI","Traffic Signals","","",1328276.35,1672578.74,"13282761672579"
"2017-1366-27/05/2021","3 Country","BERRI","5343","THE BERRI BARMERA COUNCIL",2,1,0,1,0,2017,"February","Wednesday","03:00 pm","050","Cross Road","Straight road","Level","Not Applicable","Sealed","Dry","Not Raining","Daylight","Right Angle","02","Driver Rider","3: SI","Give Way Sign","","",1514910.45,1735670.99,"15149101735671"
"2017-1367-27/05/2021","2 Metropolitan","PARK HOLME","5043","CC MARION.                    ",2,1,0,0,1,2017,"February","Saturday","10:00 pm","050","T-Junction","Straight road","Level","Not Applicable","Sealed","Dry","Not Raining","Night","Hit Fixed Object","01","Driver Rider","2: MI","Give Way Sign","","",1323510.16,1663334.89,"13235101663335"
"2017-1368-27/05/2021","3 Country","KOHINOOR","5223","KANGAROO ISLAND COUNCIL",1,1,0,0,1,2017,"February","Thursday","12:30 pm","110","Not Divided","Straight road","Bottom of Hill","Not Applicable","Sealed","Dry","Not Raining","Daylight","Left Road - Out of Control","01","Driver Rider","2: MI","No Control","","",1218125.49,1582741.74,"12181251582742"
"2017-1369-27/05/2021","2 Metropolitan","PROSPECT","5082","CITY OF PROSPECT",4,0,0,0,0,2017,"February","Saturday","12:30 pm","050","Not Divided","Straight road","Slope","Driveway or Entrance","Sealed","Dry","Not Raining","Daylight","Hit Fixed Object","01","Driver Rider","1: PDO","No Control","","",1327868.03,1676567.9,"13278681676568"
"2017-1370-27/05/2021","2 Metropolitan","STURT","5047","CC MARION.                    ",2,0,0,0,0,2017,"February","Sunday","07:00 am","060","Divided Road","Straight road","Slope","Not Applicable","Sealed","Dry","Not Raining","Daylight","Hit Fixed Object","01","Driver Rider","1: PDO","No Control","","",1323838.95,1659836.03,"13238391659836"