"REPORT_ID","Stats Area","Suburb","Postcode","LGA Name","Total Units","Total Cas","Total Fats","Total SI","Total MI","Year","Month","Day","Time","Area Speed","Position Type","Horizontal Align","Vertical Align","Other Feat","Road Surface","Moisture Cond","Weather Cond","DayNight","Crash Type","Unit Resp","Entity Code","CSEF Severity","Traffic Ctrls","DUI Involved","Drugs Involved","ACCLOC_X","ACCLOC_Y","UNIQUE_LOC"
"2017-1611-27/05/2021","2 Metropolitan","BLAKEVIEW","5114","CITY OF PLAYFORD.",3,1,0,0,1,2017,"February","Saturday","04:15 pm","050","Not Divided","Straight road","Level","Not Applicable","Sealed","Dry","Not Raining","Daylight","Hit Parked Vehicle","02","Driver Rider","2: MI","No Control","Y","",1338721.74,1697043.56,"13387221697044"
"2017-1612-27/05/2021","1 City","ADELAIDE","5000","CITY OF ADELAIDE",2,4,0,0,4,2017,"February","Saturday","04:00 pm","050","Cross Road","Straight road","Level","Not Applicable","Sealed","Dry","Not Raining","Daylight","Right Turn","01","Driver Rider","2: MI","Traffic Signals","","",1327951.24,1669556.92,"13279511669557"
"2017-1613-27/05/2021","2 Metropolitan","PAYNEHAM","5070","CC OF NORWOOD,PAYNEHAM & ST PETERS",2,0,0,0,0,2017,"February","Saturday","06:30 pm","060","Cross Road","Straight road","Level","Not Applicable","Sealed","Dry","Not Raining","Daylight","Rear End","02","Driver Rider","1: PDO","Traffic Signals","","",1332162.99,1673774.81,"13321631673775"
"2017-1614-27/05/2021","2 Metropolitan","MODBURY","5092","CITY OF TEA TREE GULLY",2,1,0,0,1,2017,"February","Saturday","07:55 pm","060","T-Junction","Straight road","Level","Not Applicable","Sealed","Dry","Not Raining","Daylight","Right Angle","01","Driver Rider","2: MI","Traffic Signals","","",1336192.6,1680407.52,"13361931680408"
"2017-1615-27/05/2021","2 Metropolitan","EDWARDSTOWN","5039","CC MARION.                    ",2,0,0,0,0,2017,"February","Saturday","10:00 pm","060","Divided Road","Straight road","Level","Not Applicable","Sealed","Dry","Not Raining","Night","Hit Fixed Object","01","Driver Rider","1: PDO","No Control","","",1325108.46,1666135.03,"13251081666135"
"2017-1616-27/05/2021","3 Country","GREENOCK","5360","LIGHT REGIONAL COUNCIL",1,1,0,1,0,2017,"February","Sunday","01:20 am","110","Divided Road","Straight road","Level","Unknown","Sealed","Dry","Not Raining","Night","Other","01","Passenger","3: SI","No Control","","",1360644.01,1720398.53,"13606441720399"
"2017-1617-27/05/2021","2 Metropolitan","SALISBURY PLAIN","5109","CITY OF SALISBURY",2,0,0,0,0,2017,"February","Sunday","12:30 am","050","Not Divided","Straight road","Level","Not Applicable","Sealed","Dry","Not Raining","Night","Hit Parked Vehicle","01","Driver Rider","1: PDO","No Control","","",1334024.1,1687872.61,"13340241687873"
"2017-1618-27/05/2021","2 Metropolitan","HAMPSTEAD GARDENS","5086","CITY OF PORT ADELAIDE ENFIELD",2,0,0,0,0,2017,"February","Saturday","10:00 pm","050","T-Junction","Straight road","Level","Not Applicable","Sealed","Dry","Not Raining","Night","Side Swipe","01","Driver Rider","1: PDO","No Control","","",1330934.22,1675768.82,"13309341675769"
"2017-1619-27/05/2021","2 Metropolitan","INGLE FARM","5098","CITY OF SALISBURY",2,0,0,0,0,2017,"February","Saturday","11:10 am","060","Not Divided","Straight road","Level","Not Applicable","Sealed","Dry","Not Raining","Daylight","Hit Parked Vehicle","01","Driver Rider","1: PDO","No Control","","",1331890.96,1681494.92,"13318911681495"
"2017-1620-27/05/2021","2 Metropolitan","ENFIELD","5085","CITY OF PORT ADELAIDE ENFIELD",2,0,0,0,0,2017,"February","Saturday","12:55 pm","050","T-Junction","Straight road","Level","Not Applicable","Sealed","Dry","Not Raining","Daylight","Side Swipe","01","Driver Rider","1: PDO","No Control","","",1329047.23,1678610.72,"13290471678611"
"2017-1621-27/05/2021","2 Metropolitan","PENFIELD","5121","CITY OF PLAYFORD.",2,0,0,0,0,2017,"February","Saturday","12:40 pm","080","Not Divided","Straight road","Level","Not Applicable","Sealed","Dry","Not Raining","Daylight","Head On","01","Driver Rider","1: PDO","No Control","","",1329999.32,1696969.15,"13299991696969"
"2017-1622-27/05/2021","1 City","ADELAIDE","5000","CITY OF ADELAIDE",2,0,0,0,0,2017,"February","Saturday","01:45 pm","050","Divided Road","Straight road","Level","Not Applicable","Sealed","Dry","Not Raining","Daylight","Rear End","02","Driver Rider","1: PDO","No Control","","",1327923.83,1670563.2,"13279241670563"
"2017-1623-27/05/2021","2 Metropolitan","CAMDEN PARK","5038","CITY OF WEST TORRENS",2,0,0,0,0,2017,"February","Sunday","10:15 am","060","T-Junction","Straight road","Level","Not Applicable","Sealed","Wet","Raining","Daylight","Rear End","02","Driver Rider","1: PDO","No Control","","",1322621.3,1665894.47,"13226211665894"
"2017-1624-27/05/2021","2 Metropolitan","HAWTHORNDENE","5051","CC MITCHAM.                   ",2,0,0,0,0,2017,"February","Saturday","05:00 pm","050","Not Divided","Straight road","Level","Not Applicable","Sealed","Dry","Not Raining","Daylight","Hit Parked Vehicle","01","Driver Rider","1: PDO","No Control","","",1331495.84,1659811.11,"13314961659811"
"2017-1625-27/05/2021","2 Metropolitan","FULHAM","5024","CITY OF WEST TORRENS",2,0,0,0,0,2017,"February","Sunday","02:00 am","040","Not Divided","CURVED, VIEW OBSCURED","Level","Not Applicable","Sealed","Wet","Raining","Night","Hit Fixed Object","01","Driver Rider","1: PDO","No Control","","",1320223.1,1671240.46,"13202231671240"
"2017-1626-27/05/2021","2 Metropolitan","WALKLEY HEIGHTS","5098","CITY OF SALISBURY",2,1,0,0,1,2017,"February","Sunday","10:35 am","060","T-Junction","Straight road","Level","Not Applicable","Sealed","Wet","Raining","Daylight","Right Turn","01","Driver Rider","2: MI","Traffic Signals","","",1331258.29,1680682.96,"13312581680683"
"2017-1627-27/05/2021","3 Country","ANGASTON","5353","THE BAROSSA COUNCIL.",2,0,0,0,0,2017,"February","Sunday","06:45 am","100","Not Divided","CURVED, VIEW OPEN","Level","Not Applicable","Sealed","Wet","Not Raining","Night","Hit Fixed Object","01","Driver Rider","1: PDO","No Control","","",1370133.72,1708586.02,"13701341708586"
"2017-1628-27/05/2021","3 Country","LANGHORNE CREEK","5255","RC MURRAY BRIDGE.             ",1,0,0,0,0,2017,"February","Sunday","09:30 am","100","Not Divided","Straight road","Level","Not Applicable","Unsealed","Dry","Not Raining","Daylight","Roll Over","01","Driver Rider","1: PDO","No Control","","",1374458.51,1634514.05,"13744591634514"
"2017-1629-27/05/2021","2 Metropolitan","BRIGHTON","5048","CITY OF HOLDFAST BAY",2,0,0,0,0,2017,"February","Sunday","11:00 am","060","Pedestrian Crossing","Straight road","Level","Not Applicable","Sealed","Dry","Not Raining","Daylight","Hit Fixed Object","01","Driver Rider","1: PDO","Traffic Signals","","",1321158.7,1660200.1,"13211591660200"
"2017-1630-27/05/2021","2 Metropolitan","ROYSTON PARK","5070","CC OF NORWOOD,PAYNEHAM & ST PETERS",2,1,0,0,1,2017,"February","Sunday","11:10 am","050","Cross Road","Straight road","Level","Not Applicable","Sealed","Dry","Not Raining","Daylight","Right Angle","01","Driver Rider","2: MI","Give Way Sign","","",1331261.95,1673794.07,"13312621673794"
"2017-1631-27/05/2021","2 Metropolitan","SOUTH PLYMPTON","5038","CC MARION.                    ",2,1,0,0,1,2017,"February","Saturday","04:50 pm","060","Divided Road","Straight road","Level","Not Applicable","Sealed","Dry","Not Raining","Daylight","Rear End","02","Driver Rider","2: MI","No Control","","",1324238.92,1666074.57,"13242391666075"
"2017-1632-27/05/2021","2 Metropolitan","HUNTFIELD HEIGHTS","5163","CITY OF ONKAPARINGA",2,0,0,0,0,2017,"January","Friday","04:00 am","050","Not Divided","Straight road","Level","Not Applicable","Sealed","Dry","Not Raining","Night","Hit Parked Vehicle","01","Driver Rider","1: PDO","No Control","","",1320060.47,1646087.97,"13200601646088"
"2017-1633-27/05/2021","2 Metropolitan","EVANSTON PARK","5116","CT GAWLER.                    ",2,1,0,0,1,2017,"February","Sunday","12:14 pm","060","Divided Road","Straight road","Level","Driveway or Entrance","Sealed","Dry","Not Raining","Daylight","Right Turn","02","Driver Rider","2: MI","No Control","","",1342261.79,1703734.33,"13422621703734"
"2017-1634-27/05/2021","2 Metropolitan","SAMPSON FLAT","5114","CITY OF PLAYFORD.",2,0,0,0,0,2017,"February","Sunday","10:50 am","100","Not Divided","CURVED, VIEW OBSCURED","Slope","Not Applicable","Sealed","Wet","Not Raining","Daylight","Hit Fixed Object","01","Driver Rider","1: PDO","No Control","","",1347387.35,1691013.78,"13473871691014"
"2017-1635-27/05/2021","2 Metropolitan","GOODWOOD","5034","CITY OF UNLEY",2,0,0,0,0,2017,"February","Sunday","12:30 pm","060","Divided Road","Straight road","Level","Not Applicable","Sealed","Wet","Raining","Daylight","Rear End","01","Driver Rider","1: PDO","No Control","","",1327451.98,1668115.45,"13274521668115"
"2017-1636-27/05/2021","2 Metropolitan","ENFIELD","5085","CITY OF PORT ADELAIDE ENFIELD",2,1,0,0,1,2017,"February","Sunday","01:45 pm","060","Divided Road","Straight road","Slope","Not Applicable","Sealed","Dry","Not Raining","Daylight","Rear End","02","Driver Rider","2: MI","No Control","","",1328851.88,1676952.06,"13288521676952"
"2017-1637-27/05/2021","2 Metropolitan","NOARLUNGA DOWNS","5168","CITY OF ONKAPARINGA",2,0,0,0,0,2017,"January","Friday","04:00 am","060","Divided Road","Straight road","Level","Bridge, Culvert, Causeway","Sealed","Dry","Not Raining","Night","Hit Fixed Object","01","Driver Rider","1: PDO","No Control","Y","",1317763.73,1646873.27,"13177641646873"
"2017-1638-27/05/2021","2 Metropolitan","CHELTENHAM","5014","CITY OF CHARLES STURT",2,3,0,0,3,2017,"February","Sunday","02:00 pm","060","Not Divided","Straight road","Level","Not Applicable","Sealed","Dry","Not Raining","Daylight","Right Turn","01","Driver Rider","2: MI","No Control","","",1322171.54,1676803.78,"13221721676804"
"2017-1639-27/05/2021","2 Metropolitan","PENNINGTON","5013","CITY OF CHARLES STURT",2,0,0,0,0,2017,"February","Sunday","03:00 pm","050","Not Divided","CURVED, VIEW OPEN","Level","Not Applicable","Sealed","Dry","Not Raining","Daylight","Hit Fixed Object","01","Driver Rider","1: PDO","No Control","","",1322945.29,1678936,"13229451678936"
"2017-1640-27/05/2021","2 Metropolitan","KESWICK","5035","CITY OF WEST TORRENS",2,1,0,0,1,2017,"February","Sunday","04:40 pm","060","Cross Road","Straight road","Level","Not Applicable","Sealed","Dry","Not Raining","Daylight","Rear End","02","Driver Rider","2: MI","Traffic Signals","","",1325798.69,1668947.66,"13257991668948"
"2017-1641-27/05/2021","2 Metropolitan","BELAIR","5052","CC MITCHAM.                   ",2,1,0,0,1,2017,"February","Saturday","01:30 am","060","Not Divided","CURVED, VIEW OBSCURED","Slope","Unknown","Sealed","Dry","Not Raining","Night","Hit Fixed Object","01","Driver Rider","2: MI","No Control","","",1330495.61,1663013.16,"13304961663013"
"2017-1642-27/05/2021","2 Metropolitan","SALISBURY HEIGHTS","5109","CITY OF SALISBURY",2,1,0,0,1,2017,"February","Sunday","04:15 pm","050","Cross Road","Straight road","Slope","Not Applicable","Sealed","Dry","Not Raining","Daylight","Hit Fixed Object","01","Driver Rider","2: MI","Roundabout","","",1336651.19,1688619.98,"13366511688620"
"2017-1643-27/05/2021","2 Metropolitan","ROSEWATER","5013","CITY OF PORT ADELAIDE ENFIELD",2,0,0,0,0,2017,"February","Sunday","05:05 pm","050","Cross Road","Straight road","Level","Not Applicable","Sealed","Dry","Not Raining","Daylight","Right Angle","01","Driver Rider","1: PDO","Give Way Sign","","",1321625.72,1679324.65,"13216261679325"
"2017-1644-27/05/2021","2 Metropolitan","PAYNEHAM","5070","CC OF NORWOOD,PAYNEHAM & ST PETERS",2,0,0,0,0,2017,"February","Sunday","02:00 pm","060","Divided Road","Straight road","Level","Driveway or Entrance","Sealed","Dry","Not Raining","Daylight","Right Angle","02","Driver Rider","1: PDO","No Control","","",1332107.2,1673718.42,"13321071673718"
"2017-1645-27/05/2021","3 Country","WILMINGTON","5485","DC MT.REMARKABLE.             ",1,2,0,0,2,2017,"February","Sunday","06:30 pm","100","Not Divided","CURVED, VIEW OBSCURED","Slope","Not Applicable","Sealed","Dry","Not Raining","Daylight","Roll Over","01","Driver Rider","2: MI","No Control","","",1285018.38,1924233.05,"12850181924233"
"2017-1646-27/05/2021","2 Metropolitan","GLENGOWRIE","5044","CC MARION.                    ",2,0,0,0,0,2017,"February","Monday","06:10 am","060","Divided Road","Straight road","Level","Not Applicable","Sealed","Dry","Not Raining","Night","Hit Parked Vehicle","01","Driver Rider","1: PDO","No Control","","",1321358.35,1664004.76,"13213581664005"
"2017-1647-27/05/2021","1 City","ADELAIDE","5000","CITY OF ADELAIDE",2,1,0,0,1,2017,"February","Friday","10:00 am","050","Divided Road","Straight road","Level","Not Applicable","Sealed","Dry","Not Raining","Daylight","Right Angle","02","Driver Rider","2: MI","No Control","","",1329469.26,1670385.51,"13294691670386"
"2017-1648-27/05/2021","2 Metropolitan","CRAIGMORE","5114","CITY OF PLAYFORD.",2,1,0,0,1,2017,"February","Sunday","01:00 pm","060","T-Junction","Straight road","Level","Not Applicable","Sealed","Dry","Not Raining","Daylight","Right Angle","01","Driver Rider","2: MI","No Control","","",1339489.2,1695608.51,"13394891695609"
"2017-1649-27/05/2021","2 Metropolitan","MOUNT BARKER","5251","DC MT.BARKER.                 ",2,0,0,0,0,2017,"February","Sunday","10:45 am","050","Not Divided","Straight road","Level","Not Applicable","Sealed","Dry","Not Raining","Daylight","Hit Parked Vehicle","01","Driver Rider","1: PDO","No Control","","",1350592.65,1652439.47,"13505931652439"
"2017-1650-27/05/2021","2 Metropolitan","PARK HOLME","5043","CC MARION.                    ",4,1,0,0,1,2017,"February","Monday","07:15 am","060","T-Junction","Straight road","Level","Not Applicable","Sealed","Dry","Not Raining","Daylight","Rear End","01","Driver Rider","2: MI","No Control","","",1324290.69,1664433.91,"13242911664434"
"2017-1651-27/05/2021","2 Metropolitan","ELIZABETH EAST","5112","CITY OF PLAYFORD.",2,2,0,0,2,2017,"February","Monday","10:20 am","060","T-Junction","CURVED, VIEW OPEN","Level","Not Applicable","Sealed","Dry","Not Raining","Daylight","Right Angle","01","Driver Rider","2: MI","No Control","","",1336923.76,1693083.13,"13369241693083"
"2017-1652-27/05/2021","2 Metropolitan","PROSPECT","5082","CITY OF PROSPECT",2,0,0,0,0,2017,"February","Monday","08:05 am","060","Cross Road","Straight road","Level","Not Applicable","Sealed","Dry","Not Raining","Daylight","Right Turn","02","Driver Rider","1: PDO","Traffic Signals","","",1328862.28,1676441.72,"13288621676442"
"2017-1653-27/05/2021","2 Metropolitan","NORTH PLYMPTON","5037","CITY OF WEST TORRENS",2,1,0,0,1,2017,"February","Monday","07:35 am","050","Not Divided","Straight road","Level","Driveway or Entrance","Sealed","Dry","Not Raining","Daylight","Right Angle","01","Driver Rider","2: MI","No Control","","",1324540.66,1668057.65,"13245411668058"
"2017-1654-27/05/2021","2 Metropolitan","WEST BEACH","5024","CITY OF WEST TORRENS",2,0,0,0,0,2017,"February","Monday","10:30 am","080","T-Junction","Straight road","Level","Not Applicable","Sealed","Dry","Not Raining","Daylight","Side Swipe","01","Driver Rider","1: PDO","Give Way Sign","","",1320900.82,1669419.85,"13209011669420"
"2017-1655-27/05/2021","3 Country","STANSBURY","5582","YORKE PENINSULA COUNCIL",2,1,0,0,1,2017,"February","Wednesday","03:30 am","100","Not Divided","CURVED, VIEW OPEN","Level","Not Applicable","Sealed","Dry","Not Raining","Night","Hit Fixed Object","01","Driver Rider","2: MI","No Control","Y","",1252682.74,1673058.27,"12526831673058"
"2017-1656-27/05/2021","2 Metropolitan","KANGARILLA","5157","CITY OF ONKAPARINGA",2,0,0,0,0,2017,"February","Monday","07:15 am","080","Not Divided","CURVED, VIEW OPEN","Slope","Not Applicable","Sealed","Dry","Not Raining","Daylight","Hit Fixed Object","01","Driver Rider","1: PDO","No Control","","",1331542.33,1644734.83,"13315421644735"
"2017-1657-27/05/2021","2 Metropolitan","VALE PARK","5081","WALKERVILLE TOWN COUNCIL",3,0,0,0,0,2017,"February","Monday","07:25 am","060","Cross Road","Straight road","Level","Not Applicable","Sealed","Dry","Not Raining","Daylight","Side Swipe","01","Driver Rider","1: PDO","Traffic Signals","","",1330645.93,1675348.15,"13306461675348"
"2017-1658-27/05/2021","2 Metropolitan","BROOKLYN PARK","5032","CITY OF WEST TORRENS",2,0,0,0,0,2017,"February","Monday","10:25 am","060","Cross Road","Straight road","Level","Not Applicable","Sealed","Dry","Not Raining","Daylight","Rear End","02","Driver Rider","1: PDO","Traffic Signals","","",1323131.39,1670090.51,"13231311670091"
"2017-1659-27/05/2021","2 Metropolitan","NORWOOD","5067","CC OF NORWOOD,PAYNEHAM & ST PETERS",2,0,0,0,0,2017,"February","Monday","10:30 am","060","Multiple","Straight road","Level","Not Applicable","Sealed","Dry","Not Raining","Daylight","Right Turn","02","Driver Rider","1: PDO","Traffic Signals","","",1330628.16,1671038.76,"13306281671039"
"2017-1660-27/05/2021","2 Metropolitan","HIGHGATE","5063","CITY OF UNLEY",3,0,0,0,0,2017,"February","Monday","08:20 am","060","Not Divided","Straight road","Level","Not Applicable","Sealed","Dry","Not Raining","Daylight","Side Swipe","02","Driver Rider","1: PDO","No Control","","",1330533.28,1666284.89,"13305331666285"
"2017-1661-27/05/2021","2 Metropolitan","SALISBURY PLAIN","5109","CITY OF SALISBURY",2,1,0,0,1,2017,"February","Monday","07:45 am","060","Cross Road","Straight road","Level","Not Applicable","Sealed","Dry","Not Raining","Daylight","Rear End","02","Driver Rider","2: MI","Traffic Signals","","",1335452.41,1688124.93,"13354521688125"
"2017-1662-27/05/2021","2 Metropolitan","MUNNO PARA","5115","CITY OF PLAYFORD.",2,0,0,0,0,2017,"February","Monday","01:00 pm","080","Divided Road","Straight road","Level","Not Applicable","Sealed","Dry","Not Raining","Daylight","Rear End","01","Driver Rider","1: PDO","No Control","","",1338295.76,1697862.9,"13382961697863"
"2017-1663-27/05/2021","2 Metropolitan","MAWSON LAKES","5095","CITY OF SALISBURY",2,0,0,0,0,2017,"February","Monday","02:00 pm","070","T-Junction","Straight road","Level","Not Applicable","Sealed","Dry","Not Raining","Daylight","Rear End","02","Driver Rider","1: PDO","Give Way Sign","","",1329252.14,1684034.21,"13292521684034"
"2017-1664-27/05/2021","2 Metropolitan","POORAKA","5095","CITY OF SALISBURY",2,0,0,0,0,2017,"February","Monday","01:30 pm","050","Not Divided","Straight road","Level","Not Applicable","Sealed","Dry","Not Raining","Daylight","Hit Parked Vehicle","02","Driver Rider","1: PDO","No Control","","",1331694.17,1683015.95,"13316941683016"
"2017-1665-27/05/2021","2 Metropolitan","MOANA","5169","CITY OF ONKAPARINGA",2,0,0,0,0,2017,"February","Friday","12:35 pm","070","T-Junction","Straight road","Level","Not Applicable","Sealed","Dry","Not Raining","Daylight","Rear End","02","Driver Rider","1: PDO","No Control","","",1316439.55,1639773.06,"13164401639773"
"2017-1666-27/05/2021","2 Metropolitan","ROSTREVOR","5073","CC CAMPBELLTOWN.              ",2,0,0,0,0,2017,"February","Monday","09:00 am","050","Not Divided","Straight road","Level","Not Applicable","Sealed","Dry","Not Raining","Daylight","Hit Parked Vehicle","02","Driver Rider","1: PDO","No Control","","",1335874.3,1674486.99,"13358741674487"
"2017-1667-27/05/2021","2 Metropolitan","WAYVILLE","5034","CITY OF UNLEY",2,0,0,0,0,2017,"February","Thursday","02:30 pm","060","Divided Road","Straight road","Level","Not Applicable","Sealed","Dry","Not Raining","Daylight","Hit Parked Vehicle","02","Driver Rider","1: PDO","No Control","","",1327831.3,1668926.72,"13278311668927"
"2017-1668-27/05/2021","2 Metropolitan","PROSPECT","5082","CITY OF PROSPECT",3,0,0,0,0,2017,"February","Monday","03:02 pm","060","Divided Road","Straight road","Level","Not Applicable","Sealed","Dry","Not Raining","Daylight","Rear End","01","Driver Rider","1: PDO","No Control","","",1327288.99,1674200.33,"13272891674200"
"2017-1669-27/05/2021","2 Metropolitan","HOUGHTON","5131","THE ADELAIDE HILLS COUNCIL",2,1,0,0,1,2017,"February","Sunday","01:00 pm","050","Not Divided","CURVED, VIEW OPEN","Slope","Not Applicable","Sealed","Wet","Raining","Daylight","Hit Fixed Object","09","Other","2: MI","No Control","","",1343606.39,1681040.43,"13436061681040"
"2017-1670-27/05/2021","2 Metropolitan","ELIZABETH PARK","5113","CITY OF PLAYFORD.",2,1,0,0,1,2017,"February","Monday","02:30 pm","080","Cross Road","Straight road","Level","Not Applicable","Sealed","Dry","Not Raining","Daylight","Right Turn","02","Driver Rider","2: MI","Traffic Signals","","",1335939.12,1693257.92,"13359391693258"
"2017-1671-27/05/2021","1 City","ADELAIDE","5000","CITY OF ADELAIDE",2,1,0,0,1,2017,"February","Monday","05:00 pm","050","Divided Road","Straight road","Level","Not Applicable","Sealed","Dry","Not Raining","Daylight","Hit Pedestrian","01","Pedestrian","2: MI","No Control","","",1328929.58,1670833.63,"13289301670834"
"2017-1672-27/05/2021","2 Metropolitan","GLANDORE","5037","CITY OF WEST TORRENS",2,0,0,0,0,2017,"February","Wednesday","11:45 pm","050","T-Junction","Straight road","Level","Not Applicable","Sealed","Dry","Not Raining","Night","Hit Fixed Object","01","Driver Rider","1: PDO","No Control","","",1325647.73,1667036.91,"13256481667037"
"2017-1673-27/05/2021","2 Metropolitan","ST IVES","5252","DC MT.BARKER.                 ",3,0,0,0,0,2017,"February","Monday","04:05 pm","110","Freeway","CURVED, VIEW OPEN","Slope","Not Applicable","Sealed","Dry","Not Raining","Daylight","Hit Fixed Object","01","Driver Rider","1: PDO","No Control","Y","",1362200.96,1649253.76,"13622011649254"
"2017-1674-27/05/2021","1 City","ADELAIDE","5000","CITY OF ADELAIDE",2,0,0,0,0,2017,"February","Monday","12:00 pm","050","Not Divided","Straight road","Level","Not Applicable","Sealed","Dry","Not Raining","Daylight","Side Swipe","01","Driver Rider","1: PDO","No Control","","",1329055.84,1669607.57,"13290561669608"
"2017-1675-27/05/2021","2 Metropolitan","BRAHMA LODGE","5109","CITY OF SALISBURY",2,0,0,0,0,2017,"February","Friday","01:30 pm","050","Not Divided","Straight road","Level","Not Applicable","Sealed","Dry","Not Raining","Daylight","Hit Parked Vehicle","01","Driver Rider","1: PDO","No Control","","",1334373.43,1687353.71,"13343731687354"
"2017-1676-27/05/2021","2 Metropolitan","KLEMZIG","5087","CITY OF PORT ADELAIDE ENFIELD",2,0,0,0,0,2017,"February","Monday","08:50 am","050","Not Divided","Straight road","Level","Not Applicable","Sealed","Dry","Not Raining","Daylight","Side Swipe","02","Driver Rider","1: PDO","No Control","","",1332514.3,1675967.83,"13325141675968"
"2017-1677-27/05/2021","3 Country","BOCONNOC PARK","5453","CLARE AND GILBERT VALLEYS DISTRICT COUNCIL",2,0,0,0,0,2017,"February","Monday","06:00 pm","100","Not Divided","CURVED, VIEW OBSCURED","Slope","Not Applicable","Sealed","Dry","Not Raining","Daylight","Hit Fixed Object","01","Driver Rider","1: PDO","No Control","","",1327877.2,1791019.38,"13278771791019"
"2017-1678-27/05/2021","2 Metropolitan","GILBERTON","5081","WALKERVILLE TOWN COUNCIL",2,0,0,0,0,2017,"February","Monday","07:20 pm","050","T-Junction","Straight road","Slope","Not Applicable","Sealed","Dry","Not Raining","Daylight","Hit Fixed Object","01","Driver Rider","1: PDO","No Control","","",1329667.56,1673779.62,"13296681673780"
"2017-1679-27/05/2021","2 Metropolitan","FINDON","5023","CITY OF CHARLES STURT",3,1,0,0,1,2017,"February","Monday","06:35 pm","050","Not Divided","Straight road","Level","Not Applicable","Sealed","Dry","Not Raining","Daylight","Side Swipe","01","Driver Rider","2: MI","No Control","","",1322222.7,1674254.98,"13222231674255"
"2017-1680-27/05/2021","3 Country","PORT LINCOLN","5606","CC PT.LINCOLN.                ",2,0,0,0,0,2017,"February","Monday","04:20 pm","050","Cross Road","Straight road","Level","Not Applicable","Sealed","Dry","Not Raining","Daylight","Right Angle","01","Driver Rider","1: PDO","Roundabout","","",1078652.19,1698335.25,"10786521698335"
"2017-1681-27/05/2021","2 Metropolitan","HOLDEN HILL","5088","CITY OF TEA TREE GULLY",2,0,0,0,0,2017,"February","Monday","06:45 pm","060","Divided Road","Straight road","Level","Not Applicable","Sealed","Dry","Not Raining","Daylight","Rear End","02","Driver Rider","1: PDO","No Control","","",1334652.36,1678523.44,"13346521678523"
"2017-1682-27/05/2021","2 Metropolitan","CHRISTIES BEACH","5165","CITY OF ONKAPARINGA",2,0,0,0,0,2017,"February","Monday","06:31 pm","060","Divided Road","Straight road","Level","Not Applicable","Sealed","Dry","Not Raining","Daylight","Hit Pedestrian","01","Driver Rider","1: PDO","No Control","","",1316194.96,1647392.48,"13161951647392"
"2017-1683-27/05/2021","3 Country","SOUTHEND","5280","WATTLE RANGE COUNCIL",2,1,0,1,0,2017,"February","Monday","09:10 pm","110","Not Divided","Straight road","Level","Not Applicable","Sealed","Dry","Not Raining","Night","Hit Animal","02","Animal","3: SI","No Control","","",1456742.23,1375522.59,"14567421375523"
"2017-1684-27/05/2021","2 Metropolitan","CUDLEE CREEK","5232","THE ADELAIDE HILLS COUNCIL",2,1,0,0,1,2017,"February","Tuesday","02:50 am","060","Not Divided","CURVED, VIEW OPEN","Slope","Not Applicable","Sealed","Dry","Not Raining","Night","Hit Fixed Object","01","Driver Rider","2: MI","No Control","","",1348748.23,1679482.06,"13487481679482"
"2017-1685-27/05/2021","3 Country","WHYALLA STUART","5608","CC WHYALLA.                   ",2,0,0,0,0,2017,"February","Tuesday","01:30 am","080","T-Junction","Straight road","Level","Not Applicable","Sealed","Dry","Not Raining","Night","Hit Fixed Object","01","Driver Rider","1: PDO","No Control","","",1233737.97,1881094.55,"12337381881095"
"2017-1686-27/05/2021","2 Metropolitan","VALE PARK","5081","WALKERVILLE TOWN COUNCIL",2,0,0,0,0,2017,"February","Tuesday","12:32 am","060","Cross Road","Straight road","Level","Not Applicable","Sealed","Dry","Not Raining","Night","Right Turn","02","Driver Rider","1: PDO","Traffic Signals","","",1330627.06,1675344.74,"13306271675345"
"2017-1687-27/05/2021","2 Metropolitan","MEDINDIE","5081","WALKERVILLE TOWN COUNCIL",2,0,0,0,0,2017,"February","Monday","06:39 am","060","Divided Road","Straight road","Level","Not Applicable","Sealed","Dry","Not Raining","Night","Rear End","01","Driver Rider","1: PDO","No Control","","",1328486.99,1673814.17,"13284871673814"
"2017-1688-27/05/2021","3 Country","NARACOORTE","5271","DC NARACOORTE & LUCINDALE.",2,0,0,0,0,2017,"February","Monday","05:00 pm","110","Not Divided","Straight road","Level","Not Applicable","Sealed","Dry","Not Raining","Daylight","Hit Fixed Object","01","Driver Rider","1: PDO","No Control","","",1515797.22,1437631.35,"15157971437631"
"2017-1689-27/05/2021","2 Metropolitan","ELIZABETH","5112","CITY OF PLAYFORD.",2,1,0,0,1,2017,"February","Tuesday","08:35 am","050","T-Junction","Straight road","Level","Not Applicable","Sealed","Dry","Not Raining","Daylight","Right Turn","01","Driver Rider","2: MI","No Control","","",1335738.32,1693600.59,"13357381693601"
"2017-1690-27/05/2021","2 Metropolitan","GLANDORE","5037","CC MARION.                    ",2,1,0,0,1,2017,"February","Tuesday","08:20 am","060","T-Junction","Straight road","Slope","Bridge, Culvert, Causeway","Sealed","Dry","Not Raining","Daylight","Rear End","02","Driver Rider","2: MI","No Control","","",1325854.54,1666404.1,"13258551666404"
"2017-1691-27/05/2021","2 Metropolitan","MEDINDIE","5081","WALKERVILLE TOWN COUNCIL",2,1,0,0,1,2017,"February","Tuesday","08:00 am","060","Cross Road","Straight road","Level","Not Applicable","Sealed","Dry","Not Raining","Daylight","Right Turn","01","Driver Rider","2: MI","Give Way Sign","","",1328641.39,1673957.67,"13286411673958"