"REPORT_ID","Stats Area","Suburb","Postcode","LGA Name","Total Units","Total Cas","Total Fats","Total SI","Total MI","Year","Month","Day","Time","Area Speed","Position Type","Horizontal Align","Vertical Align","Other Feat","Road Surface","Moisture Cond","Weather Cond","DayNight","Crash Type","Unit Resp","Entity Code","CSEF Severity","Traffic Ctrls","DUI Involved","Drugs Involved","ACCLOC_X","ACCLOC_Y","UNIQUE_LOC"
"2017-2822-27/05/2021","2 Metropolitan","MEDINDIE","5081","WALKERVILLE TOWN COUNCIL",2,0,0,0,0,2017,"March","Wednesday","08:10 am","060","Divided Road","Straight road","Level","Not Applicable","Sealed","Dry","Not Raining","Daylight","Side Swipe","02","Driver Rider","1: PDO","No Control","","",1329020.93,1674225.58,"13290211674226"
"2017-2823-27/05/2021","2 Metropolitan","GREENACRES","5086","CITY OF PORT ADELAIDE ENFIELD",2,0,0,0,0,2017,"March","Wednesday","07:00 am","060","Cross Road","Straight road","Level","Not Applicable","Sealed","Dry","Not Raining","Night","Right Angle","02","Driver Rider","1: PDO","No Control","","",1330430.11,1677200.82,"13304301677201"
"2017-2824-27/05/2021","1 City","ADELAIDE","5000","CITY OF ADELAIDE",2,0,0,0,0,2017,"March","Wednesday","10:35 am","050","Cross Road","Straight road","Level","Not Applicable","Sealed","Dry","Not Raining","Daylight","Right Turn","01","Driver Rider","1: PDO","Traffic Signals","","",1329043.2,1670049.08,"13290431670049"
"2017-2825-27/05/2021","2 Metropolitan","KLEMZIG","5087","CITY OF PORT ADELAIDE ENFIELD",2,0,0,0,0,2017,"March","Wednesday","08:00 am","060","Cross Road","Straight road","Level","Not Applicable","Sealed","Dry","Not Raining","Daylight","Right Turn","02","Driver Rider","1: PDO","Traffic Signals","","",1332072.8,1676595.28,"13320731676595"
"2017-2826-27/05/2021","2 Metropolitan","INGLEWOOD","5133","THE ADELAIDE HILLS COUNCIL",2,1,0,0,1,2017,"March","Friday","09:55 am","050","Not Divided","CURVED, VIEW OBSCURED","Slope","Driveway or Entrance","Sealed","Dry","Not Raining","Daylight","Right Turn","01","Driver Rider","2: MI","No Control","","",1344796.44,1681409.43,"13447961681409"
"2017-2827-27/05/2021","1 City","ADELAIDE","5000","CITY OF ADELAIDE",2,1,0,1,0,2017,"March","Wednesday","11:00 am","050","Cross Road","Straight road","Level","Not Applicable","Sealed","Dry","Not Raining","Daylight","Right Turn","02","Driver Rider","3: SI","Traffic Signals","","",1329583.38,1670702.93,"13295831670703"
"2017-2828-27/05/2021","2 Metropolitan","LOCKLEYS","5032","CITY OF WEST TORRENS",2,0,0,0,0,2017,"March","Wednesday","10:40 am","060","Divided Road","Straight road","Level","Not Applicable","Sealed","Dry","Not Raining","Daylight","Hit Parked Vehicle","01","Driver Rider","1: PDO","No Control","","",1322624.63,1670867,"13226251670867"
"2017-2829-27/05/2021","2 Metropolitan","SMITHFIELD PLAINS","5114","CITY OF PLAYFORD.",2,1,0,0,1,2017,"March","Tuesday","03:00 pm","050","T-Junction","Straight road","Level","Not Applicable","Sealed","Dry","Not Raining","Daylight","Right Angle","01","Driver Rider","2: MI","No Control","","",1336920.5,1697869.55,"13369211697870"
"2017-2830-27/05/2021","2 Metropolitan","EDEN HILLS","5050","CC MITCHAM.                   ",2,0,0,0,0,2017,"March","Tuesday","02:00 pm","060","Divided Road","Straight road","Level","Not Applicable","Sealed","Dry","Not Raining","Daylight","Side Swipe","02","Driver Rider","1: PDO","No Control","","",1326360.52,1660372.18,"13263611660372"
"2017-2831-27/05/2021","2 Metropolitan","CLEARVIEW","5085","CITY OF PORT ADELAIDE ENFIELD",2,1,0,0,1,2017,"March","Tuesday","03:30 pm","060","T-Junction","Straight road","Level","Not Applicable","Sealed","Dry","Not Raining","Daylight","Right Angle","02","Driver Rider","2: MI","No Control","","",1330415.78,1677441.32,"13304161677441"
"2017-2832-27/05/2021","2 Metropolitan","EVERARD PARK","5035","CITY OF UNLEY",2,1,0,0,1,2017,"March","Wednesday","12:33 pm","060","T-Junction","Straight road","Level","Not Applicable","Sealed","Dry","Not Raining","Daylight","Rear End","02","Driver Rider","2: MI","No Control","","",1326020.3,1667875.38,"13260201667875"
"2017-2833-27/05/2021","1 City","ADELAIDE","5000","CITY OF ADELAIDE",2,1,0,0,1,2017,"March","Wednesday","12:30 pm","050","Divided Road","Straight road","Level","Not Applicable","Sealed","Dry","Not Raining","Daylight","Side Swipe","01","Driver Rider","2: MI","No Control","","",1328019.46,1670334.43,"13280191670334"
"2017-2834-27/05/2021","1 City","NORTH ADELAIDE","5006","CITY OF ADELAIDE",2,0,0,0,0,2017,"March","Wednesday","11:00 am","050","Not Divided","Straight road","Level","Not Applicable","Sealed","Dry","Not Raining","Daylight","Hit Parked Vehicle","01","Driver Rider","1: PDO","No Control","","",1327534.89,1672874.47,"13275351672874"
"2017-2835-27/05/2021","3 Country","MOUNT GAMBIER","5290","CC MT.GAMBIER.                ",2,1,0,0,1,2017,"March","Tuesday","10:30 am","060","T-Junction","Straight road","Level","Not Applicable","Sealed","Wet","Raining","Daylight","Hit Fixed Object","01","Driver Rider","2: MI","Traffic Signals","","",1511784.5,1339465.58,"15117851339466"
"2017-2836-27/05/2021","2 Metropolitan","HILLIER","5116","CT GAWLER.                    ",2,2,0,1,1,2017,"March","Wednesday","12:45 pm","090","Multiple","Straight road","Level","Not Applicable","Unsealed","Dry","Not Raining","Daylight","Hit Fixed Object","01","Driver Rider","3: SI","Stop Sign","","",1338264.3,1702961.06,"13382641702961"
"2017-2837-27/05/2021","2 Metropolitan","KALBEEBA","5118","THE BAROSSA COUNCIL.",2,0,0,0,0,2017,"March","Wednesday","12:30 pm","080","T-Junction","Straight road","Slope","Not Applicable","Sealed","Dry","Not Raining","Daylight","Hit Fixed Object","01","Driver Rider","1: PDO","Give Way Sign","","",1347460.37,1705067.87,"13474601705068"
"2017-2838-27/05/2021","2 Metropolitan","SOMERTON PARK","5044","CITY OF HOLDFAST BAY",3,1,0,0,1,2017,"March","Wednesday","12:55 pm","060","Pedestrian Crossing","Straight road","Level","Not Applicable","Sealed","Dry","Not Raining","Daylight","Rear End","02","Driver Rider","2: MI","No Control","","",1321068.79,1663279.8,"13210691663280"
"2017-2839-27/05/2021","2 Metropolitan","HAHNDORF","5245","DC MT.BARKER.                 ",2,0,0,0,0,2017,"March","Tuesday","10:30 pm","110","Freeway","Straight road","Level","Not Applicable","Sealed","Dry","Not Raining","Night","Rear End","02","Driver Rider","1: PDO","No Control","","",1347359.43,1657813.7,"13473591657814"
"2017-2840-27/05/2021","2 Metropolitan","LONSDALE","5160","CITY OF ONKAPARINGA",2,0,0,0,0,2017,"March","Friday","03:00 pm","050","T-Junction","Straight road","Level","Not Applicable","Sealed","Dry","Not Raining","Daylight","Right Angle","02","Driver Rider","1: PDO","Give Way Sign","","",1318943.44,1651000.38,"13189431651000"
"2017-2841-27/05/2021","1 City","ADELAIDE","5000","CITY OF ADELAIDE",2,1,0,1,0,2017,"March","Monday","03:15 pm","050","T-Junction","Straight road","Level","Not Applicable","Sealed","Dry","Not Raining","Daylight","Hit Pedestrian","01","Driver Rider","3: SI","No Control","","",1329256.15,1670132.47,"13292561670132"
"2017-2842-27/05/2021","2 Metropolitan","PROSPECT","5082","CITY OF PROSPECT",2,1,0,0,1,2017,"March","Wednesday","12:00 pm","060","Divided Road","Straight road","Level","Not Applicable","Sealed","Dry","Not Raining","Daylight","Rear End","02","Driver Rider","2: MI","No Control","","",1327256.12,1675651.69,"13272561675652"
"2017-2843-27/05/2021","2 Metropolitan","WINGFIELD","5013","CITY OF PORT ADELAIDE ENFIELD",2,1,0,0,1,2017,"March","Wednesday","03:40 pm","060","T-Junction","Straight road","Level","Not Applicable","Sealed","Dry","Not Raining","Daylight","Right Angle","01","Driver Rider","2: MI","Give Way Sign","","",1325951.92,1679196.02,"13259521679196"
"2017-2844-27/05/2021","2 Metropolitan","WELLAND","5007","CITY OF CHARLES STURT",2,0,0,0,0,2017,"March","Tuesday","12:00 pm","050","Not Divided","Straight road","Level","Driveway or Entrance","Sealed","Dry","Not Raining","Daylight","Hit Parked Vehicle","02","Driver Rider","1: PDO","No Control","","",1324714.68,1673470.78,"13247151673471"
"2017-2845-27/05/2021","2 Metropolitan","NORWOOD","5067","CC OF NORWOOD,PAYNEHAM & ST PETERS",2,1,0,0,1,2017,"March","Tuesday","05:15 pm","060","T-Junction","Straight road","Slope","Not Applicable","Sealed","Dry","Not Raining","Daylight","Right Angle","01","Driver Rider","2: MI","No Control","","",1330829.47,1671041.07,"13308291671041"
"2017-2846-27/05/2021","3 Country","PEARLAH","5607","DC LOWER EYRE PENINSULA       ",2,1,0,0,1,2017,"March","Wednesday","02:30 pm","110","T-Junction","Straight road","Level","Not Applicable","Sealed","Dry","Not Raining","Daylight","Hit Fixed Object","01","Passenger","2: MI","No Control","","",1061244.64,1709908.1,"10612451709908"
"2017-2847-27/05/2021","2 Metropolitan","NOARLUNGA CENTRE","5168","CITY OF ONKAPARINGA",2,0,0,0,0,2017,"March","Wednesday","03:25 pm","060","Not Divided","Straight road","Level","Driveway or Entrance","Sealed","Dry","Not Raining","Daylight","Right Angle","01","Driver Rider","1: PDO","No Control","","",1317903.46,1647081.21,"13179031647081"
"2017-2848-27/05/2021","2 Metropolitan","VALE PARK","5081","WALKERVILLE TOWN COUNCIL",2,0,0,0,0,2017,"March","Wednesday","05:13 pm","060","Cross Road","CURVED, VIEW OPEN","Slope","Not Applicable","Sealed","Dry","Not Raining","Daylight","Rear End","02","Driver Rider","1: PDO","Traffic Signals","","",1330635.32,1675352.25,"13306351675352"
"2017-2849-27/05/2021","2 Metropolitan","PANORAMA","5041","CC MITCHAM.                   ",2,2,0,0,2,2017,"March","Wednesday","04:10 pm","060","T-Junction","Straight road","Slope","Not Applicable","Sealed","Dry","Not Raining","Daylight","Hit Fixed Object","01","Driver Rider","2: MI","No Control","","",1327843.04,1663495.15,"13278431663495"
"2017-2850-27/05/2021","2 Metropolitan","SEAFORD","5169","CITY OF ONKAPARINGA",2,0,0,0,0,2017,"March","Wednesday","03:00 pm","050","Not Divided","CURVED, VIEW OBSCURED","Level","Not Applicable","Sealed","Dry","Not Raining","Daylight","Hit Parked Vehicle","01","Driver Rider","1: PDO","No Control","","",1316292.86,1641593.31,"13162931641593"
"2017-2851-27/05/2021","1 City","ADELAIDE","5000","CITY OF ADELAIDE",3,1,0,0,1,2017,"March","Wednesday","05:30 pm","050","Divided Road","Straight road","Level","Not Applicable","Sealed","Dry","Not Raining","Daylight","Side Swipe","01","Driver Rider","2: MI","No Control","","",1328495.95,1670098.69,"13284961670099"
"2017-2852-27/05/2021","2 Metropolitan","ELIZABETH","5112","CITY OF PLAYFORD.",2,0,0,0,0,2017,"March","Wednesday","03:10 pm","060","Divided Road","Straight road","Level","Not Applicable","Sealed","Dry","Not Raining","Daylight","Rear End","01","Driver Rider","1: PDO","No Control","","",1335554.39,1693018.68,"13355541693019"
"2017-2853-27/05/2021","2 Metropolitan","OUTER HARBOR","5018","CITY OF PORT ADELAIDE ENFIELD",2,1,0,0,1,2017,"March","Wednesday","04:20 pm","060","Divided Road","Straight road","Level","Not Applicable","Sealed","Dry","Not Raining","Daylight","Hit Fixed Object","01","Driver Rider","2: MI","No Control","","",1319810.67,1686936.04,"13198111686936"
"2017-2854-27/05/2021","2 Metropolitan","ENFIELD","5085","CITY OF PORT ADELAIDE ENFIELD",2,0,0,0,0,2017,"March","Wednesday","07:24 pm","060","Divided Road","Straight road","Crest of Hill","Not Applicable","Sealed","Dry","Not Raining","Night","Hit Parked Vehicle","02","Driver Rider","1: PDO","No Control","","",1328824.44,1678090.95,"13288241678091"
"2017-2855-27/05/2021","2 Metropolitan","MORPHETT VALE","5162","CITY OF ONKAPARINGA",2,1,0,0,1,2017,"March","Wednesday","08:07 pm","060","T-Junction","Straight road","Level","Not Applicable","Sealed","Dry","Not Raining","Night","Side Swipe","01","Driver Rider","2: MI","No Control","","",1321977.42,1648382.85,"13219771648383"
"2017-2856-27/05/2021","2 Metropolitan","VISTA","5091","CITY OF TEA TREE GULLY",2,0,0,0,0,2017,"March","Wednesday","09:30 pm","050","Not Divided","CURVED, VIEW OPEN","Bottom of Hill","Not Applicable","Sealed","Dry","Not Raining","Night","Roll Over","01","Driver Rider","1: PDO","No Control","Y","",1340251.38,1680183.32,"13402511680183"
"2017-2857-27/05/2021","2 Metropolitan","SALISBURY NORTH","5108","CITY OF SALISBURY",2,0,0,0,0,2017,"March","Wednesday","08:35 pm","050","Divided Road","Straight road","Level","Not Applicable","Sealed","Dry","Not Raining","Night","Side Swipe","01","Driver Rider","1: PDO","No Control","","",1332205.65,1689262.87,"13322061689263"
"2017-2858-27/05/2021","3 Country","PORT PIRIE WEST","5540","PT.PIRIE CITY & DIST. COUNCIL ",2,0,0,0,0,2017,"March","Wednesday","09:30 pm","050","Cross Road","Straight road","Level","Not Applicable","Sealed","Dry","Not Raining","Night","Right Angle","02","Driver Rider","1: PDO","Roundabout","","",1279491.38,1865421.92,"12794911865422"
"2017-2859-27/05/2021","2 Metropolitan","LONSDALE","5160","CITY OF ONKAPARINGA",2,1,0,0,1,2017,"March","Wednesday","01:00 pm","050","T-Junction","Straight road","Slope","Not Applicable","Sealed","Dry","Not Raining","Daylight","Right Angle","02","Driver Rider","2: MI","No Control","","",1317573.77,1649761.64,"13175741649762"
"2017-2860-27/05/2021","2 Metropolitan","SMITHFIELD PLAINS","5114","CITY OF PLAYFORD.",2,0,0,0,0,2017,"March","Wednesday","12:50 pm","060","T-Junction","Straight road","Level","Not Applicable","Sealed","Dry","Not Raining","Daylight","Right Angle","01","Driver Rider","1: PDO","No Control","","",1336954.48,1697849.81,"13369541697850"
"2017-2861-27/05/2021","3 Country","RENMARK","5341","DC RENMARK PARINGA            ",2,0,0,0,0,2017,"March","Wednesday","01:00 pm","060","Not Divided","Straight road","Level","Not Applicable","Sealed","Dry","Not Raining","Daylight","Hit Parked Vehicle","02","Driver Rider","1: PDO","No Control","","",1528861.68,1745586.27,"15288621745586"
"2017-2862-27/05/2021","2 Metropolitan","LONSDALE","5160","CITY OF ONKAPARINGA",2,1,0,0,1,2017,"March","Thursday","06:08 am","100","Divided Road","Straight road","Slope","Not Applicable","Sealed","Dry","Not Raining","Night","Hit Fixed Object","01","Driver Rider","2: MI","No Control","","",1319529.25,1650167.11,"13195291650167"
"2017-2863-27/05/2021","2 Metropolitan","FITZROY","5082","CITY OF PROSPECT",2,1,0,0,1,2017,"March","Thursday","08:00 am","060","Cross Road","Straight road","Level","Not Applicable","Sealed","Dry","Not Raining","Daylight","Rear End","02","Driver Rider","2: MI","Traffic Signals","","",1327525.73,1673625.28,"13275261673625"
"2017-2864-27/05/2021","2 Metropolitan","ROSEWATER","5013","CITY OF PORT ADELAIDE ENFIELD",2,1,0,0,1,2017,"March","Thursday","08:30 am","060","T-Junction","Straight road","Level","Not Applicable","Sealed","Dry","Not Raining","Daylight","Right Turn","02","Driver Rider","2: MI","Traffic Signals","","",1322285.28,1679115.61,"13222851679116"
"2017-2865-27/05/2021","2 Metropolitan","SEACLIFF PARK","5049","CITY OF HOLDFAST BAY",3,0,0,0,0,2017,"March","Thursday","08:20 am","060","Divided Road","Straight road","Level","Not Applicable","Sealed","Dry","Not Raining","Daylight","Rear End","02","Driver Rider","1: PDO","No Control","","",1321199.97,1658807.66,"13212001658808"
"2017-2866-27/05/2021","3 Country","GREENOCK","5360","LIGHT REGIONAL COUNCIL",2,0,0,0,0,2017,"March","Thursday","06:45 am","080","Not Divided","Straight road","Level","Not Applicable","Sealed","Dry","Not Raining","Night","Rear End","02","Driver Rider","1: PDO","No Control","","",1359442.89,1720505.8,"13594431720506"
"2017-2867-27/05/2021","2 Metropolitan","LOCKLEYS","5032","CITY OF WEST TORRENS",2,1,0,0,1,2017,"March","Thursday","08:58 am","060","T-Junction","Straight road","Level","Not Applicable","Sealed","Dry","Not Raining","Daylight","Right Angle","02","Driver Rider","2: MI","No Control","","",1321516.01,1670852.28,"13215161670852"
"2017-2868-27/05/2021","2 Metropolitan","BRIGHTON","5048","CITY OF HOLDFAST BAY",2,1,0,0,1,2017,"March","Thursday","08:35 am","060","Divided Road","Straight road","Level","Not Applicable","Sealed","Dry","Not Raining","Daylight","Rear End","02","Driver Rider","2: MI","No Control","","",1321147.1,1660597.2,"13211471660597"
"2017-2869-27/05/2021","2 Metropolitan","MAYLANDS","5069","CC OF NORWOOD,PAYNEHAM & ST PETERS",2,0,0,0,0,2017,"March","Thursday","09:40 am","060","Divided Road","Straight road","Level","Not Applicable","Sealed","Dry","Not Raining","Daylight","Side Swipe","01","Driver Rider","1: PDO","No Control","","",1332230.25,1671922.32,"13322301671922"
"2017-2870-27/05/2021","2 Metropolitan","ELIZABETH PARK","5113","CITY OF PLAYFORD.",2,1,0,0,1,2017,"March","Friday","06:30 pm","060","Cross Road","Straight road","Slope","Not Applicable","Sealed","Dry","Not Raining","Daylight","Right Angle","02","Driver Rider","2: MI","Roundabout","","",1337661.59,1694568.93,"13376621694569"
"2017-2871-27/05/2021","2 Metropolitan","CHELTENHAM","5014","CITY OF CHARLES STURT",2,0,0,0,0,2017,"March","Thursday","09:15 am","060","Cross Road","Straight road","Level","Not Applicable","Sealed","Dry","Not Raining","Daylight","Right Angle","01","Driver Rider","1: PDO","Traffic Signals","","",1322125.85,1676413.1,"13221261676413"
"2017-2872-27/05/2021","2 Metropolitan","TORRENS PARK","5062","CC MITCHAM.                   ",2,0,0,0,0,2017,"March","Wednesday","01:30 pm","060","Not Divided","Straight road","Level","Not Applicable","Sealed","Dry","Not Raining","Daylight","Rear End","02","Driver Rider","1: PDO","No Control","","",1329166.3,1665215.2,"13291661665215"
"2017-2873-27/05/2021","1 City","ADELAIDE","5000","CITY OF ADELAIDE",2,0,0,0,0,2017,"March","Thursday","11:40 am","050","Cross Road","Straight road","Level","Not Applicable","Sealed","Dry","Not Raining","Daylight","Rear End","01","Driver Rider","1: PDO","Traffic Signals","","",1328552.57,1670359.47,"13285531670359"
"2017-2874-27/05/2021","2 Metropolitan","PORT ADELAIDE","5015","CITY OF PORT ADELAIDE ENFIELD",2,0,0,0,0,2017,"March","Thursday","06:50 am","050","Cross Road","Straight road","Level","Not Applicable","Sealed","Dry","Not Raining","Night","Right Angle","02","Driver Rider","1: PDO","Give Way Sign","","",1320284.98,1679992.97,"13202851679993"
"2017-2875-27/05/2021","2 Metropolitan","MODBURY HEIGHTS","5092","CITY OF TEA TREE GULLY",3,0,0,0,0,2017,"March","Thursday","10:35 am","080","Divided Road","CURVED, VIEW OPEN","Level","Not Applicable","Sealed","Dry","Not Raining","Daylight","Rear End","01","Driver Rider","1: PDO","No Control","","",1335784.24,1683021.01,"13357841683021"
"2017-2876-27/05/2021","2 Metropolitan","FLAXLEY","5153","DC MT.BARKER.                 ",2,1,0,0,1,2017,"March","Wednesday","02:00 pm","080","Not Divided","CURVED, VIEW OBSCURED","Slope","Not Applicable","Sealed","Dry","Not Raining","Daylight","Hit Fixed Object","01","Driver Rider","2: MI","No Control","","",1348754.12,1647820.71,"13487541647821"
"2017-2877-27/05/2021","2 Metropolitan","BUCHFELDE","5118","LIGHT REGIONAL COUNCIL",2,0,0,0,0,2017,"March","Thursday","01:35 pm","110","Divided Road","Straight road","Level","Not Applicable","Sealed","Dry","Not Raining","Daylight","Hit Fixed Object","01","Driver Rider","1: PDO","No Control","","",1337405.4,1705209.17,"13374051705209"
"2017-2878-27/05/2021","3 Country","MOUNT GAMBIER","5290","CC MT.GAMBIER.                ",2,0,0,0,0,2017,"March","Thursday","02:02 pm","060","Divided Road","Straight road","Level","Driveway or Entrance","Sealed","Dry","Not Raining","Daylight","Side Swipe","01","Driver Rider","1: PDO","No Control","","",1510417.81,1340719.57,"15104181340720"
"2017-2879-27/05/2021","2 Metropolitan","MAGILL","5072","CITY OF BURNSIDE",2,1,0,0,1,2017,"March","Thursday","12:30 pm","050","Cross Road","Straight road","Level","Not Applicable","Sealed","Dry","Not Raining","Daylight","Right Angle","02","Driver Rider","2: MI","Give Way Sign","","",1335373.02,1671737.36,"13353731671737"
"2017-2880-27/05/2021","2 Metropolitan","REGENCY PARK","5010","CITY OF PORT ADELAIDE ENFIELD",2,0,0,0,0,2017,"March","Thursday","10:15 am","090","Not Divided","Straight road","Level","Not Applicable","Sealed","Dry","Not Raining","Daylight","Side Swipe","02","Driver Rider","1: PDO","No Control","","",1325704.24,1678068.85,"13257041678069"
"2017-2881-27/05/2021","2 Metropolitan","REID","5118","LIGHT REGIONAL COUNCIL",2,1,0,0,1,2017,"March","Thursday","03:17 pm","060","T-Junction","Straight road","Slope","Bridge, Culvert, Causeway","Sealed","Dry","Not Raining","Daylight","Rear End","02","Driver Rider","2: MI","Stop Sign","","",1341169.99,1705769.65,"13411701705770"
"2017-2882-27/05/2021","2 Metropolitan","PAYNEHAM","5070","CC OF NORWOOD,PAYNEHAM & ST PETERS",2,0,0,0,0,2017,"March","Thursday","09:45 am","060","Cross Road","Straight road","Level","Not Applicable","Sealed","Dry","Not Raining","Daylight","Side Swipe","02","Driver Rider","1: PDO","Traffic Signals","","",1332176.1,1673782.43,"13321761673782"
"2017-2883-27/05/2021","1 City","ADELAIDE","5000","CITY OF ADELAIDE",2,0,0,0,0,2017,"March","Thursday","03:45 pm","050","Cross Road","Straight road","Level","Not Applicable","Sealed","Dry","Not Raining","Daylight","Side Swipe","01","Driver Rider","1: PDO","Traffic Signals","","",1329056.26,1669586.88,"13290561669587"
"2017-2884-27/05/2021","2 Metropolitan","MAYLANDS","5069","CC OF NORWOOD,PAYNEHAM & ST PETERS",2,0,0,0,0,2017,"March","Thursday","02:10 pm","060","Not Divided","Straight road","Level","Not Applicable","Sealed","Dry","Not Raining","Daylight","Rear End","02","Driver Rider","1: PDO","No Control","","",1332170.88,1671760.23,"13321711671760"
"2017-2885-27/05/2021","2 Metropolitan","NEWTON","5074","CC CAMPBELLTOWN.              ",2,0,0,0,0,2017,"March","Thursday","09:15 am","060","Not Divided","Straight road","Level","Not Applicable","Sealed","Dry","Not Raining","Daylight","Hit Parked Vehicle","02","Driver Rider","1: PDO","No Control","","",1335392.51,1675193.03,"13353931675193"
"2017-2886-27/05/2021","2 Metropolitan","NOARLUNGA CENTRE","5168","CITY OF ONKAPARINGA",2,0,0,0,0,2017,"March","Thursday","04:50 pm","060","Not Divided","Straight road","Level","Driveway or Entrance","Sealed","Dry","Not Raining","Daylight","Rear End","02","Driver Rider","1: PDO","No Control","","",1317425.36,1647427.54,"13174251647428"
"2017-2887-27/05/2021","2 Metropolitan","NORTH BRIGHTON","5048","CITY OF HOLDFAST BAY",5,1,0,0,1,2017,"March","Thursday","02:10 pm","050","Cross Road","Straight road","Level","Not Applicable","Sealed","Dry","Not Raining","Daylight","Rear End","01","Driver Rider","2: MI","Stop Sign","","",1320769.68,1661801.51,"13207701661802"
"2017-2888-27/05/2021","3 Country","PRICE","5570","YORKE PENINSULA COUNCIL",2,0,0,0,0,2017,"March","Thursday","02:00 pm","050","T-Junction","Straight road","Level","Not Applicable","Sealed","Dry","Not Raining","Daylight","Hit Fixed Object","01","Driver Rider","1: PDO","No Control","","",1275498.21,1743178.71,"12754981743179"
"2017-2889-27/05/2021","2 Metropolitan","MITCHELL PARK","5043","CC MARION.                    ",2,0,0,0,0,2017,"March","Thursday","04:53 pm","060","Divided Road","Straight road","Level","Driveway or Entrance","Sealed","Dry","Not Raining","Daylight","Right Angle","01","Driver Rider","1: PDO","No Control","","",1324367.23,1661962.78,"13243671661963"
"2017-2890-27/05/2021","3 Country","NURIOOTPA","5355","LIGHT REGIONAL COUNCIL",2,1,0,0,1,2017,"March","Thursday","04:20 pm","110","Cross Road","Straight road","Level","Not Applicable","Sealed","Dry","Not Raining","Daylight","Right Angle","01","Driver Rider","2: MI","Give Way Sign","","",1368814.04,1722295.99,"13688141722296"
"2017-2891-27/05/2021","2 Metropolitan","UNDERDALE","5032","CITY OF WEST TORRENS",2,0,0,0,0,2017,"March","Thursday","05:40 pm","050","Cross Road","Straight road","Level","Not Applicable","Sealed","Dry","Not Raining","Daylight","Right Angle","02","Driver Rider","1: PDO","Stop Sign","","",1324310.87,1671614.07,"13243111671614"
"2017-2892-27/05/2021","2 Metropolitan","ALLENBY GARDENS","5009","CITY OF CHARLES STURT",2,1,0,0,1,2017,"March","Thursday","05:00 pm","060","T-Junction","Straight road","Level","Not Applicable","Sealed","Dry","Not Raining","Daylight","Right Angle","01","Driver Rider","2: MI","No Control","","",1324197.24,1673425.82,"13241971673426"
"2017-2893-27/05/2021","2 Metropolitan","MODBURY NORTH","5092","CITY OF TEA TREE GULLY",4,3,0,0,3,2017,"March","Thursday","03:40 pm","080","Cross Road","Straight road","Slope","Not Applicable","Sealed","Dry","Not Raining","Daylight","Rear End","01","Driver Rider","2: MI","Traffic Signals","","",1336165.68,1681195.41,"13361661681195"
"2017-2894-27/05/2021","2 Metropolitan","ELIZABETH GROVE","5112","CITY OF PLAYFORD.",2,1,0,0,1,2017,"March","Wednesday","08:47 pm","050","Not Divided","Straight road","Level","Not Applicable","Sealed","Dry","Not Raining","Night","Hit Fixed Object","01","Driver Rider","2: MI","No Control","","",1335911.65,1692049.13,"13359121692049"
"2017-2895-27/05/2021","3 Country","LANGHORNE CREEK","5255","ALEXANDRINA COUNCIL",3,0,0,0,0,2017,"March","Thursday","05:45 pm","100","Not Divided","CURVED, VIEW OPEN","Level","Not Applicable","Sealed","Dry","Not Raining","Daylight","Hit Fixed Object","01","Driver Rider","1: PDO","No Control","","",1365236.79,1630422.67,"13652371630423"
"2017-2896-27/05/2021","2 Metropolitan","UNLEY","5061","CITY OF UNLEY",2,1,0,0,1,2017,"March","Thursday","04:40 pm","060","T-Junction","Straight road","Level","Not Applicable","Sealed","Dry","Not Raining","Daylight","Right Angle","01","Driver Rider","2: MI","No Control","","",1328637.97,1668952.34,"13286381668952"
"2017-2897-27/05/2021","2 Metropolitan","CRAFERS","5152","THE ADELAIDE HILLS COUNCIL",2,0,0,0,0,2017,"March","Wednesday","10:07 am","100","Interchange","Straight road","Slope","Not Applicable","Sealed","Dry","Not Raining","Daylight","Side Swipe","02","Driver Rider","1: PDO","No Control","","",1338083.44,1662299.48,"13380831662299"
"2017-2898-27/05/2021","2 Metropolitan","WYNN VALE","5127","CITY OF TEA TREE GULLY",2,0,0,0,0,2017,"March","Thursday","03:00 pm","070","T-Junction","Straight road","Level","Median Opening (not at I/S)","Sealed","Dry","Not Raining","Daylight","Right Angle","01","Driver Rider","1: PDO","No Control","","",1336816.75,1684469.13,"13368171684469"
"2017-2899-27/05/2021","2 Metropolitan","WALKLEY HEIGHTS","5098","CITY OF SALISBURY",2,0,0,0,0,2017,"March","Thursday","06:30 pm","060","Not Divided","Straight road","Level","Not Applicable","Sealed","Dry","Not Raining","Daylight","Rear End","01","Driver Rider","1: PDO","No Control","","",1330998.37,1680283.58,"13309981680284"
"2017-2900-27/05/2021","2 Metropolitan","FULHAM GARDENS","5024","CITY OF CHARLES STURT",2,0,0,0,0,2017,"March","Thursday","07:25 pm","060","Divided Road","Straight road","Level","Not Applicable","Sealed","Dry","Not Raining","Night","Hit Parked Vehicle","01","Driver Rider","1: PDO","No Control","","",1320031.01,1673055.58,"13200311673056"
"2017-2901-27/05/2021","2 Metropolitan","STURT","5047","CC MARION.                    ",2,0,0,0,0,2017,"March","Thursday","08:30 am","060","Divided Road","Straight road","Level","Not Applicable","Sealed","Dry","Not Raining","Daylight","Rear End","01","Driver Rider","1: PDO","No Control","","",1324237.76,1660671.13,"13242381660671"
"2017-2902-27/05/2021","3 Country","ROCKLEIGH","5254","RC MURRAY BRIDGE.             ",2,2,0,0,2,2017,"March","Tuesday","02:50 pm","100","Not Divided","CURVED, VIEW OBSCURED","Slope","Not Applicable","Unsealed","Dry","Not Raining","Daylight","Hit Fixed Object","01","Driver Rider","2: MI","No Control","Y","",1373050.55,1664685.64,"13730511664686"