"REPORT_ID","Stats Area","Suburb","Postcode","LGA Name","Total Units","Total Cas","Total Fats","Total SI","Total MI","Year","Month","Day","Time","Area Speed","Position Type","Horizontal Align","Vertical Align","Other Feat","Road Surface","Moisture Cond","Weather Cond","DayNight","Crash Type","Unit Resp","Entity Code","CSEF Severity","Traffic Ctrls","DUI Involved","Drugs Involved","ACCLOC_X","ACCLOC_Y","UNIQUE_LOC"
"2017-2983-27/05/2021","2 Metropolitan","ELIZABETH GROVE","5112","CITY OF PLAYFORD.",2,0,0,0,0,2017,"March","Sunday","03:00 am","080","Cross Road","Straight road","Level","Not Applicable","Sealed","Dry","Not Raining","Night","Hit Fixed Object","01","Driver Rider","1: PDO","Traffic Signals","","",1336080.31,1692236.44,"13360801692236"
"2017-2984-27/05/2021","3 Country","TRURO","5356","MID MURRAY DISTRICT COUNCIL",2,0,0,0,0,2017,"March","Sunday","01:25 am","110","Not Divided","Straight road","Slope","Not Applicable","Sealed","Dry","Not Raining","Night","Hit Fixed Object","01","Driver Rider","1: PDO","No Control","","",1390993.01,1726572.21,"13909931726572"
"2017-2985-27/05/2021","2 Metropolitan","HENLEY BEACH","5022","CITY OF CHARLES STURT",2,0,0,0,0,2017,"March","Sunday","03:45 am","050","Divided Road","Straight road","Level","Not Applicable","Sealed","Dry","Not Raining","Night","Hit Parked Vehicle","01","Driver Rider","1: PDO","No Control","","",1318941.88,1673027.51,"13189421673028"
"2017-2986-27/05/2021","2 Metropolitan","THEBARTON","5031","CITY OF WEST TORRENS",2,1,0,0,1,2017,"March","Saturday","12:05 am","060","Divided Road","Straight road","Level","Not Applicable","Sealed","Dry","Not Raining","Night","Rear End","02","Driver Rider","2: MI","No Control","","",1326541.05,1671816.04,"13265411671816"
"2017-2987-27/05/2021","2 Metropolitan","GLYNDE","5070","CC OF NORWOOD,PAYNEHAM & ST PETERS",2,0,0,0,0,2017,"March","Sunday","05:30 am","060","Divided Road","Straight road","Level","Not Applicable","Sealed","Wet","Raining","Night","Hit Fixed Object","01","Driver Rider","1: PDO","No Control","","",1333467.72,1674373.04,"13334681674373"
"2017-2988-27/05/2021","3 Country","RHYNIE","5412","CLARE AND GILBERT VALLEYS DISTRICT COUNCIL",1,0,0,0,0,2017,"March","Saturday","01:30 pm","100","Not Divided","Straight road","Slope","Not Applicable","Sealed","Dry","Not Raining","Daylight","Roll Over","01","Driver Rider","1: PDO","No Control","","",1339995.54,1760033.76,"13399961760034"
"2017-2989-27/05/2021","2 Metropolitan","PARK HOLME","5043","CC MARION.                    ",2,0,0,0,0,2017,"March","Friday","03:35 pm","060","Divided Road","Straight road","Level","Not Applicable","Sealed","Dry","Not Raining","Daylight","Rear End","01","Driver Rider","1: PDO","No Control","","",1324327.27,1663483.39,"13243271663483"
"2017-2990-27/05/2021","2 Metropolitan","HENLEY BEACH","5022","CITY OF CHARLES STURT",3,0,0,0,0,2017,"March","Sunday","09:00 am","050","Cross Road","Straight road","Level","Not Applicable","Sealed","Dry","Not Raining","Daylight","Side Swipe","01","Driver Rider","1: PDO","Give Way Sign","","",1318817.37,1671996.21,"13188171671996"
"2017-2991-27/05/2021","1 City","ADELAIDE","5000","CITY OF ADELAIDE",2,0,0,0,0,2017,"March","Saturday","04:07 pm","050","Not Divided","Straight road","Level","Not Applicable","Unsealed","Dry","Not Raining","Daylight","Side Swipe","02","Driver Rider","1: PDO","No Control","","",1329115.37,1670534.9,"13291151670535"
"2017-2992-27/05/2021","2 Metropolitan","FIRLE","5070","CC OF NORWOOD,PAYNEHAM & ST PETERS",2,0,0,0,0,2017,"March","Sunday","06:45 pm","060","T-Junction","Straight road","Level","Not Applicable","Sealed","Dry","Not Raining","Daylight","Rear End","02","Driver Rider","1: PDO","No Control","Y","",1333823.27,1672919.41,"13338231672919"
"2017-2993-27/05/2021","2 Metropolitan","SMITHFIELD","5114","CITY OF PLAYFORD.",2,0,0,0,0,2017,"March","Sunday","10:55 am","080","Divided Road","Straight road","Level","Not Applicable","Sealed","Dry","Not Raining","Daylight","Hit Fixed Object","01","Driver Rider","1: PDO","No Control","","",1337451.71,1696370.49,"13374521696370"
"2017-2994-27/05/2021","2 Metropolitan","CRAFERS","5152","THE ADELAIDE HILLS COUNCIL",3,0,0,0,0,2017,"March","Sunday","11:15 am","080","T-Junction","CURVED, VIEW OPEN","Level","Not Applicable","Sealed","Dry","Not Raining","Daylight","Right Turn","01","Driver Rider","1: PDO","No Control","","",1338169.95,1663063.57,"13381701663064"
"2017-2995-27/05/2021","2 Metropolitan","CUDLEE CREEK","5232","THE ADELAIDE HILLS COUNCIL",2,0,0,0,0,2017,"March","Sunday","11:00 am","080","Not Divided","CURVED, VIEW OPEN","Level","Not Applicable","Sealed","Dry","Not Raining","Daylight","Hit Fixed Object","01","Driver Rider","1: PDO","No Control","","",1347371.32,1679524.64,"13473711679525"
"2017-2996-27/05/2021","3 Country","MORTANA","5671","DC STREAKY BAY.               ",2,2,0,0,2,2017,"March","Sunday","10:45 am","110","Cross Road","Straight road","Level","Not Applicable","Sealed","Dry","Not Raining","Daylight","Right Angle","02","Driver Rider","2: MI","No Control","","",954609.87,1887389.33,"09546101887389"
"2017-2997-27/05/2021","2 Metropolitan","LOBETHAL","5241","THE ADELAIDE HILLS COUNCIL",3,0,0,0,0,2017,"March","Saturday","11:50 pm","080","Not Divided","CURVED, VIEW OPEN","Slope","Not Applicable","Sealed","Dry","Not Raining","Night","Hit Fixed Object","01","Driver Rider","1: PDO","No Control","","",1352469.14,1671570.23,"13524691671570"
"2017-2998-27/05/2021","2 Metropolitan","SEACOMBE GARDENS","5047","CC MARION.                    ",2,1,0,0,1,2017,"March","Saturday","10:19 am","060","Divided Road","Straight road","Level","Driveway or Entrance","Sealed","Dry","Not Raining","Daylight","Hit Pedestrian","02","Driver Rider","2: MI","No Control","","",1323366.15,1660646.39,"13233661660646"
"2017-2999-27/05/2021","2 Metropolitan","SALISBURY","5108","CITY OF SALISBURY",2,0,0,0,0,2017,"March","Sunday","03:10 pm","060","Cross Road","Straight road","Level","Not Applicable","Sealed","Dry","Not Raining","Daylight","Hit Fixed Object","01","Driver Rider","1: PDO","Traffic Signals","","",1333601.36,1689549.53,"13336011689550"
"2017-3000-27/05/2021","2 Metropolitan","VALLEY VIEW","5093","CITY OF TEA TREE GULLY",2,1,0,0,1,2017,"March","Sunday","02:02 pm","060","Cross Road","Straight road","Level","Not Applicable","Sealed","Dry","Not Raining","Daylight","Right Angle","02","Driver Rider","2: MI","Traffic Signals","","",1335279.25,1679398.77,"13352791679399"
"2017-3001-27/05/2021","2 Metropolitan","ELIZABETH PARK","5113","CITY OF PLAYFORD.",2,2,0,0,2,2017,"March","Saturday","08:35 pm","080","Divided Road","Straight road","Level","Not Applicable","Sealed","Dry","Not Raining","Night","Rear End","02","Driver Rider","2: MI","No Control","","",1336603.32,1694805.03,"13366031694805"
"2017-3002-27/05/2021","3 Country","PUKATJA","0872",,1,1,0,0,1,2017,"March","Sunday","12:00 am","100","Not Divided","Straight road","Level","Not Applicable","Unsealed","Dry","Not Raining","Night","Roll Over","01","Driver Rider","2: MI","No Control","","",713575.32,2628471.76,"07135752628472"
"2017-3003-27/05/2021","3 Country","MINLATON","5575","YORKE PENINSULA COUNCIL",2,1,0,0,1,2017,"March","Sunday","04:30 am","100","Not Divided","Straight road","Level","Not Applicable","Sealed","Dry","Not Raining","Night","Hit Fixed Object","01","Driver Rider","2: MI","No Control","","",1238451.76,1691425.87,"12384521691426"
"2017-3004-27/05/2021","2 Metropolitan","LONSDALE","5160","CITY OF ONKAPARINGA",2,1,0,1,0,2017,"March","Sunday","03:20 pm","080","Cross Road","CURVED, VIEW OPEN","Level","Not Applicable","Sealed","Dry","Not Raining","Daylight","Hit Fixed Object","01","Driver Rider","3: SI","Traffic Signals","","",1318648.35,1650956.38,"13186481650956"
"2017-3005-27/05/2021","3 Country","HINDMARSH VALLEY","5211","DC VICTOR HARBOR.             ",2,2,0,0,2,2017,"March","Sunday","04:18 pm","100","T-Junction","CURVED, VIEW OPEN","Level","Not Applicable","Sealed","Dry","Not Raining","Daylight","Right Angle","01","Driver Rider","2: MI","Give Way Sign","","",1329289.91,1607975.53,"13292901607976"
"2017-3006-27/05/2021","2 Metropolitan","PARA HILLS","5096","CITY OF SALISBURY",2,0,0,0,0,2017,"March","Sunday","05:44 pm","050","T-Junction","Straight road","Level","Not Applicable","Sealed","Dry","Not Raining","Daylight","Hit Fixed Object","01","Driver Rider","1: PDO","No Control","","",1333735.06,1683867.67,"13337351683868"
"2017-3007-27/05/2021","2 Metropolitan","TEA TREE GULLY","5091","CITY OF TEA TREE GULLY",5,1,0,0,1,2017,"March","Sunday","04:35 pm","060","Divided Road","Straight road","Level","Not Applicable","Sealed","Dry","Not Raining","Daylight","Rear End","01","Driver Rider","2: MI","No Control","","",1339775.61,1681913.69,"13397761681914"
"2017-3008-27/05/2021","2 Metropolitan","ROYAL PARK","5014","CITY OF CHARLES STURT",2,0,0,0,0,2017,"March","Saturday","11:30 pm","050","Not Divided","Straight road","Level","Not Applicable","Sealed","Dry","Not Raining","Night","Hit Fixed Object","01","Driver Rider","1: PDO","No Control","","",1320159.41,1676212.94,"13201591676213"
"2017-3009-27/05/2021","3 Country","WARNERTOWN","5540","PT.PIRIE CITY & DIST. COUNCIL ",1,0,0,0,0,2017,"March","Sunday","08:00 pm","110","Not Divided","CURVED, VIEW OBSCURED","Level","Not Applicable","Sealed","Dry","Not Raining","Night","Roll Over","09","Other","1: PDO","No Control","","",1290827.45,1857802.37,"12908271857802"
"2017-3010-27/05/2021","3 Country","MOUNT GAMBIER","5290","CC MT.GAMBIER.                ",2,0,0,0,0,2017,"March","Sunday","06:30 pm","060","T-Junction","Straight road","Level","Not Applicable","Sealed","Dry","Not Raining","Daylight","Right Angle","02","Driver Rider","1: PDO","Give Way Sign","","",1510969.61,1338507.69,"15109701338508"
"2017-3011-27/05/2021","2 Metropolitan","KILBURN","5084","CITY OF PORT ADELAIDE ENFIELD",2,0,0,0,0,2017,"March","Sunday","05:10 am","050","Not Divided","Straight road","Level","Not Applicable","Sealed","Dry","Not Raining","Night","Hit Fixed Object","01","Driver Rider","1: PDO","No Control","","",1327779.07,1678400.67,"13277791678401"
"2017-3012-27/05/2021","2 Metropolitan","MYRTLE BANK","5064","CITY OF UNLEY",3,0,0,0,0,2017,"March","Sunday","10:25 pm","060","Divided Road","Straight road","Level","Not Applicable","Sealed","Dry","Not Raining","Night","Hit Fixed Object","01","Driver Rider","1: PDO","No Control","","",1332135.31,1666748.06,"13321351666748"
"2017-3013-27/05/2021","2 Metropolitan","HENLEY BEACH SOUTH","5022","CITY OF CHARLES STURT",2,1,0,0,1,2017,"March","Sunday","12:00 pm","050","Cross Road","Straight road","Level","Roadworks","Unsealed","Dry","Not Raining","Daylight","Right Angle","02","Driver Rider","2: MI","Roundabout","","",1319125.61,1670999.07,"13191261670999"
"2017-3014-27/05/2021","3 Country","STRUAN","5271","DC NARACOORTE & LUCINDALE.",2,0,0,0,0,2017,"March","Sunday","01:15 pm","110","Not Divided","CURVED, VIEW OPEN","Level","Not Applicable","Sealed","Dry","Not Raining","Daylight","Side Swipe","01","Driver Rider","1: PDO","No Control","","",1514063.65,1424582.51,"15140641424583"
"2017-3015-27/05/2021","1 City","ADELAIDE","5000","CITY OF ADELAIDE",2,1,0,0,1,2017,"March","Monday","08:02 am","060","Divided Road","Straight road","Level","Not Applicable","Sealed","Dry","Not Raining","Daylight","Rear End","02","Driver Rider","2: MI","No Control","","",1327354.34,1670668.99,"13273541670669"
"2017-3016-27/05/2021","2 Metropolitan","BURTON","5110","CITY OF SALISBURY",2,0,0,0,0,2017,"March","Friday","11:00 am","050","Not Divided","Straight road","Level","Not Applicable","Sealed","Dry","Not Raining","Daylight","Hit Parked Vehicle","01","Driver Rider","1: PDO","No Control","","",1330548.84,1691584.38,"13305491691584"
"2017-3017-27/05/2021","2 Metropolitan","ELIZABETH VALE","5112","CITY OF PLAYFORD.",2,0,0,0,0,2017,"March","Monday","08:07 am","060","T-Junction","Straight road","Level","Not Applicable","Sealed","Dry","Not Raining","Daylight","Right Angle","01","Driver Rider","1: PDO","No Control","","",1335092.33,1690006.61,"13350921690007"
"2017-3018-27/05/2021","2 Metropolitan","URRBRAE","5064","CC MITCHAM.                   ",2,1,0,0,1,2017,"March","Monday","07:10 am","060","Divided Road","Straight road","Slope","Not Applicable","Sealed","Dry","Not Raining","Night","Rear End","01","Driver Rider","2: MI","No Control","","",1332433.93,1666300.61,"13324341666301"
"2017-3019-27/05/2021","2 Metropolitan","VIRGINIA","5120","CITY OF PLAYFORD.",2,1,0,0,1,2017,"March","Monday","08:20 am","050","T-Junction","Straight road","Level","Not Applicable","Sealed","Dry","Not Raining","Daylight","Right Angle","02","Driver Rider","2: MI","No Control","","",1325047.35,1699093.98,"13250471699094"
"2017-3020-27/05/2021","2 Metropolitan","NORWOOD","5067","CC OF NORWOOD,PAYNEHAM & ST PETERS",2,0,0,0,0,2017,"March","Monday","09:45 am","060","Cross Road","CURVED, VIEW OPEN","Level","Not Applicable","Sealed","Dry","Not Raining","Daylight","Right Angle","01","Driver Rider","1: PDO","Roundabout","","",1330623.32,1670361.88,"13306231670362"
"2017-3021-27/05/2021","2 Metropolitan","MCLAREN VALE","5171","CITY OF ONKAPARINGA",2,2,0,0,2,2017,"March","Monday","09:45 am","080","Not Divided","CURVED, VIEW OPEN","Slope","Not Applicable","Sealed","Wet","Raining","Daylight","Hit Parked Vehicle","01","Driver Rider","2: MI","No Control","Y","",1320296.7,1640488.26,"13202971640488"
"2017-3022-27/05/2021","3 Country","GOOLWA","5214","ALEXANDRINA COUNCIL",2,3,0,1,2,2017,"March","Monday","10:40 am","100","Divided Road","CURVED, VIEW OBSCURED","Level","Not Applicable","Sealed","Dry","Not Raining","Daylight","Head On","02","Driver Rider","3: SI","No Control","","",1341595.08,1609487.59,"13415951609488"
"2017-3023-27/05/2021","2 Metropolitan","LEAWOOD GARDENS","5150","CITY OF BURNSIDE",1,1,0,1,0,2017,"March","Monday","09:40 am","060","Freeway","CURVED, VIEW OPEN","Slope","Not Applicable","Sealed","Dry","Not Raining","Daylight","Roll Over","01","Driver Rider","3: SI","No Control","","",1334474.84,1665618.11,"13344751665618"
"2017-3024-27/05/2021","2 Metropolitan","REGENCY PARK","5010","CITY OF PORT ADELAIDE ENFIELD",2,1,0,1,0,2017,"March","Monday","11:20 am","060","Cross Road","Straight road","Level","Not Applicable","Sealed","Dry","Not Raining","Daylight","Right Angle","02","Driver Rider","3: SI","Traffic Signals","","",1326061.02,1676376.98,"13260611676377"
"2017-3025-27/05/2021","3 Country","SNOWTOWN","5520","WAKEFIELD REGIONAL COUNCIL",2,0,0,0,0,2017,"March","Monday","11:50 am","110","Not Divided","Straight road","Level","Not Applicable","Sealed","Dry","Not Raining","Daylight","Hit Fixed Object","09","Other","1: PDO","No Control","","",1296296.87,1794864.68,"12962971794865"
"2017-3026-27/05/2021","2 Metropolitan","CHARLESTON","5244","THE ADELAIDE HILLS COUNCIL",2,0,0,0,0,2017,"March","Friday","06:30 pm","060","Not Divided","Straight road","Level","Bridge, Culvert, Causeway","Sealed","Dry","Not Raining","Daylight","Head On","02","Driver Rider","1: PDO","No Control","","",1356164.99,1670959.61,"13561651670960"
"2017-3027-27/05/2021","2 Metropolitan","TORRENSVILLE","5031","CITY OF WEST TORRENS",2,1,0,0,1,2017,"March","Friday","04:00 pm","050","Cross Road","Straight road","Level","Not Applicable","Sealed","Dry","Not Raining","Daylight","Right Angle","02","Driver Rider","2: MI","Give Way Sign","","",1324626.99,1671173.31,"13246271671173"
"2017-3028-27/05/2021","3 Country","RENMARK","5341","DC RENMARK PARINGA            ",2,0,0,0,0,2017,"March","Monday","09:35 am","060","Divided Road","CURVED, VIEW OBSCURED","Level","Not Applicable","Sealed","Wet","Raining","Daylight","Rear End","02","Driver Rider","1: PDO","No Control","","",1531242.35,1744482.05,"15312421744482"
"2017-3029-27/05/2021","3 Country","LYNDHURST","5731",,1,0,0,0,0,2017,"March","Sunday","01:00 pm","100","Not Divided","Straight road","Unknown","Not Applicable","Sealed","Dry","Not Raining","Daylight","Roll Over","01","Driver Rider","1: PDO","No Control","","",1323642.14,2185022.95,"13236422185023"
"2017-3030-27/05/2021","2 Metropolitan","O'HALLORAN HILL","5158","CC MARION.                    ",2,0,0,0,0,2017,"March","Monday","02:30 pm","100","Divided Road","CURVED, VIEW OPEN","Slope","Not Applicable","Sealed","Dry","Not Raining","Daylight","Side Swipe","02","Driver Rider","1: PDO","No Control","","",1323232.92,1657022.88,"13232331657023"
"2017-3031-27/05/2021","3 Country","MAITLAND","5573","YORKE PENINSULA COUNCIL",2,0,0,0,0,2017,"March","Monday","12:00 pm","100","Not Divided","Straight road","Slope","Not Applicable","Sealed","Dry","Not Raining","Daylight","Hit Fixed Object","01","Driver Rider","1: PDO","No Control","","",1243552.66,1739735.7,"12435531739736"
"2017-3032-27/05/2021","2 Metropolitan","BLAIR ATHOL","5084","CITY OF PORT ADELAIDE ENFIELD",2,1,0,0,1,2017,"March","Thursday","11:30 pm","060","T-Junction","Straight road","Level","Not Applicable","Sealed","Dry","Not Raining","Night","Hit Parked Vehicle","01","Driver Rider","2: MI","No Control","Y","",1328579.95,1679259.63,"13285801679260"
"2017-3033-27/05/2021","2 Metropolitan","ELIZABETH","5112","CITY OF PLAYFORD.",3,0,0,0,0,2017,"March","Monday","03:16 pm","060","Divided Road","Straight road","Level","Not Applicable","Sealed","Dry","Not Raining","Daylight","Rear End","02","Driver Rider","1: PDO","No Control","","",1335570.68,1693015.72,"13355711693016"
"2017-3034-27/05/2021","2 Metropolitan","OAKDEN","5086","CITY OF PORT ADELAIDE ENFIELD",2,0,0,0,0,2017,"March","Monday","02:50 pm","060","Divided Road","Straight road","Level","Not Applicable","Sealed","Dry","Not Raining","Daylight","Side Swipe","02","Driver Rider","1: PDO","No Control","","",1333633.49,1678272.5,"13336331678273"
"2017-3035-27/05/2021","2 Metropolitan","SALISBURY PLAIN","5109","CITY OF SALISBURY",2,0,0,0,0,2017,"March","Monday","03:15 pm","080","T-Junction","Straight road","Level","Not Applicable","Sealed","Dry","Not Raining","Daylight","Right Angle","02","Driver Rider","1: PDO","No Control","","",1334926.53,1687460.5,"13349271687461"
"2017-3036-27/05/2021","2 Metropolitan","WAYVILLE","5034","CITY OF UNLEY",2,0,0,0,0,2017,"March","Monday","02:55 pm","060","Divided Road","Straight road","Level","Not Applicable","Sealed","Dry","Not Raining","Daylight","Rear End","01","Driver Rider","1: PDO","No Control","","",1327508.82,1668916.33,"13275091668916"
"2017-3037-27/05/2021","2 Metropolitan","SALISBURY","5108","CITY OF SALISBURY",2,0,0,0,0,2017,"March","Monday","04:00 pm","060","Cross Road","Straight road","Level","Not Applicable","Sealed","Dry","Not Raining","Daylight","Rear End","01","Driver Rider","1: PDO","Traffic Signals","","",1332782.42,1688511.32,"13327821688511"
"2017-3038-27/05/2021","2 Metropolitan","HOLDEN HILL","5088","CITY OF PORT ADELAIDE ENFIELD",4,1,0,0,1,2017,"March","Monday","03:29 pm","060","Not Divided","CURVED, VIEW OPEN","Level","Not Applicable","Sealed","Dry","Not Raining","Daylight","Hit Fixed Object","01","Driver Rider","2: MI","No Control","","",1333984.98,1677979.93,"13339851677980"
"2017-3039-27/05/2021","2 Metropolitan","SMITHFIELD","5114","CITY OF PLAYFORD.",2,4,0,0,4,2017,"March","Monday","05:00 pm","050","T-Junction","Straight road","Level","Not Applicable","Sealed","Dry","Not Raining","Daylight","Right Turn","01","Driver Rider","2: MI","No Control","","",1337169.84,1697593.38,"13371701697593"
"2017-3040-27/05/2021","2 Metropolitan","SEATON","5023","CITY OF CHARLES STURT",2,0,0,0,0,2017,"March","Monday","06:30 am","060","T-Junction","Straight road","Level","Not Applicable","Sealed","Dry","Not Raining","Night","Side Swipe","01","Driver Rider","1: PDO","Traffic Signals","","",1320746.99,1674887.01,"13207471674887"
"2017-3041-27/05/2021","2 Metropolitan","ANGLE VALE","5117","CITY OF PLAYFORD.",2,1,0,0,1,2017,"March","Monday","05:30 pm","060","Cross Road","CURVED, VIEW OPEN","Level","Not Applicable","Sealed","Dry","Not Raining","Daylight","Right Angle","02","Driver Rider","2: MI","Roundabout","","",1333811.97,1702083.52,"13338121702084"
"2017-3042-27/05/2021","2 Metropolitan","THEBARTON","5031","CITY OF WEST TORRENS",4,0,0,0,0,2017,"March","Monday","05:20 pm","050","Not Divided","Straight road","Level","Not Applicable","Sealed","Dry","Not Raining","Daylight","Hit Parked Vehicle","01","Driver Rider","1: PDO","No Control","","",1326332.53,1671521.93,"13263331671522"
"2017-3043-27/05/2021","3 Country","MURRAY BRIDGE","5253","RC MURRAY BRIDGE.             ",2,1,0,0,1,2017,"March","Monday","04:05 pm","050","Not Divided","Straight road","Level","Not Applicable","Sealed","Dry","Not Raining","Daylight","Hit Parked Vehicle","01","Driver Rider","2: MI","No Control","","",1388675.76,1644402.77,"13886761644403"
"2017-3044-27/05/2021","2 Metropolitan","LINDEN PARK","5065","CITY OF BURNSIDE",2,0,0,0,0,2017,"March","Monday","05:35 pm","060","Divided Road","Straight road","Level","Not Applicable","Sealed","Dry","Not Raining","Daylight","Side Swipe","01","Driver Rider","1: PDO","No Control","","",1332335.28,1668507.57,"13323351668508"
"2017-3045-27/05/2021","2 Metropolitan","GEPPS CROSS","5094","CITY OF PORT ADELAIDE ENFIELD",3,2,0,0,2,2017,"March","Monday","05:10 pm","070","T-Junction","Straight road","Level","Not Applicable","Sealed","Dry","Not Raining","Daylight","Right Angle","02","Driver Rider","2: MI","Traffic Signals","","",1329540.01,1680415.9,"13295401680416"
"2017-3046-27/05/2021","2 Metropolitan","WEST HINDMARSH","5007","CITY OF CHARLES STURT",2,0,0,0,0,2017,"March","Monday","08:45 am","060","Divided Road","Straight road","Level","Driveway or Entrance","Sealed","Dry","Not Raining","Daylight","Right Angle","02","Driver Rider","1: PDO","No Control","","",1325510.9,1673339.66,"13255111673340"
"2017-3047-27/05/2021","2 Metropolitan","ELIZABETH SOUTH","5112","CITY OF PLAYFORD.",2,0,0,0,0,2017,"March","Monday","06:00 pm","060","Divided Road","Straight road","Level","Not Applicable","Sealed","Dry","Not Raining","Daylight","Hit Fixed Object","01","Passenger","1: PDO","No Control","","",1334417.35,1690805.2,"13344171690805"
"2017-3048-27/05/2021","2 Metropolitan","SALISBURY EAST","5109","CITY OF SALISBURY",2,1,0,0,1,2017,"March","Monday","06:45 pm","060","T-Junction","Straight road","Level","Not Applicable","Sealed","Dry","Not Raining","Daylight","Right Angle","02","Driver Rider","2: MI","No Control","","",1333610.1,1685123.47,"13336101685123"
"2017-3049-27/05/2021","3 Country","LAMEROO","5302","SOUTHERN MALLEE DISTRICT COUNCIL",1,0,0,0,0,2017,"March","Monday","05:50 pm","110","Not Divided","CURVED, VIEW OPEN","Crest of Hill","Road hump or Slow point","Sealed","Dry","Not Raining","Daylight","Roll Over","01","Driver Rider","1: PDO","No Control","","",1494715,1618772.38,"14947151618772"
"2017-3050-27/05/2021","2 Metropolitan","WELLAND","5007","CITY OF CHARLES STURT",2,1,0,0,1,2017,"March","Monday","08:20 pm","060","Cross Road","Straight road","Level","Not Applicable","Sealed","Dry","Not Raining","Night","Right Angle","01","Driver Rider","2: MI","Give Way Sign","","",1324861.82,1673188.4,"13248621673188"
"2017-3051-27/05/2021","2 Metropolitan","EVANSTON","5116","CT GAWLER.                    ",2,1,0,0,1,2017,"March","Monday","09:15 pm","050","Not Divided","Straight road","Level","Not Applicable","Sealed","Dry","Not Raining","Night","Hit Fixed Object","01","Driver Rider","2: MI","No Control","Y","",1342316.63,1704226.61,"13423171704227"
"2017-3052-27/05/2021","3 Country","WAIKERIE","5330","LOXTON WAIKERIE DISTRICT COUNCIL",2,1,0,0,1,2017,"March","Monday","08:30 pm","040","Not Divided","Straight road","Level","Not Applicable","Sealed","Dry","Not Raining","Night","Hit Fixed Object","01","Driver Rider","2: MI","No Control","","",1457936.05,1749282.06,"14579361749282"
"2017-3053-27/05/2021","2 Metropolitan","PARAFIELD GARDENS","5107","CITY OF SALISBURY",2,0,0,0,0,2017,"March","Tuesday","05:15 am","050","Not Divided","Straight road","Level","Not Applicable","Sealed","Dry","Not Raining","Night","Hit Parked Vehicle","01","Driver Rider","1: PDO","No Control","","",1330229.44,1686611.99,"13302291686612"
"2017-3054-27/05/2021","2 Metropolitan","BRIDGEWATER","5155","THE ADELAIDE HILLS COUNCIL",2,2,0,0,2,2017,"March","Monday","11:05 am","050","Not Divided","CURVED, VIEW OPEN","Slope","Driveway or Entrance","Sealed","Dry","Not Raining","Daylight","Head On","02","Driver Rider","2: MI","No Control","","",1343327.18,1660833.75,"13433271660834"
"2017-3055-27/05/2021","2 Metropolitan","PARA HILLS WEST","5096","CITY OF SALISBURY",2,0,0,0,0,2017,"March","Monday","01:05 pm","080","Divided Road","Straight road","Level","Not Applicable","Sealed","Dry","Not Raining","Daylight","Side Swipe","02","Driver Rider","1: PDO","No Control","","",1332612.04,1684501.28,"13326121684501"
"2017-3056-27/05/2021","3 Country","WHYALLA BARSON","5601","CC WHYALLA.                   ",3,0,0,0,0,2017,"March","Tuesday","07:10 am","100","Not Divided","CURVED, VIEW OPEN","Level","Not Applicable","Sealed","Dry","Not Raining","Night","Hit Animal","02","Animal","1: PDO","No Control","","",1238789.25,1885543.64,"12387891885544"
"2017-3057-27/05/2021","3 Country","GLOSSOP","5344","THE BERRI BARMERA COUNCIL",2,0,0,0,0,2017,"March","Tuesday","08:00 am","050","Not Divided","Straight road","Level","Not Applicable","Sealed","Dry","Not Raining","Daylight","Hit Parked Vehicle","01","Driver Rider","1: PDO","No Control","","",1508195.35,1735585.52,"15081951735586"
"2017-3058-27/05/2021","2 Metropolitan","ROSE PARK","5067","CITY OF BURNSIDE",2,1,0,0,1,2017,"March","Tuesday","08:00 am","050","Divided Road","Straight road","Level","Not Applicable","Sealed","Dry","Not Raining","Daylight","Rear End","02","Driver Rider","2: MI","No Control","","",1331466.37,1670222.8,"13314661670223"
"2017-3059-27/05/2021","2 Metropolitan","MCLAREN VALE","5171","CITY OF ONKAPARINGA",2,2,0,0,2,2017,"March","Sunday","12:37 pm","080","Cross Road","Straight road","Level","Not Applicable","Sealed","Dry","Not Raining","Daylight","Right Angle","01","Driver Rider","2: MI","Stop Sign","","",1322263.95,1639474.19,"13222641639474"
"2017-3060-27/05/2021","2 Metropolitan","MAYLANDS","5069","CC OF NORWOOD,PAYNEHAM & ST PETERS",2,0,0,0,0,2017,"March","Tuesday","08:53 am","060","T-Junction","Straight road","Level","Not Applicable","Sealed","Dry","Not Raining","Daylight","Right Angle","01","Driver Rider","1: PDO","Give Way Sign","","",1331954.24,1671754.33,"13319541671754"
"2017-3061-27/05/2021","2 Metropolitan","PENNINGTON","5013","CITY OF CHARLES STURT",2,0,0,0,0,2017,"March","Tuesday","09:25 am","050","Not Divided","Straight road","Level","Not Applicable","Sealed","Dry","Not Raining","Daylight","Hit Fixed Object","01","Driver Rider","1: PDO","No Control","","",1322587.09,1678721.81,"13225871678722"
"2017-3062-27/05/2021","3 Country","TARLEE","5411","CLARE AND GILBERT VALLEYS DISTRICT COUNCIL",2,1,0,0,1,2017,"March","Monday","08:00 am","060","Not Divided","CURVED, VIEW OPEN","Slope","Not Applicable","Sealed","Dry","Not Raining","Daylight","Side Swipe","01","Driver Rider","2: MI","No Control","","",1346549.3,1742512.16,"13465491742512"
"2017-3063-27/05/2021","3 Country","COWIRRA","5238","MID MURRAY DISTRICT COUNCIL",2,0,0,0,0,2017,"March","Monday","02:30 pm","100","T-Junction","Straight road","Level","Not Applicable","Sealed","Dry","Not Raining","Daylight","Right Angle","01","Driver Rider","1: PDO","No Control","","",1395052.3,1670383.9,"13950521670384"
"2017-3064-27/05/2021","2 Metropolitan","KENT TOWN","5067","CC OF NORWOOD,PAYNEHAM & ST PETERS",2,0,0,0,0,2017,"March","Sunday","02:30 pm","060","Cross Road","Straight road","Level","Not Applicable","Sealed","Dry","Not Raining","Daylight","Rear End","02","Driver Rider","1: PDO","Traffic Signals","","",1330254.3,1670696.13,"13302541670696"