"REPORT_ID","Stats Area","Suburb","Postcode","LGA Name","Total Units","Total Cas","Total Fats","Total SI","Total MI","Year","Month","Day","Time","Area Speed","Position Type","Horizontal Align","Vertical Align","Other Feat","Road Surface","Moisture Cond","Weather Cond","DayNight","Crash Type","Unit Resp","Entity Code","CSEF Severity","Traffic Ctrls","DUI Involved","Drugs Involved","ACCLOC_X","ACCLOC_Y","UNIQUE_LOC"
"2017-3145-27/05/2021","2 Metropolitan","WATERLOO CORNER","5110","CITY OF SALISBURY",3,0,0,0,0,2017,"March","Thursday","08:28 am","090","Not Divided","Straight road","Level","Not Applicable","Sealed","Wet","Not Raining","Daylight","Rear End","01","Driver Rider","1: PDO","No Control","","",1328310.1,1692244.86,"13283101692245"
"2017-3146-27/05/2021","2 Metropolitan","MAWSON LAKES","5095","CITY OF SALISBURY",5,1,0,0,1,2017,"March","Thursday","06:20 am","080","Divided Road","Straight road","Level","Not Applicable","Sealed","Wet","Raining","Night","Rear End","01","Driver Rider","2: MI","No Control","","",1328696.89,1683509.41,"13286971683509"
"2017-3147-27/05/2021","2 Metropolitan","GRANGE","5022","CITY OF CHARLES STURT",2,1,0,0,1,2017,"March","Thursday","08:30 am","050","Not Divided","Straight road","Level","Not Applicable","Sealed","Wet","Not Raining","Daylight","Rear End","02","Driver Rider","2: MI","No Control","","",1318601.99,1673741.82,"13186021673742"
"2017-3148-27/05/2021","3 Country","GLENCOE","5291","WATTLE RANGE COUNCIL",2,0,0,0,0,2017,"March","Thursday","06:30 am","100","Not Divided","CURVED, VIEW OPEN","Bottom of Hill","Not Applicable","Sealed","Wet","Raining","Night","Hit Fixed Object","09","Other","1: PDO","No Control","","",1494840.29,1354519.44,"14948401354519"
"2017-3149-27/05/2021","2 Metropolitan","STIRLING","5152","THE ADELAIDE HILLS COUNCIL",2,0,0,0,0,2017,"March","Thursday","08:30 am","100","Divided Road","Straight road","Slope","Not Applicable","Sealed","Wet","Unknown","Daylight","Rear End","02","Driver Rider","1: PDO","No Control","","",1339306.27,1661997.17,"13393061661997"
"2017-3150-27/05/2021","2 Metropolitan","MODBURY","5092","CITY OF TEA TREE GULLY",3,1,0,0,1,2017,"March","Thursday","07:10 am","060","T-Junction","Straight road","Level","Not Applicable","Sealed","Dry","Not Raining","Night","Right Turn","01","Driver Rider","2: MI","Traffic Signals","","",1337504.95,1680640.09,"13375051680640"
"2017-3151-27/05/2021","3 Country","PORT AUGUSTA","5700","CC PT.AUGUSTA.                ",2,0,0,0,0,2017,"March","Thursday","09:20 am","050","T-Junction","Straight road","Level","Not Applicable","Sealed","Wet","Raining","Daylight","Right Turn","02","Driver Rider","1: PDO","No Control","","",1260490.03,1941419.99,"12604901941420"
"2017-3152-27/05/2021","2 Metropolitan","DERNANCOURT","5075","CITY OF TEA TREE GULLY",2,1,0,0,1,2017,"March","Thursday","08:19 am","050","Not Divided","Straight road","Level","Driveway or Entrance","Sealed","Dry","Not Raining","Daylight","Hit Parked Vehicle","01","Driver Rider","2: MI","No Control","","",1335113.56,1677476.82,"13351141677477"
"2017-3153-27/05/2021","3 Country","MOUNT GAMBIER","5290","CC MT.GAMBIER.                ",2,1,0,0,1,2017,"March","Thursday","09:05 am","060","Cross Road","Straight road","Crest of Hill","Not Applicable","Sealed","Dry","Not Raining","Daylight","Rear End","02","Driver Rider","2: MI","Roundabout","","",1509805.52,1340997.45,"15098061340997"
"2017-3154-27/05/2021","2 Metropolitan","GLENELG SOUTH","5045","CITY OF HOLDFAST BAY",2,0,0,0,0,2017,"March","Thursday","08:25 am","060","Cross Road","Straight road","Level","Not Applicable","Sealed","Dry","Not Raining","Daylight","Right Turn","02","Driver Rider","1: PDO","Traffic Signals","","",1321038.91,1664346.95,"13210391664347"
"2017-3155-27/05/2021","2 Metropolitan","GLENSIDE","5065","CITY OF BURNSIDE",2,1,0,0,1,2017,"March","Thursday","09:20 am","060","T-Junction","Straight road","Slope","Not Applicable","Sealed","Dry","Not Raining","Daylight","Hit Pedestrian","01","Driver Rider","2: MI","Traffic Signals","","",1332322.98,1668698.73,"13323231668699"
"2017-3156-27/05/2021","2 Metropolitan","WARRADALE","5046","CC MARION.                    ",2,3,0,0,3,2017,"March","Thursday","08:31 am","050","Not Divided","Straight road","Level","Not Applicable","Sealed","Dry","Not Raining","Daylight","Hit Parked Vehicle","01","Driver Rider","2: MI","No Control","","",1322680.48,1660794.99,"13226801660795"
"2017-3157-27/05/2021","2 Metropolitan","BELLEVUE HEIGHTS","5050","CC MITCHAM.                   ",1,1,0,0,1,2017,"March","Thursday","08:55 am","050","Not Divided","Straight road","Level","Not Applicable","Sealed","Wet","Not Raining","Daylight","Roll Over","01","Driver Rider","2: MI","No Control","","",1326734.83,1658963.8,"13267351658964"
"2017-3158-27/05/2021","2 Metropolitan","FLAGSTAFF HILL","5159","CITY OF ONKAPARINGA",1,1,0,0,1,2017,"March","Wednesday","12:30 pm","060","Divided Road","Straight road","Slope","Driveway or Entrance","Sealed","Dry","Not Raining","Daylight","Roll Over","01","Driver Rider","2: MI","No Control","","",1328090.6,1656089.61,"13280911656090"
"2017-3159-27/05/2021","2 Metropolitan","FLINDERS PARK","5025","CITY OF CHARLES STURT",2,1,0,0,1,2017,"March","Wednesday","07:00 pm","060","Cross Road","Straight road","Level","Not Applicable","Sealed","Wet","Raining","Daylight","Rear End","02","Driver Rider","2: MI","Traffic Signals","","",1323667.72,1673152.85,"13236681673153"
"2017-3160-27/05/2021","2 Metropolitan","MORPHETT VALE","5162","CITY OF ONKAPARINGA",2,0,0,0,0,2017,"March","Thursday","11:00 am","060","Divided Road","Straight road","Level","Not Applicable","Sealed","Dry","Not Raining","Daylight","Hit Pedestrian","02","Driver Rider","1: PDO","No Control","","",1320662.12,1651015.71,"13206621651016"
"2017-3161-27/05/2021","2 Metropolitan","PLYMPTON","5038","CITY OF WEST TORRENS",2,0,0,0,0,2017,"March","Thursday","08:30 am","050","T-Junction","Straight road","Level","Not Applicable","Sealed","Dry","Not Raining","Daylight","Right Angle","01","Driver Rider","1: PDO","No Control","","",1323758.02,1666461.3,"13237581666461"
"2017-3162-27/05/2021","2 Metropolitan","UNLEY","5061","CITY OF UNLEY",3,2,0,0,2,2017,"March","Thursday","08:30 am","050","Cross Road","Straight road","Level","Not Applicable","Sealed","Dry","Not Raining","Daylight","Rear End","01","Driver Rider","2: MI","Traffic Signals","","",1328488.62,1668945.86,"13284891668946"
"2017-3163-27/05/2021","2 Metropolitan","FLINDERS PARK","5025","CITY OF CHARLES STURT",2,0,0,0,0,2017,"March","Thursday","11:45 am","060","Not Divided","Straight road","Level","Not Applicable","Sealed","Dry","Not Raining","Daylight","Side Swipe","02","Driver Rider","1: PDO","No Control","","",1324126.22,1673148.15,"13241261673148"
"2017-3164-27/05/2021","3 Country","STUART","5320","MID MURRAY DISTRICT COUNCIL",1,0,0,0,0,2017,"March","Tuesday","05:50 pm","100","Not Divided","CURVED, VIEW OPEN","Level","Not Applicable","Unsealed","Dry","Not Raining","Daylight","Roll Over","01","Driver Rider","1: PDO","No Control","","",1433408.61,1770791.53,"14334091770792"
"2017-3165-27/05/2021","3 Country","LAMEROO","5302","SOUTHERN MALLEE DISTRICT COUNCIL",2,1,0,1,0,2017,"March","Sunday","06:00 am","100","Not Divided","CURVED, VIEW OBSCURED","Level","Not Applicable","Sealed","Dry","Not Raining","Night","Hit Fixed Object","09","Other","3: SI","No Control","","",1497496.45,1659168.99,"14974961659169"
"2017-3166-27/05/2021","3 Country","WHYALLA STUART","5608","CC WHYALLA.                   ",2,0,0,0,0,2017,"March","Thursday","11:45 am","060","Divided Road","Straight road","Level","Not Applicable","Sealed","Wet","Raining","Daylight","Hit Fixed Object","01","Driver Rider","1: PDO","No Control","","",1235015.04,1884523.24,"12350151884523"
"2017-3167-27/05/2021","3 Country","KALANGADOO","5278","WATTLE RANGE COUNCIL",2,1,0,0,1,2017,"March","Thursday","08:30 am","110","T-Junction","CURVED, VIEW OPEN","Level","Not Applicable","Sealed","Wet","Not Raining","Daylight","Roll Over","01","Driver Rider","2: MI","No Control","","",1504367.83,1373333.34,"15043681373333"
"2017-3168-27/05/2021","3 Country","MOUNT PLEASANT","5235","THE BAROSSA COUNCIL.",2,1,0,0,1,2017,"March","Wednesday","06:30 pm","080","Not Divided","CURVED, VIEW OBSCURED","Level","Roadworks","Sealed","Wet","Raining","Daylight","Hit Fixed Object","01","Driver Rider","2: MI","No Control","","",1371779.65,1687846.22,"13717801687846"
"2017-3169-27/05/2021","3 Country","NURIOOTPA","5355","THE BAROSSA COUNCIL.",2,1,0,1,0,2017,"March","Thursday","02:50 pm","060","Cross Road","Straight road","Level","Not Applicable","Sealed","Dry","Not Raining","Daylight","Right Angle","02","Driver Rider","3: SI","Roundabout","","",1365357.19,1716791.02,"13653571716791"
"2017-3170-27/05/2021","2 Metropolitan","BEDFORD PARK","5042","CC MITCHAM.                   ",3,0,0,0,0,2017,"March","Thursday","03:11 pm","060","Divided Road","Straight road","Level","Roadworks","Sealed","Dry","Not Raining","Daylight","Rear End","01","Driver Rider","1: PDO","No Control","","",1325331.89,1660605.96,"13253321660606"
"2017-3171-27/05/2021","1 City","ADELAIDE","5000","CITY OF ADELAIDE",2,0,0,0,0,2017,"March","Thursday","03:35 pm","050","Divided Road","Straight road","Level","Not Applicable","Sealed","Dry","Not Raining","Daylight","Rear End","01","Driver Rider","1: PDO","No Control","","",1327601.89,1670797.66,"13276021670798"
"2017-3172-27/05/2021","2 Metropolitan","SALISBURY PARK","5109","CITY OF SALISBURY",2,0,0,0,0,2017,"March","Thursday","04:40 pm","080","Divided Road","Straight road","Level","Not Applicable","Sealed","Dry","Not Raining","Daylight","Rear End","02","Driver Rider","1: PDO","No Control","","",1335524.13,1688217.32,"13355241688217"
"2017-3173-27/05/2021","2 Metropolitan","MAWSON LAKES","5095","CITY OF SALISBURY",2,0,0,0,0,2017,"March","Thursday","04:20 pm","070","Cross Road","Straight road","Level","Not Applicable","Sealed","Dry","Not Raining","Daylight","Rear End","02","Driver Rider","1: PDO","Traffic Signals","","",1329549.75,1684430.78,"13295501684431"
"2017-3174-27/05/2021","2 Metropolitan","ST MORRIS","5068","CC OF NORWOOD,PAYNEHAM & ST PETERS",2,1,0,1,0,2017,"March","Thursday","01:24 pm","060","Pedestrian Crossing","Straight road","Slope","Not Applicable","Sealed","Dry","Not Raining","Daylight","Hit Pedestrian","01","Driver Rider","3: SI","Traffic Signals","","",1333763.83,1671802.37,"13337641671802"
"2017-3175-27/05/2021","2 Metropolitan","PARADISE","5075","CC CAMPBELLTOWN.              ",2,0,0,0,0,2017,"March","Thursday","04:00 pm","060","T-Junction","Straight road","Level","Not Applicable","Sealed","Dry","Not Raining","Daylight","Right Angle","02","Driver Rider","1: PDO","No Control","","",1334652.45,1675977.24,"13346521675977"
"2017-3176-27/05/2021","2 Metropolitan","PAYNEHAM","5070","CC OF NORWOOD,PAYNEHAM & ST PETERS",2,1,0,0,1,2017,"March","Thursday","04:42 pm","060","Cross Road","Straight road","Level","Not Applicable","Sealed","Dry","Not Raining","Daylight","Rear End","02","Driver Rider","2: MI","Traffic Signals","","",1332176.1,1673782.43,"13321761673782"
"2017-3177-27/05/2021","3 Country","YARRAH","5433","THE FLINDERS RANGES COUNCIL.",1,0,0,0,0,2017,"March","Thursday","03:10 pm","100","Not Divided","CURVED, VIEW OPEN","Slope","Bridge, Culvert, Causeway","Unsealed","Dry","Not Raining","Daylight","Left Road - Out of Control","01","Driver Rider","1: PDO","No Control","","",1287582.76,1982102.17,"12875831982102"
"2017-3178-27/05/2021","2 Metropolitan","WEST RICHMOND","5033","CITY OF WEST TORRENS",2,0,0,0,0,2017,"March","Wednesday","09:10 pm","060","T-Junction","Straight road","Level","Not Applicable","Sealed","Dry","Not Raining","Night","Right Turn","02","Driver Rider","1: PDO","No Control","","",1324160.6,1669163.91,"13241611669164"
"2017-3179-27/05/2021","2 Metropolitan","TOORAK GARDENS","5065","CITY OF BURNSIDE",2,0,0,0,0,2017,"March","Thursday","06:00 pm","060","Cross Road","Straight road","Level","Not Applicable","Sealed","Dry","Not Raining","Daylight","Right Turn","02","Driver Rider","1: PDO","Give Way Sign","","",1331992.08,1669046.61,"13319921669047"
"2017-3180-27/05/2021","2 Metropolitan","HUNTFIELD HEIGHTS","5163","CITY OF ONKAPARINGA",2,0,0,0,0,2017,"March","Thursday","05:25 pm","050","Not Divided","CURVED, VIEW OPEN","Level","Driveway or Entrance","Sealed","Dry","Not Raining","Daylight","Rear End","01","Driver Rider","1: PDO","No Control","","",1319233.42,1645544.05,"13192331645544"
"2017-3181-27/05/2021","3 Country","MOONTA","5558","COPPER COAST DISTRICT COUNCIL",2,0,0,0,0,2017,"March","Thursday","04:00 pm","050","Not Divided","Straight road","Level","Not Applicable","Sealed","Dry","Not Raining","Daylight","Other","02","Pedestrian","1: PDO","No Control","","",1238424.76,1768818.49,"12384251768818"
"2017-3182-27/05/2021","2 Metropolitan","GLENGOWRIE","5044","CC MARION.                    ",2,2,0,0,2,2017,"March","Thursday","04:50 pm","060","T-Junction","Straight road","Level","Not Applicable","Sealed","Dry","Not Raining","Daylight","Right Angle","02","Driver Rider","2: MI","Give Way Sign","","",1322662.43,1664460.36,"13226621664460"
"2017-3183-27/05/2021","2 Metropolitan","MOUNT BARKER","5251","DC MT.BARKER.                 ",2,0,0,0,0,2017,"March","Thursday","07:45 pm","050","T-Junction","Straight road","Level","Not Applicable","Sealed","Dry","Not Raining","Night","Rear End","01","Driver Rider","1: PDO","No Control","","",1351803.72,1652669.22,"13518041652669"
"2017-3184-27/05/2021","3 Country","VIVONNE BAY","5223","KANGAROO ISLAND COUNCIL",1,0,0,0,0,2017,"March","Wednesday","02:30 pm","100","Not Divided","CURVED, VIEW OBSCURED","Bottom of Hill","Not Applicable","Unsealed","Wet","Not Raining","Daylight","Roll Over","01","Driver Rider","1: PDO","No Control","","",1194947.18,1558417.6,"11949471558418"
"2017-3185-27/05/2021","2 Metropolitan","ROYAL PARK","5014","CITY OF CHARLES STURT",3,0,0,0,0,2017,"March","Thursday","07:45 pm","050","T-Junction","Straight road","Level","Not Applicable","Sealed","Dry","Not Raining","Night","Hit Fixed Object","01","Driver Rider","1: PDO","No Control","","",1320155.1,1676342.16,"13201551676342"
"2017-3186-27/05/2021","3 Country","MOUNT GAMBIER","5290","CC MT.GAMBIER.                ",2,0,0,0,0,2017,"March","Thursday","03:30 pm","050","Not Divided","Straight road","Slope","Not Applicable","Sealed","Dry","Not Raining","Daylight","Hit Pedestrian","01","Driver Rider","1: PDO","No Control","","",1511178.91,1338162.07,"15111791338162"
"2017-3187-27/05/2021","3 Country","PORT AUGUSTA","5700","CC PT.AUGUSTA.                ",3,0,0,0,0,2017,"March","Thursday","09:10 pm","060","Not Divided","Straight road","Level","Driveway or Entrance","Sealed","Dry","Not Raining","Night","Side Swipe","02","Driver Rider","1: PDO","No Control","","",1260055.57,1941651.85,"12600561941652"
"2017-3188-27/05/2021","3 Country","HINDMARSH ISLAND","5214","ALEXANDRINA COUNCIL",3,0,0,0,0,2017,"March","Thursday","09:50 pm","100","Not Divided","CURVED, VIEW OPEN","Level","Not Applicable","Sealed","Dry","Not Raining","Night","Hit Fixed Object","01","Driver Rider","1: PDO","No Control","","",1344596.75,1605269.19,"13445971605269"
"2017-3189-27/05/2021","2 Metropolitan","ELIZABETH VALE","5112","CITY OF PLAYFORD.",2,1,0,0,1,2017,"March","Friday","06:15 am","060","Not Divided","Straight road","Level","Not Applicable","Sealed","Dry","Not Raining","Night","Hit Parked Vehicle","01","Driver Rider","2: MI","No Control","","",1335797.82,1690840.23,"13357981690840"
"2017-3190-27/05/2021","2 Metropolitan","NORWOOD","5067","CC OF NORWOOD,PAYNEHAM & ST PETERS",3,1,0,0,1,2017,"March","Thursday","12:55 pm","060","Cross Road","Straight road","Level","Not Applicable","Sealed","Dry","Not Raining","Daylight","Right Angle","01","Driver Rider","2: MI","Stop Sign","","",1331874.28,1670398.69,"13318741670399"
"2017-3191-27/05/2021","2 Metropolitan","PAECHTOWN","5245","DC MT.BARKER.                 ",3,0,0,0,0,2017,"March","Friday","06:13 am","110","Freeway","Straight road","Level","Not Applicable","Sealed","Dry","Not Raining","Night","Rear End","01","Driver Rider","1: PDO","No Control","","",1347859.81,1656848.4,"13478601656848"
"2017-3192-27/05/2021","2 Metropolitan","BURNSIDE","5066","CITY OF BURNSIDE",3,0,0,0,0,2017,"March","Wednesday","12:45 pm","060","Not Divided","Straight road","Slope","Not Applicable","Sealed","Dry","Not Raining","Daylight","Rear End","01","Driver Rider","1: PDO","No Control","","",1334752.58,1669159.27,"13347531669159"
"2017-3193-27/05/2021","2 Metropolitan","MOUNT OSMOND","5064","CITY OF BURNSIDE",2,0,0,0,0,2017,"March","Thursday","06:25 am","060","Not Divided","CURVED, VIEW OBSCURED","Slope","Not Applicable","Sealed","Wet","Raining","Night","Hit Fixed Object","01","Driver Rider","1: PDO","No Control","","",1334171.81,1666874.09,"13341721666874"
"2017-3194-27/05/2021","2 Metropolitan","SEAFORD MEADOWS","5169","CITY OF ONKAPARINGA",2,0,0,0,0,2017,"March","Friday","09:10 am","050","Divided Road","Straight road","Level","Not Applicable","Sealed","Dry","Not Raining","Daylight","Hit Fixed Object","01","Driver Rider","1: PDO","No Control","","",1316447.77,1643812.08,"13164481643812"
"2017-3195-27/05/2021","2 Metropolitan","BROMPTON","5007","CITY OF CHARLES STURT",3,2,0,0,2,2017,"March","Thursday","12:38 pm","040","Cross Road","Straight road","Level","Not Applicable","Sealed","Dry","Not Raining","Daylight","Right Angle","02","Driver Rider","2: MI","Stop Sign","","",1326439.18,1673261.58,"13264391673262"
"2017-3196-27/05/2021","2 Metropolitan","DRY CREEK","5094","CITY OF SALISBURY",3,0,0,0,0,2017,"March","Friday","07:30 am","090","Divided Road","Straight road","Slope","Bridge, Culvert, Causeway","Sealed","Dry","Not Raining","Daylight","Rear End","01","Driver Rider","1: PDO","No Control","","",1328663.35,1683285.34,"13286631683285"
"2017-3197-27/05/2021","2 Metropolitan","SEATON","5023","CITY OF CHARLES STURT",2,1,0,0,1,2017,"March","Thursday","03:45 pm","060","Cross Road","Straight road","Level","Not Applicable","Sealed","Dry","Not Raining","Daylight","Rear End","02","Driver Rider","2: MI","Traffic Signals","","",1320713.46,1676070.15,"13207131676070"
"2017-3198-27/05/2021","2 Metropolitan","ST MARYS","5042","CC MITCHAM.                   ",2,0,0,0,0,2017,"March","Friday","09:25 am","060","Cross Road","Straight road","Level","Not Applicable","Sealed","Dry","Not Raining","Daylight","Side Swipe","01","Driver Rider","1: PDO","Give Way Sign","","",1325986.83,1662296.25,"13259871662296"
"2017-3199-27/05/2021","3 Country","CLARE","5453","CLARE AND GILBERT VALLEYS DISTRICT COUNCIL",2,1,0,0,1,2017,"March","Friday","08:30 am","050","Cross Road","Straight road","Level","Not Applicable","Sealed","Dry","Not Raining","Daylight","Right Angle","02","Driver Rider","2: MI","Give Way Sign","","",1334044.48,1792121.89,"13340441792122"
"2017-3200-27/05/2021","2 Metropolitan","SALISBURY DOWNS","5108","CITY OF SALISBURY",2,0,0,0,0,2017,"March","Friday","09:56 am","060","T-Junction","Straight road","Level","Not Applicable","Sealed","Dry","Not Raining","Daylight","Right Angle","01","Driver Rider","1: PDO","No Control","","",1331820.09,1687283.3,"13318201687283"
"2017-3201-27/05/2021","2 Metropolitan","GEPPS CROSS","5094","CITY OF PORT ADELAIDE ENFIELD",2,1,0,0,1,2017,"March","Thursday","06:00 pm","070","T-Junction","Straight road","Level","Not Applicable","Sealed","Dry","Not Raining","Daylight","Rear End","02","Driver Rider","2: MI","No Control","","",1327996.71,1680007.12,"13279971680007"
"2017-3202-27/05/2021","2 Metropolitan","BURNSIDE","5066","CITY OF BURNSIDE",2,0,0,0,0,2017,"March","Tuesday","03:00 pm","060","T-Junction","Straight road","Slope","Not Applicable","Sealed","Dry","Not Raining","Daylight","Side Swipe","01","Driver Rider","1: PDO","Stop Sign","","",1334752.82,1669124.21,"13347531669124"
"2017-3203-27/05/2021","2 Metropolitan","SALISBURY PARK","5109","CITY OF SALISBURY",2,0,0,0,0,2017,"March","Thursday","08:00 pm","025","Divided Road","Straight road","Level","Roadworks","Sealed","Dry","Not Raining","Night","Rear End","01","Driver Rider","1: PDO","No Control","","",1335673.87,1688445.83,"13356741688446"
"2017-3204-27/05/2021","2 Metropolitan","FULHAM GARDENS","5024","CITY OF CHARLES STURT",2,1,0,0,1,2017,"March","Friday","08:45 am","060","Cross Road","Straight road","Level","Not Applicable","Sealed","Dry","Not Raining","Daylight","Rear End","01","Driver Rider","2: MI","Traffic Signals","","",1320790.05,1673070.27,"13207901673070"
"2017-3205-27/05/2021","2 Metropolitan","BLEWITT SPRINGS","5171","CITY OF ONKAPARINGA",2,0,0,0,0,2017,"March","Friday","08:15 am","080","Not Divided","CURVED, VIEW OBSCURED","Level","Not Applicable","Sealed","Dry","Not Raining","Daylight","Hit Animal","02","Animal","1: PDO","No Control","","",1326213.24,1644095.85,"13262131644096"
"2017-3206-27/05/2021","2 Metropolitan","STURT","5047","CC MARION.                    ",2,0,0,0,0,2017,"March","Friday","11:00 am","060","T-Junction","Straight road","Level","Not Applicable","Sealed","Dry","Not Raining","Daylight","Right Angle","01","Driver Rider","1: PDO","Give Way Sign","","",1324095.63,1659437.07,"13240961659437"
"2017-3207-27/05/2021","2 Metropolitan","NORTH PLYMPTON","5037","CITY OF WEST TORRENS",2,0,0,0,0,2017,"March","Friday","11:10 am","050","Not Divided","Straight road","Level","Not Applicable","Sealed","Dry","Not Raining","Daylight","Side Swipe","01","Driver Rider","1: PDO","No Control","","",1324784.14,1668237.71,"13247841668238"
"2017-3208-27/05/2021","3 Country","CAPE JERVIS","5204","DC YANKALILLA.                ",2,0,0,0,0,2017,"March","Friday","07:10 am","100","Not Divided","Unknown","Unknown","Not Applicable","Sealed","Dry","Not Raining","Night","Hit Animal","02","Animal","1: PDO","No Control","","",1283454.64,1596698.46,"12834551596698"
"2017-3209-27/05/2021","2 Metropolitan","WOODVILLE GARDENS","5012","CITY OF PORT ADELAIDE ENFIELD",2,0,0,0,0,2017,"March","Friday","10:20 am","050","Cross Road","Straight road","Level","Not Applicable","Sealed","Dry","Not Raining","Daylight","Right Angle","01","Driver Rider","1: PDO","Give Way Sign","","",1324058.54,1677476.42,"13240591677476"
"2017-3210-27/05/2021","2 Metropolitan","WATERLOO CORNER","5110","CITY OF SALISBURY",2,0,0,0,0,2017,"March","Thursday","02:30 pm","090","Divided Road","Straight road","Level","Not Applicable","Sealed","Dry","Not Raining","Daylight","Side Swipe","02","Driver Rider","1: PDO","No Control","","",1327369.69,1693088.62,"13273701693089"
"2017-3211-27/05/2021","2 Metropolitan","PARAFIELD","5106","CITY OF SALISBURY",2,0,0,0,0,2017,"March","Friday","03:39 pm","080","Cross Road","Straight road","Level","Not Applicable","Sealed","Dry","Not Raining","Daylight","Rear End","02","Driver Rider","1: PDO","Traffic Signals","","",1332537.93,1684407.94,"13325381684408"
"2017-3212-27/05/2021","2 Metropolitan","MAWSON LAKES","5095","CITY OF SALISBURY",3,1,0,0,1,2017,"March","Friday","02:58 pm","070","T-Junction","Straight road","Level","Not Applicable","Sealed","Dry","Not Raining","Daylight","Side Swipe","01","Driver Rider","2: MI","Give Way Sign","","",1329242.21,1684041.5,"13292421684042"
"2017-3213-27/05/2021","3 Country","WILLOCHRA","5433","THE FLINDERS RANGES COUNCIL.",3,0,0,0,0,2017,"March","Thursday","06:00 pm","110","Not Divided","Straight road","Level","Not Applicable","Sealed","Dry","Not Raining","Daylight","Hit Animal","02","Animal","1: PDO","No Control","","",1302578.8,1978253.51,"13025791978254"
"2017-3214-27/05/2021","2 Metropolitan","CAVAN","5094","CITY OF SALISBURY",5,0,0,0,0,2017,"March","Friday","04:10 pm","060","Divided Road","Straight road","Level","Not Applicable","Sealed","Dry","Not Raining","Daylight","Rear End","01","Driver Rider","1: PDO","No Control","","",1328427.91,1681221.23,"13284281681221"
"2017-3215-27/05/2021","2 Metropolitan","MUNNO PARA","5115","CITY OF PLAYFORD.",2,0,0,0,0,2017,"March","Friday","03:30 pm","050","Cross Road","Straight road","Level","Not Applicable","Sealed","Dry","Not Raining","Daylight","Right Turn","02","Driver Rider","1: PDO","Stop Sign","","",1337263.22,1698554.28,"13372631698554"
"2017-3216-27/05/2021","2 Metropolitan","GLENGOWRIE","5044","CC MARION.                    ",2,0,0,0,0,2017,"March","Thursday","07:30 pm","050","Not Divided","Straight road","Level","Not Applicable","Sealed","Dry","Not Raining","Night","Hit Parked Vehicle","01","Driver Rider","1: PDO","No Control","","",1322251.31,1664185.4,"13222511664185"
"2017-3217-27/05/2021","2 Metropolitan","MALVERN","5061","CITY OF UNLEY",2,0,0,0,0,2017,"March","Friday","03:50 pm","050","Not Divided","Straight road","Level","Not Applicable","Sealed","Dry","Not Raining","Daylight","Side Swipe","01","Driver Rider","1: PDO","No Control","","",1329728.89,1667216.37,"13297291667216"
"2017-3218-27/05/2021","3 Country","ANANGU PITJANTJATJARA YANKUNYTJATJARA","0872",,1,1,1,0,0,2017,"March","Thursday","06:40 pm","100","Not Divided","Straight road","Level","Not Applicable","Unsealed","Dry","Not Raining","Daylight","Roll Over","01","Driver Rider","4: Fatal","No Control","","Y",742211.94,2556316.42,"07422122556316"
"2017-3219-27/05/2021","2 Metropolitan","HOPE VALLEY","5090","CITY OF TEA TREE GULLY",2,1,0,0,1,2017,"March","Friday","02:28 pm","060","T-Junction","Straight road","Level","Not Applicable","Sealed","Dry","Not Raining","Daylight","Hit Pedestrian","01","Driver Rider","2: MI","Traffic Signals","","",1338078.88,1679506.83,"13380791679507"
"2017-3220-27/05/2021","1 City","ADELAIDE","5000","CITY OF ADELAIDE",2,1,0,0,1,2017,"March","Friday","02:20 pm","050","T-Junction","Straight road","Slope","Not Applicable","Sealed","Dry","Not Raining","Daylight","Hit Pedestrian","01","Driver Rider","2: MI","Traffic Signals","","",1328318.5,1671129.68,"13283191671130"
"2017-3221-27/05/2021","2 Metropolitan","ROSEWATER","5013","CITY OF PORT ADELAIDE ENFIELD",2,0,0,0,0,2017,"March","Friday","06:40 pm","060","T-Junction","Straight road","Level","Not Applicable","Sealed","Dry","Not Raining","Daylight","Right Angle","02","Driver Rider","1: PDO","Stop Sign","","",1321383.16,1679095.39,"13213831679095"
"2017-3222-27/05/2021","2 Metropolitan","MYRTLE BANK","5064","CITY OF UNLEY",2,0,0,0,0,2017,"March","Friday","05:00 pm","060","Not Divided","Straight road","Level","Not Applicable","Sealed","Dry","Not Raining","Daylight","Side Swipe","01","Driver Rider","1: PDO","No Control","","",1330757.11,1666600.67,"13307571666601"
"2017-3223-27/05/2021","2 Metropolitan","TUSMORE","5065","CITY OF BURNSIDE",2,1,0,0,1,2017,"March","Friday","08:00 am","060","Cross Road","Straight road","Level","Not Applicable","Sealed","Dry","Not Raining","Daylight","Rear End","02","Driver Rider","2: MI","Traffic Signals","","",1332324.24,1669046.54,"13323241669047"
"2017-3224-27/05/2021","1 City","ADELAIDE","5000","CITY OF ADELAIDE",2,0,0,0,0,2017,"March","Friday","06:15 pm","050","Not Divided","Straight road","Level","Not Applicable","Sealed","Dry","Not Raining","Daylight","Side Swipe","02","Driver Rider","1: PDO","No Control","","",1327429.38,1670157.98,"13274291670158"
"2017-3225-27/05/2021","2 Metropolitan","GREEN FIELDS","5107","CITY OF SALISBURY",2,0,0,0,0,2017,"March","Friday","02:30 pm","060","T-Junction","Straight road","Level","Not Applicable","Sealed","Dry","Not Raining","Daylight","Right Angle","02","Driver Rider","1: PDO","Give Way Sign","","",1329306.65,1685464.96,"13293071685465"
"2017-3226-27/05/2021","2 Metropolitan","INGLE FARM","5098","CITY OF SALISBURY",2,0,0,0,0,2017,"March","Friday","04:00 pm","070","T-Junction","Straight road","Level","Not Applicable","Sealed","Dry","Not Raining","Daylight","Right Turn","01","Driver Rider","1: PDO","Traffic Signals","","",1332666.48,1681574.09,"13326661681574"