"REPORT_ID","Stats Area","Suburb","Postcode","LGA Name","Total Units","Total Cas","Total Fats","Total SI","Total MI","Year","Month","Day","Time","Area Speed","Position Type","Horizontal Align","Vertical Align","Other Feat","Road Surface","Moisture Cond","Weather Cond","DayNight","Crash Type","Unit Resp","Entity Code","CSEF Severity","Traffic Ctrls","DUI Involved","Drugs Involved","ACCLOC_X","ACCLOC_Y","UNIQUE_LOC"
"2017-3227-27/05/2021","2 Metropolitan","ST MARYS","5042","CC MITCHAM.                   ",2,0,0,0,0,2017,"March","Friday","08:05 pm","060","Cross Road","Straight road","Level","Not Applicable","Sealed","Dry","Not Raining","Night","Right Angle","02","Driver Rider","1: PDO","Give Way Sign","","",1325986.83,1662296.25,"13259871662296"
"2017-3228-27/05/2021","2 Metropolitan","SEATON","5023","CITY OF CHARLES STURT",2,0,0,0,0,2017,"March","Friday","08:30 pm","060","T-Junction","Straight road","Level","Not Applicable","Sealed","Dry","Not Raining","Night","Rear End","01","Driver Rider","1: PDO","Give Way Sign","","",1321302.48,1674698.38,"13213021674698"
"2017-3229-27/05/2021","3 Country","MIDDLETON","5213","ALEXANDRINA COUNCIL",4,1,0,0,1,2017,"March","Friday","10:43 pm","100","Not Divided","Straight road","Level","Not Applicable","Sealed","Dry","Not Raining","Night","Rear End","01","Driver Rider","2: MI","No Control","Y","",1338196.11,1605672.01,"13381961605672"
"2017-3230-27/05/2021","3 Country","WAMI KATA","5700","CC PT.AUGUSTA.                ",2,0,0,0,0,2017,"March","Friday","10:40 pm","060","Not Divided","CURVED, VIEW OPEN","Unknown","Not Applicable","Unsealed","Dry","Unknown","Night","Hit Animal","02","Animal","1: PDO","No Control","","",1261646.84,1945686.2,"12616471945686"
"2017-3231-27/05/2021","2 Metropolitan","KENSINGTON","5068","CC OF NORWOOD,PAYNEHAM & ST PETERS",2,1,0,0,1,2017,"April","Saturday","04:20 am","060","Cross Road","Straight road","Level","Not Applicable","Sealed","Dry","Not Raining","Night","Right Angle","01","Driver Rider","2: MI","Traffic Signals","","",1332259.75,1671076.47,"13322601671076"
"2017-3232-27/05/2021","2 Metropolitan","KIDMAN PARK","5025","CITY OF CHARLES STURT",2,1,0,0,1,2017,"April","Saturday","04:48 am","050","Not Divided","Straight road","Level","Not Applicable","Sealed","Dry","Not Raining","Night","Hit Parked Vehicle","01","Driver Rider","2: MI","No Control","","",1321938.76,1672686.04,"13219391672686"
"2017-3233-27/05/2021","2 Metropolitan","ROSEWORTHY","5371","LIGHT REGIONAL COUNCIL",2,2,0,0,2,2017,"April","Saturday","05:30 am","100","Not Divided","Straight road","Level","Not Applicable","Sealed","Dry","Not Raining","Night","Head On","02","Driver Rider","2: MI","No Control","","",1344106.82,1711278.27,"13441071711278"
"2017-3234-27/05/2021","2 Metropolitan","BEDFORD PARK","5042","CC MITCHAM.                   ",2,0,0,0,0,2017,"April","Saturday","06:40 am","060","T-Junction","Straight road","Level","Roadworks","Sealed","Dry","Not Raining","Night","Rear End","01","Driver Rider","1: PDO","Traffic Signals","","",1325133.01,1660421,"13251331660421"
"2017-3235-27/05/2021","2 Metropolitan","TWO WELLS","5501","DC MALLALA.                   ",1,1,0,0,1,2017,"April","Saturday","07:00 am","110","Divided Road","Straight road","Level","Not Applicable","Sealed","Wet","Raining","Night","Roll Over","01","Driver Rider","2: MI","No Control","","",1322812.8,1703695.38,"13228131703695"
"2017-3236-27/05/2021","2 Metropolitan","STURT","5047","CC MARION.                    ",2,0,0,0,0,2017,"March","Thursday","08:42 am","060","Multiple","Straight road","Level","Not Applicable","Sealed","Dry","Not Raining","Daylight","Side Swipe","02","Driver Rider","1: PDO","Traffic Signals","","",1323558.89,1660650.4,"13235591660650"
"2017-3237-27/05/2021","3 Country","COOMBE","5267","COORONG DISTRICT COUNCIL",2,0,0,0,0,2017,"April","Saturday","07:20 am","110","Not Divided","CURVED, VIEW OBSCURED","Level","Not Applicable","Sealed","Wet","Raining","Night","Hit Fixed Object","01","Driver Rider","1: PDO","No Control","","",1472103.58,1549397.51,"14721041549398"
"2017-3238-27/05/2021","2 Metropolitan","WEST HINDMARSH","5007","CITY OF CHARLES STURT",2,0,0,0,0,2017,"April","Saturday","06:30 am","060","Divided Road","Straight road","Level","Not Applicable","Sealed","Wet","Not Raining","Night","Side Swipe","02","Driver Rider","1: PDO","No Control","","",1325327.44,1672405.19,"13253271672405"
"2017-3239-27/05/2021","2 Metropolitan","TWO WELLS","5501","DC MALLALA.                   ",2,0,0,0,0,2017,"March","Friday","02:45 pm","050","Not Divided","Straight road","Level","Driveway or Entrance","Sealed","Dry","Not Raining","Daylight","Right Angle","02","Driver Rider","1: PDO","No Control","","",1321700.2,1707831.49,"13217001707831"
"2017-3240-27/05/2021","2 Metropolitan","NAILSWORTH","5083","CITY OF PROSPECT",3,0,0,0,0,2017,"March","Friday","08:15 am","060","Divided Road","Straight road","Level","Not Applicable","Sealed","Dry","Not Raining","Daylight","Rear End","02","Driver Rider","1: PDO","No Control","","",1328918.09,1674733.66,"13289181674734"
"2017-3241-27/05/2021","2 Metropolitan","SEAFORD RISE","5169","CITY OF ONKAPARINGA",2,0,0,0,0,2017,"March","Friday","04:40 pm","050","Not Divided","Straight road","Level","Driveway or Entrance","Sealed","Dry","Not Raining","Daylight","Side Swipe","02","Driver Rider","1: PDO","No Control","","",1316989.76,1640470.12,"13169901640470"
"2017-3242-27/05/2021","2 Metropolitan","UNDERDALE","5032","CITY OF WEST TORRENS",3,2,0,0,2,2017,"April","Saturday","07:35 am","060","T-Junction","Straight road","Level","Not Applicable","Sealed","Dry","Not Raining","Daylight","Right Turn","01","Driver Rider","2: MI","Traffic Signals","","",1323855.47,1670942.23,"13238551670942"
"2017-3243-27/05/2021","2 Metropolitan","PARKSIDE","5063","CITY OF UNLEY",2,1,0,0,1,2017,"March","Friday","05:35 pm","060","T-Junction","Straight road","Level","Not Applicable","Sealed","Dry","Not Raining","Daylight","Hit Pedestrian","01","Driver Rider","2: MI","No Control","","",1329072.39,1668463.91,"13290721668464"
"2017-3244-27/05/2021","2 Metropolitan","ALLENBY GARDENS","5009","CITY OF CHARLES STURT",2,1,0,0,1,2017,"April","Saturday","10:20 am","060","T-Junction","Straight road","Level","Not Applicable","Sealed","Dry","Not Raining","Daylight","Side Swipe","01","Driver Rider","2: MI","No Control","","",1324271.66,1674503.72,"13242721674504"
"2017-3245-27/05/2021","2 Metropolitan","CLEARVIEW","5085","CITY OF PORT ADELAIDE ENFIELD",2,1,0,0,1,2017,"March","Wednesday","05:15 pm","060","T-Junction","Straight road","Level","Not Applicable","Sealed","Dry","Not Raining","Daylight","Right Angle","02","Driver Rider","2: MI","No Control","","",1330404.79,1677858.05,"13304051677858"
"2017-3246-27/05/2021","2 Metropolitan","GEPPS CROSS","5094","CITY OF PORT ADELAIDE ENFIELD",2,0,0,0,0,2017,"April","Saturday","11:00 am","070","Divided Road","Straight road","Level","Not Applicable","Sealed","Dry","Not Raining","Daylight","Side Swipe","02","Driver Rider","1: PDO","No Control","","",1329085.87,1679680,"13290861679680"
"2017-3247-27/05/2021","2 Metropolitan","FULHAM","5024","CITY OF WEST TORRENS",2,0,0,0,0,2017,"April","Saturday","11:40 am","060","Divided Road","Straight road","Level","Median Opening (not at I/S)","Sealed","Dry","Not Raining","Daylight","Rear End","02","Driver Rider","1: PDO","No Control","","",1320528.24,1670834.18,"13205281670834"
"2017-3248-27/05/2021","2 Metropolitan","TORRENS PARK","5062","CC MITCHAM.                   ",2,0,0,0,0,2017,"April","Saturday","12:25 pm","060","T-Junction","CURVED, VIEW OBSCURED","Slope","Not Applicable","Sealed","Dry","Not Raining","Daylight","Hit Fixed Object","01","Driver Rider","1: PDO","No Control","","",1329349.09,1663194.41,"13293491663194"
"2017-3249-27/05/2021","2 Metropolitan","PROSPECT","5082","CITY OF PROSPECT",2,0,0,0,0,2017,"March","Friday","09:00 pm","060","T-Junction","Straight road","Level","Not Applicable","Sealed","Dry","Not Raining","Night","Right Angle","02","Driver Rider","1: PDO","Give Way Sign","","",1327263.72,1675316.35,"13272641675316"
"2017-3250-27/05/2021","2 Metropolitan","WINGFIELD","5013","CITY OF PORT ADELAIDE ENFIELD",2,0,0,0,0,2017,"March","Friday","01:17 pm","090","Freeway","Straight road","Level","Not Applicable","Sealed","Dry","Not Raining","Daylight","Side Swipe","02","Driver Rider","1: PDO","No Control","","",1324727.13,1681047.7,"13247271681048"
"2017-3251-27/05/2021","2 Metropolitan","PROSPECT","5082","CITY OF PROSPECT",2,1,0,1,0,2017,"March","Wednesday","07:35 pm","060","Cross Road","Straight road","Level","Not Applicable","Sealed","Wet","Raining","Night","Hit Fixed Object","01","Driver Rider","3: SI","Traffic Signals","","",1327235.97,1676403.16,"13272361676403"
"2017-3252-27/05/2021","2 Metropolitan","KILBURN","5084","CITY OF PORT ADELAIDE ENFIELD",3,0,0,0,0,2017,"April","Saturday","01:15 pm","050","Not Divided","Straight road","Level","Not Applicable","Sealed","Dry","Not Raining","Daylight","Rear End","02","Driver Rider","1: PDO","No Control","","",1327995.67,1679079.66,"13279961679080"
"2017-3253-27/05/2021","3 Country","MCDOUALL PEAK","5723",,2,1,0,0,1,2017,"April","Saturday","12:05 am","110","Not Divided","Straight road","Level","Not Applicable","Sealed","Dry","Not Raining","Night","Hit Animal","02","Animal","2: MI","No Control","","",1011874.07,2236781.61,"10118742236782"
"2017-3254-27/05/2021","2 Metropolitan","SALISBURY PLAIN","5109","CITY OF SALISBURY",1,0,0,0,0,2017,"March","Friday","10:20 pm","080","Cross Road","Straight road","Level","Not Applicable","Sealed","Dry","Not Raining","Night","Roll Over","01","Driver Rider","1: PDO","Traffic Signals","","",1334718.19,1687196.61,"13347181687197"
"2017-3255-27/05/2021","3 Country","MOORLANDS","5301","COORONG DISTRICT COUNCIL",2,0,0,0,0,2017,"April","Saturday","01:45 pm","110","Not Divided","CURVED, VIEW OPEN","Slope","Not Applicable","Sealed","Dry","Not Raining","Daylight","Hit Fixed Object","01","Driver Rider","1: PDO","No Control","","",1423449.98,1625336.84,"14234501625337"
"2017-3256-27/05/2021","2 Metropolitan","EDWARDSTOWN","5039","CC MARION.                    ",2,1,0,0,1,2017,"April","Saturday","02:15 pm","060","T-Junction","Straight road","Level","Driveway or Entrance","Sealed","Dry","Not Raining","Daylight","Right Turn","02","Driver Rider","2: MI","Traffic Signals","","",1325930.82,1664392.35,"13259311664392"
"2017-3257-27/05/2021","2 Metropolitan","PARADISE","5075","CC CAMPBELLTOWN.              ",2,0,0,0,0,2017,"March","Friday","05:00 pm","060","Cross Road","Straight road","Level","Not Applicable","Sealed","Dry","Not Raining","Daylight","Rear End","02","Driver Rider","1: PDO","Traffic Signals","","",1334976.63,1676238.55,"13349771676239"
"2017-3258-27/05/2021","2 Metropolitan","THEBARTON","5031","CITY OF WEST TORRENS",2,1,0,1,0,2017,"March","Wednesday","05:00 pm","060","T-Junction","Unknown","Unknown","Unknown","Sealed","Unknown","Unknown","Daylight","Hit Pedestrian","02","Driver Rider","3: SI","No Control","","",1326533.08,1671892.4,"13265331671892"
"2017-3259-27/05/2021","3 Country","NARACOORTE","5271","DC NARACOORTE & LUCINDALE.",2,1,0,0,1,2017,"April","Saturday","05:15 pm","060","T-Junction","Straight road","Level","Not Applicable","Sealed","Dry","Not Raining","Daylight","Right Turn","02","Driver Rider","2: MI","No Control","","",1511875.27,1436204.89,"15118751436205"
"2017-3260-27/05/2021","2 Metropolitan","EVANSTON","5116","CT GAWLER.                    ",2,0,0,0,0,2017,"April","Saturday","06:10 pm","080","T-Junction","Straight road","Level","Not Applicable","Sealed","Dry","Not Raining","Daylight","Right Angle","02","Driver Rider","1: PDO","No Control","","",1341314.94,1704923.74,"13413151704924"
"2017-3261-27/05/2021","2 Metropolitan","SHEIDOW PARK","5158","CC MARION.                    ",2,0,0,0,0,2017,"April","Saturday","05:50 pm","080","T-Junction","Straight road","Level","Not Applicable","Sealed","Dry","Not Raining","Daylight","Right Angle","02","Driver Rider","1: PDO","No Control","","",1320864.69,1654361.45,"13208651654361"
"2017-3262-27/05/2021","3 Country","MOUNT PLEASANT","5235","THE BAROSSA COUNCIL.",2,0,0,0,0,2017,"April","Saturday","05:00 pm","100","Not Divided","CURVED, VIEW OBSCURED","Slope","Not Applicable","Unsealed","Dry","Not Raining","Daylight","Roll Over","01","Driver Rider","1: PDO","No Control","","",1369892.3,1688566.69,"13698921688567"
"2017-3263-27/05/2021","3 Country","COOBER PEDY","5723",,1,2,0,2,0,2017,"April","Saturday","03:43 pm","060","Not Divided","CURVED, VIEW OPEN","Level","Not Applicable","Unsealed","Dry","Not Raining","Daylight","Roll Over","01","Driver Rider","3: SI","No Control","","",980343.98,2327941.61,"09803442327942"
"2017-3264-27/05/2021","2 Metropolitan","MEDINDIE","5081","WALKERVILLE TOWN COUNCIL",2,0,0,0,0,2017,"April","Sunday","02:05 am","060","Divided Road","Straight road","Slope","Not Applicable","Sealed","Dry","Not Raining","Night","Hit Fixed Object","01","Driver Rider","1: PDO","No Control","Y","",1329333.48,1673314.19,"13293331673314"
"2017-3265-27/05/2021","2 Metropolitan","DAVOREN PARK","5113","CITY OF PLAYFORD.",2,0,0,0,0,2017,"April","Saturday","01:10 pm","060","T-Junction","Straight road","Level","Not Applicable","Sealed","Dry","Not Raining","Daylight","Right Angle","01","Driver Rider","1: PDO","No Control","","",1335696.66,1695825.3,"13356971695825"
"2017-3266-27/05/2021","3 Country","MURRAY BRIDGE","5253","RC MURRAY BRIDGE.             ",2,0,0,0,0,2017,"March","Friday","03:00 pm","050","Cross Road","Straight road","Level","Not Applicable","Sealed","Dry","Not Raining","Daylight","Side Swipe","02","Driver Rider","1: PDO","Traffic Signals","","",1389097.6,1646913.83,"13890981646914"
"2017-3267-27/05/2021","3 Country","WAITPINGA","5211","DC VICTOR HARBOR.             ",1,0,0,0,0,2017,"April","Saturday","12:00 pm","080","Not Divided","CURVED, VIEW OPEN","Level","Not Applicable","Sealed","Dry","Not Raining","Daylight","Roll Over","01","Driver Rider","1: PDO","No Control","","",1318679.09,1596350.53,"13186791596351"
"2017-3268-27/05/2021","2 Metropolitan","GLENELG NORTH","5045","CITY OF HOLDFAST BAY",2,1,0,0,1,2017,"April","Sunday","07:20 am","050","T-Junction","Straight road","Level","Not Applicable","Sealed","Dry","Not Raining","Daylight","Hit Fixed Object","01","Driver Rider","2: MI","No Control","","",1320510.75,1665607.14,"13205111665607"
"2017-3269-27/05/2021","2 Metropolitan","SUMMERTOWN","5141","THE ADELAIDE HILLS COUNCIL",2,0,0,0,0,2017,"April","Saturday","10:45 pm","060","Not Divided","CURVED, VIEW OBSCURED","Level","Not Applicable","Unsealed","Dry","Not Raining","Night","Hit Fixed Object","01","Driver Rider","1: PDO","No Control","","",1339093.24,1667295.59,"13390931667296"
"2017-3270-27/05/2021","2 Metropolitan","ALBERT PARK","5014","CITY OF CHARLES STURT",2,0,0,0,0,2017,"April","Sunday","09:15 am","050","Not Divided","Straight road","Level","Driveway or Entrance","Sealed","Dry","Not Raining","Daylight","Hit Fixed Object","01","Driver Rider","1: PDO","No Control","","",1321590.06,1676166.28,"13215901676166"
"2017-3271-27/05/2021","2 Metropolitan","ST PETERS","5069","CC OF NORWOOD,PAYNEHAM & ST PETERS",2,0,0,0,0,2017,"April","Sunday","10:20 am","060","Not Divided","Straight road","Level","Not Applicable","Sealed","Dry","Not Raining","Daylight","Side Swipe","01","Driver Rider","1: PDO","No Control","","",1330610.34,1672541.17,"13306101672541"
"2017-3272-27/05/2021","2 Metropolitan","SALISBURY","5108","CITY OF SALISBURY",2,0,0,0,0,2017,"April","Sunday","10:50 am","060","Not Divided","Straight road","Level","Not Applicable","Sealed","Dry","Not Raining","Daylight","Right Turn","01","Driver Rider","1: PDO","No Control","","",1333190.13,1688417.6,"13331901688418"
"2017-3273-27/05/2021","2 Metropolitan","MUNNO PARA WEST","5115","CITY OF PLAYFORD.",2,0,0,0,0,2017,"March","Friday","05:50 pm","060","Not Divided","Straight road","Level","Not Applicable","Sealed","Dry","Not Raining","Daylight","Rear End","01","Driver Rider","1: PDO","No Control","","",1335670.2,1699112.65,"13356701699113"
"2017-3274-27/05/2021","3 Country","WHITES FLAT","5607","DC LOWER EYRE PENINSULA       ",1,0,0,0,0,2017,"April","Sunday","08:41 am","100","Not Divided","CURVED, VIEW OBSCURED","Level","Not Applicable","Unsealed","Dry","Not Raining","Daylight","Roll Over","09","Other","1: PDO","No Control","","",1077599.67,1723870.27,"10776001723870"
"2017-3275-27/05/2021","3 Country","BUTE","5560","BARUNGA WEST DISTRICT COUNCIL",2,0,0,0,0,2017,"April","Sunday","12:05 pm","100","Not Divided","Straight road","Level","Not Applicable","Sealed","Dry","Not Raining","Daylight","Hit Fixed Object","01","Driver Rider","1: PDO","No Control","","",1275899.1,1792280.9,"12758991792281"
"2017-3276-27/05/2021","2 Metropolitan","VALLEY VIEW","5093","CITY OF PORT ADELAIDE ENFIELD",2,0,0,0,0,2017,"April","Sunday","01:40 pm","060","T-Junction","Straight road","Level","Not Applicable","Sealed","Dry","Not Raining","Daylight","Right Turn","02","Driver Rider","1: PDO","Traffic Signals","","",1333829.11,1679364.63,"13338291679365"
"2017-3277-27/05/2021","2 Metropolitan","NAILSWORTH","5083","CITY OF PROSPECT",4,0,0,0,0,2017,"April","Saturday","08:10 pm","050","Not Divided","Straight road","Level","Not Applicable","Sealed","Dry","Not Raining","Night","Hit Parked Vehicle","02","Driver Rider","1: PDO","No Control","","",1328979.57,1675780.28,"13289801675780"
"2017-3278-27/05/2021","3 Country","NEALES FLAT","5374","REGIONAL COUNCIL OF GOYDER",2,0,0,0,0,2017,"April","Sunday","01:00 pm","100","Not Divided","Straight road","Level","Not Applicable","Unsealed","Dry","Not Raining","Daylight","Hit Fixed Object","01","Driver Rider","1: PDO","No Control","","",1382756.23,1742713.43,"13827561742713"
"2017-3279-27/05/2021","2 Metropolitan","HUNTFIELD HEIGHTS","5163","CITY OF ONKAPARINGA",2,0,0,0,0,2017,"April","Sunday","02:45 pm","080","T-Junction","Straight road","Level","Not Applicable","Sealed","Dry","Not Raining","Daylight","Right Angle","02","Driver Rider","1: PDO","No Control","","",1320421.19,1645337.32,"13204211645337"
"2017-3280-27/05/2021","3 Country","EMU DOWNS","5381","REGIONAL COUNCIL OF GOYDER",1,1,0,0,1,2017,"April","Sunday","12:45 pm","100","Not Divided","CURVED, VIEW OPEN","Level","Not Applicable","Unsealed","Dry","Not Raining","Daylight","Left Road - Out of Control","01","Driver Rider","2: MI","No Control","","",1366724.7,1784274.06,"13667251784274"
"2017-3281-27/05/2021","3 Country","MARREE STATION","5733",,1,1,0,0,1,2017,"March","Tuesday","09:30 am","100","Not Divided","Straight road","Level","Not Applicable","Unsealed","Dry","Not Raining","Daylight","Roll Over","01","Driver Rider","2: MI","No Control","","",1297345.61,2256181.09,"12973462256181"
"2017-3282-27/05/2021","3 Country","MOUNT GAMBIER","5290","CC MT.GAMBIER.                ",3,0,0,0,0,2017,"April","Sunday","06:15 pm","060","T-Junction","Straight road","Level","Not Applicable","Sealed","Dry","Not Raining","Night","Right Turn","01","Driver Rider","1: PDO","Traffic Signals","","",1511784.5,1339465.58,"15117851339466"
"2017-3283-27/05/2021","2 Metropolitan","UPPER STURT","5156","THE ADELAIDE HILLS COUNCIL",3,1,0,0,1,2017,"April","Sunday","04:35 pm","060","Not Divided","Straight road","Crest of Hill","Not Applicable","Sealed","Dry","Not Raining","Daylight","Rear End","01","Driver Rider","2: MI","No Control","","",1336735.33,1660417.25,"13367351660417"
"2017-3284-27/05/2021","2 Metropolitan","MILLBROOK","5231","THE ADELAIDE HILLS COUNCIL",2,0,0,0,0,2017,"April","Sunday","06:00 pm","080","T-Junction","CURVED, VIEW OPEN","Slope","Not Applicable","Sealed","Dry","Not Raining","Daylight","Hit Fixed Object","01","Driver Rider","1: PDO","No Control","","",1348123.25,1682323.59,"13481231682324"
"2017-3285-27/05/2021","2 Metropolitan","MUNNO PARA DOWNS","5115","CITY OF PLAYFORD.",2,2,0,0,2,2017,"April","Sunday","04:55 pm","080","T-Junction","Straight road","Level","Not Applicable","Sealed","Dry","Not Raining","Daylight","Right Angle","02","Driver Rider","2: MI","Stop Sign","","",1338632.39,1700810.66,"13386321700811"
"2017-3286-27/05/2021","3 Country","SECOND VALLEY","5204","DC YANKALILLA.                ",2,1,0,0,1,2017,"April","Sunday","04:30 pm","100","Not Divided","CURVED, VIEW OPEN","Level","Not Applicable","Sealed","Dry","Not Raining","Daylight","Hit Fixed Object","01","Driver Rider","2: MI","No Control","","",1293925.55,1605335.4,"12939261605335"
"2017-3287-27/05/2021","2 Metropolitan","NEWTON","5074","CC CAMPBELLTOWN.              ",2,0,0,0,0,2017,"April","Sunday","10:00 pm","050","Not Divided","Straight road","Level","Not Applicable","Sealed","Dry","Not Raining","Night","Hit Fixed Object","01","Driver Rider","1: PDO","No Control","","",1335429.6,1675341.42,"13354301675341"
"2017-3288-27/05/2021","2 Metropolitan","CHRISTIE DOWNS","5164","CITY OF ONKAPARINGA",2,0,0,0,0,2017,"April","Monday","01:10 am","070","T-Junction","Straight road","Level","Not Applicable","Sealed","Dry","Not Raining","Night","Hit Fixed Object","01","Driver Rider","1: PDO","No Control","","",1318062.84,1648616.43,"13180631648616"
"2017-3289-27/05/2021","2 Metropolitan","MEDINDIE","5081","WALKERVILLE TOWN COUNCIL",2,0,0,0,0,2017,"April","Sunday","04:35 pm","060","Divided Road","Straight road","Level","Not Applicable","Sealed","Dry","Not Raining","Daylight","Rear End","01","Driver Rider","1: PDO","No Control","","",1328994.88,1674224.86,"13289951674225"
"2017-3290-27/05/2021","2 Metropolitan","MODBURY","5092","CITY OF TEA TREE GULLY",2,0,0,0,0,2017,"April","Monday","07:20 am","050","Not Divided","CURVED, VIEW OPEN","Level","Not Applicable","Sealed","Dry","Not Raining","Daylight","Hit Parked Vehicle","01","Driver Rider","1: PDO","No Control","","",1335663.15,1679610.87,"13356631679611"
"2017-3291-27/05/2021","2 Metropolitan","EDEN HILLS","5050","CC MITCHAM.                   ",2,0,0,0,0,2017,"April","Monday","07:45 am","060","Divided Road","Straight road","Slope","Not Applicable","Sealed","Dry","Not Raining","Daylight","Rear End","02","Driver Rider","1: PDO","No Control","","",1326602.02,1660146.58,"13266021660147"
"2017-3292-27/05/2021","3 Country","KOOTABERRA","5713",,2,1,0,0,1,2017,"April","Sunday","04:00 pm","110","Not Divided","Straight road","Level","Not Applicable","Sealed","Dry","Not Raining","Daylight","Hit Fixed Object","01","Driver Rider","2: MI","No Control","","",1229804.26,1985351.09,"12298041985351"
"2017-3293-27/05/2021","2 Metropolitan","ST MARYS","5042","CC MITCHAM.                   ",2,1,0,0,1,2017,"April","Monday","07:20 am","060","Cross Road","Straight road","Level","Not Applicable","Sealed","Dry","Not Raining","Daylight","Right Turn","01","Driver Rider","2: MI","Traffic Signals","","",1325962.44,1663322.78,"13259621663323"
"2017-3294-27/05/2021","1 City","ADELAIDE","5000","CITY OF ADELAIDE",2,0,0,0,0,2017,"April","Saturday","06:00 pm","050","Not Divided","Straight road","Level","Not Applicable","Sealed","Dry","Not Raining","Daylight","Hit Parked Vehicle","02","Driver Rider","1: PDO","No Control","","",1329243.07,1670585.49,"13292431670585"
"2017-3295-27/05/2021","3 Country","KADINA","5554","COPPER COAST DISTRICT COUNCIL",2,0,0,0,0,2017,"April","Monday","07:10 am","050","Cross Road","Straight road","Level","Not Applicable","Sealed","Dry","Not Raining","Daylight","Right Angle","02","Driver Rider","1: PDO","Give Way Sign","","",1250325.47,1780009.55,"12503251780010"
"2017-3296-27/05/2021","3 Country","POOCHERA","5655","DC STREAKY BAY.               ",1,0,0,0,0,2017,"April","Monday","04:30 am","110","Not Divided","Straight road","Level","Not Applicable","Sealed","Dry","Not Raining","Night","Roll Over","01","Driver Rider","1: PDO","No Control","","",988026.4,1919364.73,"09880261919365"
"2017-3297-27/05/2021","2 Metropolitan","PROSPECT","5082","CITY OF PROSPECT",3,1,0,0,1,2017,"April","Monday","09:00 am","060","Cross Road","Straight road","Level","Not Applicable","Sealed","Dry","Not Raining","Daylight","Rear End","01","Driver Rider","2: MI","Traffic Signals","","",1327236.23,1676392.98,"13272361676393"
"2017-3298-27/05/2021","2 Metropolitan","PARAFIELD GARDENS","5107","CITY OF SALISBURY",2,0,0,0,0,2017,"April","Monday","09:45 am","050","Not Divided","Straight road","Level","Not Applicable","Sealed","Dry","Not Raining","Daylight","Hit Fixed Object","01","Driver Rider","1: PDO","No Control","","",1329298.52,1686967.23,"13292991686967"
"2017-3299-27/05/2021","2 Metropolitan","BANKSIA PARK","5091","CITY OF TEA TREE GULLY",1,1,0,0,1,2017,"April","Monday","08:25 am","050","Not Divided","Straight road","Level","Not Applicable","Sealed","Dry","Not Raining","Daylight","Roll Over","01","Driver Rider","2: MI","No Control","","",1340270.55,1683457.18,"13402711683457"
"2017-3300-27/05/2021","2 Metropolitan","WOODSIDE","5244","THE ADELAIDE HILLS COUNCIL",2,0,0,0,0,2017,"March","Friday","10:00 pm","080","Cross Road","Straight road","Level","Not Applicable","Sealed","Dry","Not Raining","Night","Hit Fixed Object","01","Driver Rider","1: PDO","Stop Sign","","",1354968.4,1669416.67,"13549681669417"
"2017-3301-27/05/2021","2 Metropolitan","CLARENCE GARDENS","5039","CC MITCHAM.                   ",2,0,0,0,0,2017,"April","Monday","11:10 am","060","Rail Xing","Straight road","Level","Not Applicable","Sealed","Dry","Not Raining","Daylight","Rear End","02","Driver Rider","1: PDO","Traffic Signals","","",1325891.47,1666156.75,"13258911666157"
"2017-3302-27/05/2021","3 Country","HALIDON","5309","DC KAROONDA EAST MURRAY.      ",2,0,0,0,0,2017,"April","Saturday","02:17 am","110","Not Divided","CURVED, VIEW OPEN","Level","Not Applicable","Sealed","Dry","Not Raining","Night","Hit Fixed Object","01","Driver Rider","1: PDO","No Control","","",1474196.31,1672419.4,"14741961672419"
"2017-3303-27/05/2021","1 City","ADELAIDE","5000","CITY OF ADELAIDE",2,0,0,0,0,2017,"April","Monday","11:23 am","050","Cross Road","Straight road","Level","Not Applicable","Sealed","Dry","Not Raining","Daylight","Right Angle","01","Driver Rider","1: PDO","Traffic Signals","","",1329038.86,1670203.05,"13290391670203"
"2017-3304-27/05/2021","2 Metropolitan","KENSINGTON","5068","CC OF NORWOOD,PAYNEHAM & ST PETERS",2,1,0,0,1,2017,"April","Monday","08:24 am","060","Cross Road","Straight road","Level","Not Applicable","Sealed","Dry","Not Raining","Daylight","Right Turn","01","Driver Rider","2: MI","Give Way Sign","","",1332854.14,1671088.12,"13328541671088"
"2017-3305-27/05/2021","2 Metropolitan","MAWSON LAKES","5095","CITY OF SALISBURY",2,1,0,0,1,2017,"April","Monday","07:40 am","070","T-Junction","Straight road","Level","Not Applicable","Sealed","Dry","Not Raining","Daylight","Rear End","01","Driver Rider","2: MI","No Control","","",1329746.8,1684334.31,"13297471684334"
"2017-3306-27/05/2021","2 Metropolitan","SALISBURY","5108","CITY OF SALISBURY",4,0,0,0,0,2017,"April","Monday","01:50 pm","060","Divided Road","CURVED, VIEW OPEN","Slope","Not Applicable","Sealed","Dry","Not Raining","Daylight","Hit Object on Road","02","Driver Rider","1: PDO","No Control","","",1332965.78,1688888.41,"13329661688888"
"2017-3307-27/05/2021","3 Country","SANDILANDS","5571","YORKE PENINSULA COUNCIL",2,0,0,0,0,2017,"April","Monday","02:29 pm","100","Not Divided","Straight road","Crest of Hill","Driveway or Entrance","Unsealed","Dry","Not Raining","Daylight","Right Angle","02","Driver Rider","1: PDO","No Control","","",1256947.69,1718562.15,"12569481718562"