"REPORT_ID","Stats Area","Suburb","Postcode","LGA Name","Total Units","Total Cas","Total Fats","Total SI","Total MI","Year","Month","Day","Time","Area Speed","Position Type","Horizontal Align","Vertical Align","Other Feat","Road Surface","Moisture Cond","Weather Cond","DayNight","Crash Type","Unit Resp","Entity Code","CSEF Severity","Traffic Ctrls","DUI Involved","Drugs Involved","ACCLOC_X","ACCLOC_Y","UNIQUE_LOC"
"2017-3956-27/05/2021","1 City","NORTH ADELAIDE","5006","CITY OF ADELAIDE",2,0,0,0,0,2017,"April","Saturday","09:40 pm","050","Not Divided","Straight road","Level","Not Applicable","Sealed","Dry","Not Raining","Night","Hit Parked Vehicle","02","Driver Rider","1: PDO","No Control","","",1329244.74,1672727.98,"13292451672728"
"2017-3957-27/05/2021","2 Metropolitan","PARAFIELD GARDENS","5107","CITY OF SALISBURY",2,0,0,0,0,2017,"April","Saturday","03:00 pm","060","T-Junction","Straight road","Level","Not Applicable","Sealed","Dry","Not Raining","Daylight","Right Turn","02","Driver Rider","1: PDO","No Control","","",1330159.29,1685181.81,"13301591685182"
"2017-3958-27/05/2021","3 Country","GREENWAYS","5272","DC ROBE.                      ",1,0,0,0,0,2017,"April","Sunday","09:40 am","110","Not Divided","CURVED, VIEW OPEN","Level","Not Applicable","Sealed","Dry","Not Raining","Daylight","Roll Over","01","Driver Rider","1: PDO","No Control","","",1454222.27,1407982.61,"14542221407983"
"2017-3959-27/05/2021","2 Metropolitan","MODBURY","5092","CITY OF TEA TREE GULLY",2,0,0,0,0,2017,"April","Saturday","01:20 pm","060","Divided Road","Straight road","Level","Driveway or Entrance","Sealed","Dry","Not Raining","Daylight","Right Angle","02","Driver Rider","1: PDO","No Control","","",1337433.68,1681095.97,"13374341681096"
"2017-3960-27/05/2021","3 Country","MAITLAND","5573","YORKE PENINSULA COUNCIL",2,1,0,0,1,2017,"April","Sunday","04:00 am","100","Not Divided","Straight road","Level","Not Applicable","Sealed","Dry","Not Raining","Night","Hit Fixed Object","01","Driver Rider","2: MI","No Control","Y","",1251167.55,1736921.89,"12511681736922"
"2017-3961-27/05/2021","3 Country","KUITPO","5201","ALEXANDRINA COUNCIL",3,0,0,0,0,2017,"April","Saturday","02:45 pm","060","Not Divided","CURVED, VIEW OPEN","Level","Not Applicable","Sealed","Dry","Not Raining","Daylight","Hit Fixed Object","01","Driver Rider","1: PDO","No Control","","",1331208.69,1638975.92,"13312091638976"
"2017-3962-27/05/2021","2 Metropolitan","SOUTH PLYMPTON","5038","CC MARION.                    ",2,0,0,0,0,2017,"April","Saturday","12:06 pm","060","Cross Road","Straight road","Level","Not Applicable","Sealed","Dry","Not Raining","Daylight","Rear End","01","Driver Rider","1: PDO","Stop Sign","","",1324250.89,1665702.92,"13242511665703"
"2017-3963-27/05/2021","2 Metropolitan","GLENSIDE","5065","CITY OF BURNSIDE",2,0,0,0,0,2017,"April","Saturday","02:56 pm","060","T-Junction","Straight road","Level","Not Applicable","Sealed","Dry","Not Raining","Daylight","Rear End","02","Driver Rider","1: PDO","Traffic Signals","","",1331511.92,1669032.69,"13315121669033"
"2017-3964-27/05/2021","3 Country","BELTANA STATION","5731",,2,2,0,1,1,2017,"April","Sunday","09:50 am","110","Not Divided","Straight road","Slope","Bridge, Culvert, Causeway","Sealed","Dry","Not Raining","Daylight","Rear End","02","Driver Rider","3: SI","No Control","","",1322503.47,2137404.83,"13225032137405"
"2017-3965-27/05/2021","2 Metropolitan","WOODSIDE","5244","THE ADELAIDE HILLS COUNCIL",2,0,0,0,0,2017,"April","Sunday","08:30 am","080","Not Divided","CURVED, VIEW OBSCURED","Slope","Not Applicable","Sealed","Dry","Not Raining","Daylight","Hit Fixed Object","01","Driver Rider","1: PDO","No Control","","",1355244.6,1664648.72,"13552451664649"
"2017-3966-27/05/2021","3 Country","NILPINNA STATION","5723",,1,0,0,0,0,2017,"April","Thursday","07:00 pm","100","Not Divided","CURVED, VIEW OPEN","Level","Not Applicable","Unsealed","Dry","Not Raining","Night","Roll Over","01","Driver Rider","1: PDO","No Control","","",1086423.19,2378349.03,"10864232378349"
"2017-3967-27/05/2021","1 City","ADELAIDE","5000","CITY OF ADELAIDE",2,1,0,1,0,2017,"April","Saturday","12:05 pm","050","Cross Road","Straight road","Level","Not Applicable","Sealed","Dry","Not Raining","Daylight","Hit Fixed Object","01","Driver Rider","3: SI","Traffic Signals","","",1329593.2,1669909.56,"13295931669910"
"2017-3968-27/05/2021","2 Metropolitan","FINDON","5023","CITY OF CHARLES STURT",2,0,0,0,0,2017,"April","Sunday","11:30 am","060","Cross Road","Straight road","Level","Not Applicable","Sealed","Dry","Not Raining","Daylight","Side Swipe","02","Driver Rider","1: PDO","Traffic Signals","","",1322374.99,1674726.87,"13223751674727"
"2017-3969-27/05/2021","3 Country","COWELL","5602","DC FRANKLIN HARBOR.           ",1,1,0,0,1,2017,"March","Friday","05:30 pm","100","Not Divided","Straight road","Level","Not Applicable","Sealed","Dry","Not Raining","Daylight","Left Road - Out of Control","01","Driver Rider","2: MI","No Control","","",1176685.8,1813982.53,"11766861813983"
"2017-3970-27/05/2021","3 Country","BRAY","5276","DC ROBE.                      ",1,0,0,0,0,2017,"April","Sunday","03:00 pm","110","Not Divided","CURVED, VIEW OPEN","Level","Not Applicable","Sealed","Dry","Not Raining","Daylight","Roll Over","01","Driver Rider","1: PDO","No Control","","",1448531.31,1405699.44,"14485311405699"
"2017-3971-27/05/2021","2 Metropolitan","OSBORNE","5017","CITY OF PORT ADELAIDE ENFIELD",2,1,0,1,0,2017,"April","Sunday","01:35 pm","070","Not Divided","CURVED, VIEW OPEN","Level","Not Applicable","Sealed","Dry","Not Raining","Daylight","Hit Fixed Object","01","Driver Rider","3: SI","No Control","","",1320865.87,1688174.4,"13208661688174"
"2017-3972-27/05/2021","2 Metropolitan","HINDMARSH","5007","CITY OF CHARLES STURT",2,0,0,0,0,2017,"April","Friday","11:40 am","060","Cross Road","CURVED, VIEW OPEN","Slope","Not Applicable","Sealed","Dry","Not Raining","Daylight","Side Swipe","02","Driver Rider","1: PDO","Traffic Signals","","",1326468.95,1672639.58,"13264691672640"
"2017-3973-27/05/2021","3 Country","YANKALILLA","5203","DC YANKALILLA.                ",1,1,0,0,1,2017,"April","Sunday","12:45 pm","050","Not Divided","CURVED, VIEW OBSCURED","Slope","Not Applicable","Sealed","Dry","Not Raining","Daylight","Roll Over","01","Driver Rider","2: MI","No Control","","",1304469.72,1612632.84,"13044701612633"
"2017-3974-27/05/2021","2 Metropolitan","LONSDALE","5160","CITY OF ONKAPARINGA",1,1,0,0,1,2017,"April","Friday","04:59 pm","080","T-Junction","Straight road","Bottom of Hill","Not Applicable","Sealed","Dry","Not Raining","Daylight","Left Road - Out of Control","01","Driver Rider","2: MI","Traffic Signals","Y","",1318716.44,1651448.02,"13187161651448"
"2017-3975-27/05/2021","2 Metropolitan","NEWTON","5074","CC CAMPBELLTOWN.              ",2,0,0,0,0,2017,"April","Sunday","02:45 pm","050","Not Divided","Straight road","Level","Not Applicable","Sealed","Dry","Not Raining","Daylight","Hit Fixed Object","01","Driver Rider","1: PDO","No Control","","",1335666.01,1675675.78,"13356661675676"
"2017-3976-27/05/2021","2 Metropolitan","CRAFERS","5152","THE ADELAIDE HILLS COUNCIL",2,0,0,0,0,2017,"April","Friday","10:45 pm","080","Not Divided","CURVED, VIEW OBSCURED","Crest of Hill","Not Applicable","Sealed","Wet","Raining","Night","Hit Fixed Object","01","Driver Rider","1: PDO","No Control","","",1337986.58,1662663.75,"13379871662664"
"2017-3977-27/05/2021","3 Country","WILD HORSE PLAINS","5501","WAKEFIELD REGIONAL COUNCIL",1,0,0,0,0,2017,"April","Sunday","03:30 pm","110","Divided Road","CURVED, VIEW OPEN","Level","Not Applicable","Sealed","Wet","Raining","Daylight","Roll Over","01","Driver Rider","1: PDO","No Control","","",1300773.12,1737527.76,"13007731737528"
"2017-3978-27/05/2021","3 Country","TINTINARA","5266","COORONG DISTRICT COUNCIL",2,0,0,0,0,2017,"April","Sunday","07:15 pm","060","Cross Road","Straight road","Level","Not Applicable","Sealed","Dry","Not Raining","Night","Right Angle","01","Driver Rider","1: PDO","Give Way Sign","","",1456241.88,1559304.7,"14562421559305"
"2017-3979-27/05/2021","1 City","NORTH ADELAIDE","5006","CITY OF ADELAIDE",3,0,0,0,0,2017,"April","Sunday","08:30 pm","050","Not Divided","CURVED, VIEW OPEN","Level","Road hump or Slow point","Sealed","Dry","Not Raining","Night","Hit Parked Vehicle","01","Driver Rider","1: PDO","No Control","","",1328163.72,1671544.73,"13281641671545"
"2017-3980-27/05/2021","2 Metropolitan","PARADISE","5075","CC CAMPBELLTOWN.              ",2,0,0,0,0,2017,"April","Monday","12:15 am","060","T-Junction","Straight road","Level","Not Applicable","Sealed","Wet","Raining","Night","Hit Fixed Object","01","Driver Rider","1: PDO","Traffic Signals","","",1334585.83,1675907.51,"13345861675908"
"2017-3981-27/05/2021","2 Metropolitan","UNLEY","5061","CITY OF UNLEY",3,0,0,0,0,2017,"April","Saturday","04:23 am","060","Not Divided","Straight road","Level","Not Applicable","Sealed","Dry","Not Raining","Night","Hit Parked Vehicle","02","Driver Rider","1: PDO","No Control","","",1328966.08,1668559.44,"13289661668559"
"2017-3982-27/05/2021","2 Metropolitan","WEST LAKES","5021","CITY OF CHARLES STURT",2,1,0,1,0,2017,"April","Monday","02:30 am","060","Divided Road","CURVED, VIEW OPEN","Level","Not Applicable","Sealed","Wet","Not Raining","Night","Hit Fixed Object","01","Driver Rider","3: SI","No Control","Y","",1319105.03,1676305.22,"13191051676305"
"2017-3983-27/05/2021","2 Metropolitan","TEA TREE GULLY","5091","CITY OF TEA TREE GULLY",2,1,0,0,1,2017,"April","Monday","12:54 am","050","Not Divided","CURVED, VIEW OPEN","Slope","Not Applicable","Sealed","Wet","Unknown","Night","Hit Fixed Object","01","Driver Rider","2: MI","No Control","","",1340249.38,1681065.91,"13402491681066"
"2017-3984-27/05/2021","2 Metropolitan","GOULD CREEK","5114","CITY OF TEA TREE GULLY",2,1,0,0,1,2017,"April","Monday","07:20 am","080","Not Divided","Straight road","Bottom of Hill","Bridge, Culvert, Causeway","Sealed","Wet","Not Raining","Daylight","Hit Fixed Object","01","Driver Rider","2: MI","No Control","","",1343173.65,1688145.58,"13431741688146"
"2017-3985-27/05/2021","2 Metropolitan","WALKLEY HEIGHTS","5098","CITY OF SALISBURY",2,2,0,0,2,2017,"April","Monday","08:15 am","060","Cross Road","Straight road","Level","Not Applicable","Sealed","Wet","Not Raining","Daylight","Right Turn","02","Driver Rider","2: MI","Traffic Signals","","",1332959.7,1680497.31,"13329601680497"
"2017-3986-27/05/2021","2 Metropolitan","GLENALTA","5052","CC MITCHAM.                   ",2,0,0,0,0,2017,"April","Sunday","06:10 pm","060","T-Junction","Straight road","Slope","Not Applicable","Sealed","Dry","Not Raining","Night","Right Turn","01","Driver Rider","1: PDO","No Control","","",1330510.59,1661672.78,"13305111661673"
"2017-3987-27/05/2021","2 Metropolitan","SOMERTON PARK","5044","CITY OF HOLDFAST BAY",2,0,0,0,0,2017,"April","Sunday","07:40 am","050","Not Divided","Straight road","Level","Not Applicable","Sealed","Dry","Not Raining","Daylight","Hit Fixed Object","01","Driver Rider","1: PDO","No Control","","",1320488.95,1663605.71,"13204891663606"
"2017-3988-27/05/2021","2 Metropolitan","PARA HILLS WEST","5096","CITY OF SALISBURY",2,1,0,0,1,2017,"April","Monday","10:03 am","070","Not Divided","Straight road","Level","Not Applicable","Sealed","Dry","Not Raining","Daylight","Hit Fixed Object","01","Driver Rider","2: MI","No Control","","",1332285.71,1683124.22,"13322861683124"
"2017-3989-27/05/2021","2 Metropolitan","COLLINSWOOD","5081","CITY OF PROSPECT",2,0,0,0,0,2017,"April","Thursday","08:00 am","050","Not Divided","Straight road","Level","Not Applicable","Sealed","Dry","Not Raining","Daylight","Hit Parked Vehicle","02","Driver Rider","1: PDO","No Control","","",1330263.42,1675071.38,"13302631675071"
"2017-3990-27/05/2021","2 Metropolitan","CRAFERS","5152","THE ADELAIDE HILLS COUNCIL",2,0,0,0,0,2017,"April","Sunday","10:45 pm","050","Not Divided","CURVED, VIEW OBSCURED","Slope","Not Applicable","Sealed","Wet","Raining","Night","Hit Fixed Object","01","Driver Rider","1: PDO","No Control","","",1339137.62,1664316.76,"13391381664317"
"2017-3991-27/05/2021","3 Country","KAPUNDA","5373","LIGHT REGIONAL COUNCIL",2,1,0,0,1,2017,"April","Monday","10:08 am","050","Divided Road","Straight road","Level","Not Applicable","Sealed","Dry","Not Raining","Daylight","Side Swipe","01","Driver Rider","2: MI","No Control","","",1359809.07,1734821.01,"13598091734821"
"2017-3992-27/05/2021","2 Metropolitan","PARAFIELD","5106","CITY OF SALISBURY",3,1,0,0,1,2017,"March","Tuesday","09:15 am","070","Cross Road","Straight road","Level","Not Applicable","Sealed","Dry","Not Raining","Daylight","Rear End","02","Driver Rider","2: MI","Traffic Signals","","",1331791.19,1683497.51,"13317911683498"
"2017-3993-27/05/2021","2 Metropolitan","SALISBURY EAST","5109","CITY OF SALISBURY",3,1,0,0,1,2017,"April","Saturday","09:30 am","080","Cross Road","Straight road","Level","Not Applicable","Sealed","Dry","Not Raining","Daylight","Rear End","02","Driver Rider","2: MI","Traffic Signals","","",1333277.7,1685371.45,"13332781685371"
"2017-3994-27/05/2021","2 Metropolitan","ELIZABETH PARK","5113","CITY OF PLAYFORD.",3,1,1,0,0,2017,"April","Monday","01:35 pm","060","Cross Road","Straight road","Level","Not Applicable","Sealed","Wet","Raining","Daylight","Side Swipe","01","Driver Rider","4: Fatal","Traffic Signals","","",1336482.32,1694632.45,"13364821694632"
"2017-3995-27/05/2021","2 Metropolitan","ALBERTON","5014","CITY OF PORT ADELAIDE ENFIELD",2,1,0,1,0,2017,"April","Monday","02:30 pm","060","T-Junction","Straight road","Level","Not Applicable","Sealed","Wet","Raining","Daylight","Hit Fixed Object","01","Driver Rider","3: SI","Stop Sign","","",1320866.47,1678132.35,"13208661678132"
"2017-3996-27/05/2021","2 Metropolitan","BOWDEN","5007","CITY OF CHARLES STURT",2,0,0,0,0,2017,"April","Monday","03:30 pm","050","Not Divided","Straight road","Level","Not Applicable","Sealed","Dry","Not Raining","Daylight","Rear End","02","Driver Rider","1: PDO","No Control","","",1326601.1,1673076.36,"13266011673076"
"2017-3997-27/05/2021","3 Country","POINT TURTON","5575","YORKE PENINSULA COUNCIL",1,0,0,0,0,2017,"April","Thursday","04:50 pm","080","Not Divided","Straight road","Level","Not Applicable","Unsealed","Wet","Not Raining","Daylight","Roll Over","01","Driver Rider","1: PDO","No Control","","",1211388.85,1670932.72,"12113891670933"
"2017-3998-27/05/2021","3 Country","STIRLING NORTH","5710","CC PT.AUGUSTA.                ",2,0,0,0,0,2017,"April","Monday","04:00 pm","060","Not Divided","CURVED, VIEW OPEN","Bottom of Hill","Not Applicable","Sealed","Wet","Raining","Daylight","Hit Fixed Object","01","Driver Rider","1: PDO","No Control","","",1266104.45,1939213.75,"12661041939214"
"2017-3999-27/05/2021","3 Country","TAILEM BEND","5260","COORONG DISTRICT COUNCIL",3,1,0,0,1,2017,"April","Sunday","04:15 pm","110","Divided Road","Straight road","Level","Not Applicable","Sealed","Dry","Not Raining","Daylight","Hit Fixed Object","01","Driver Rider","2: MI","No Control","","Y",1396754.51,1639390.88,"13967551639391"
"2017-4000-27/05/2021","2 Metropolitan","PENNINGTON","5013","CITY OF CHARLES STURT",2,0,0,0,0,2017,"April","Monday","06:30 pm","060","Cross Road","Straight road","Level","Not Applicable","Sealed","Wet","Raining","Night","Right Angle","02","Driver Rider","1: PDO","Give Way Sign","","",1322283.23,1678019.75,"13222831678020"
"2017-4001-27/05/2021","2 Metropolitan","COROMANDEL VALLEY","5051","CITY OF ONKAPARINGA",3,0,0,0,0,2017,"April","Monday","04:40 pm","060","T-Junction","CURVED, VIEW OBSCURED","Level","Not Applicable","Sealed","Wet","Raining","Daylight","Rear End","01","Driver Rider","1: PDO","No Control","","",1329960.15,1657291.6,"13299601657292"
"2017-4002-27/05/2021","2 Metropolitan","HAPPY VALLEY","5159","CITY OF ONKAPARINGA",2,0,0,0,0,2017,"April","Monday","04:00 pm","050","T-Junction","Straight road","Level","Not Applicable","Sealed","Dry","Not Raining","Daylight","Right Turn","01","Driver Rider","1: PDO","No Control","","",1323564.4,1653792.84,"13235641653793"
"2017-4003-27/05/2021","2 Metropolitan","ROSTREVOR","5073","CC CAMPBELLTOWN.              ",2,0,0,0,0,2017,"April","Monday","03:10 pm","060","Cross Road","Straight road","Level","Not Applicable","Sealed","Dry","Not Raining","Daylight","Right Angle","01","Driver Rider","1: PDO","Stop Sign","","",1335434.51,1673666.54,"13354351673667"
"2017-4004-27/05/2021","2 Metropolitan","PROSPECT","5082","CITY OF PROSPECT",2,1,0,0,1,2017,"April","Monday","04:37 pm","060","T-Junction","Straight road","Level","Not Applicable","Sealed","Wet","Raining","Daylight","Rear End","01","Driver Rider","2: MI","Stop Sign","","",1328910.67,1674677.89,"13289111674678"
"2017-4005-27/05/2021","2 Metropolitan","STEPNEY","5069","CC OF NORWOOD,PAYNEHAM & ST PETERS",3,0,0,0,0,2017,"April","Monday","03:50 pm","060","Not Divided","Straight road","Level","Not Applicable","Sealed","Wet","Raining","Daylight","Head On","01","Driver Rider","1: PDO","No Control","","",1331150.06,1672449.68,"13311501672450"
"2017-4006-27/05/2021","2 Metropolitan","LENSWOOD","5240","THE ADELAIDE HILLS COUNCIL",3,0,0,0,0,2017,"April","Monday","03:55 pm","080","Not Divided","CURVED, VIEW OBSCURED","Level","Not Applicable","Sealed","Wet","Raining","Daylight","Hit Fixed Object","01","Driver Rider","1: PDO","No Control","","",1348485.46,1670694.91,"13484851670695"
"2017-4007-27/05/2021","2 Metropolitan","HAMPSTEAD GARDENS","5086","CITY OF PORT ADELAIDE ENFIELD",2,0,0,0,0,2017,"April","Monday","07:00 pm","060","Not Divided","Straight road","Level","Not Applicable","Sealed","Wet","Raining","Night","Hit Fixed Object","01","Driver Rider","1: PDO","No Control","","",1330930.61,1676573.55,"13309311676574"
"2017-4008-27/05/2021","2 Metropolitan","COWANDILLA","5033","CITY OF WEST TORRENS",2,0,0,0,0,2017,"April","Monday","05:35 pm","060","Divided Road","Straight road","Level","Not Applicable","Sealed","Wet","Raining","Daylight","Rear End","02","Driver Rider","1: PDO","No Control","","",1324226.35,1670042.07,"13242261670042"
"2017-4009-27/05/2021","2 Metropolitan","GEPPS CROSS","5094","CITY OF PORT ADELAIDE ENFIELD",2,0,0,0,0,2017,"April","Monday","06:50 pm","060","Divided Road","Straight road","Level","Not Applicable","Sealed","Wet","Raining","Night","Side Swipe","02","Driver Rider","1: PDO","No Control","","",1330294.2,1679303.46,"13302941679303"
"2017-4010-27/05/2021","2 Metropolitan","CAMPBELLTOWN","5074","CC CAMPBELLTOWN.              ",2,0,0,0,0,2017,"April","Monday","06:21 pm","060","Divided Road","Straight road","Level","Not Applicable","Sealed","Wet","Raining","Night","Hit Fixed Object","01","Driver Rider","1: PDO","No Control","","",1334814.72,1674542.26,"13348151674542"
"2017-4011-27/05/2021","2 Metropolitan","SMITHFIELD","5114","CITY OF PLAYFORD.",4,3,0,0,3,2017,"April","Monday","06:55 pm","080","Divided Road","Straight road","Level","Not Applicable","Sealed","Wet","Raining","Night","Rear End","01","Driver Rider","2: MI","No Control","","",1338033.09,1697398.62,"13380331697399"
"2017-4012-27/05/2021","2 Metropolitan","SMITHFIELD","5114","CITY OF PLAYFORD.",3,4,0,0,4,2017,"April","Monday","06:50 pm","080","Divided Road","Straight road","Level","Not Applicable","Sealed","Wet","Raining","Night","Rear End","01","Driver Rider","2: MI","No Control","","",1337997.37,1697335.13,"13379971697335"
"2017-4013-27/05/2021","3 Country","MILLICENT","5280","WATTLE RANGE COUNCIL",2,0,0,0,0,2017,"April","Monday","11:00 am","060","Cross Road","Straight road","Level","Not Applicable","Sealed","Dry","Not Raining","Daylight","Right Angle","01","Driver Rider","1: PDO","Give Way Sign","","",1472695.53,1368784.47,"14726961368784"
"2017-4014-27/05/2021","2 Metropolitan","ELIZABETH GROVE","5112","CITY OF PLAYFORD.",2,0,0,0,0,2017,"April","Monday","09:15 pm","050","Not Divided","CURVED, VIEW OPEN","Level","Not Applicable","Sealed","Wet","Not Raining","Night","Hit Fixed Object","01","Driver Rider","1: PDO","No Control","","",1335635.1,1690950.49,"13356351690950"
"2017-4015-27/05/2021","2 Metropolitan","MAWSON LAKES","5095","CITY OF SALISBURY",2,0,0,0,0,2017,"April","Monday","11:23 pm","050","T-Junction","Straight road","Level","Not Applicable","Sealed","Dry","Not Raining","Night","Right Angle","01","Driver Rider","1: PDO","No Control","","",1330489.89,1683822.36,"13304901683822"
"2017-4016-27/05/2021","2 Metropolitan","WOODCROFT","5162","CITY OF ONKAPARINGA",2,0,0,0,0,2017,"April","Monday","11:10 pm","050","Not Divided","Straight road","Level","Not Applicable","Sealed","Wet","Raining","Night","Hit Parked Vehicle","01","Driver Rider","1: PDO","No Control","Y","",1324542.54,1651812.88,"13245431651813"
"2017-4017-27/05/2021","2 Metropolitan","ALBERTON","5014","CITY OF PORT ADELAIDE ENFIELD",2,0,0,0,0,2017,"April","Monday","11:06 pm","050","Not Divided","Straight road","Level","Not Applicable","Sealed","Wet","Not Raining","Night","Hit Parked Vehicle","01","Driver Rider","1: PDO","No Control","","",1320902.79,1678460.3,"13209031678460"
"2017-4018-27/05/2021","2 Metropolitan","TWO WELLS","5501","DC MALLALA.                   ",2,0,0,0,0,2017,"April","Monday","02:00 pm","050","Not Divided","Straight road","Level","Not Applicable","Sealed","Dry","Not Raining","Daylight","Rear End","01","Driver Rider","1: PDO","No Control","","",1321960.13,1707630.01,"13219601707630"
"2017-4019-27/05/2021","3 Country","FINNISS","5255","ALEXANDRINA COUNCIL",3,0,0,0,0,2017,"April","Monday","03:15 pm","100","Cross Road","Straight road","Crest of Hill","Not Applicable","Sealed","Dry","Not Raining","Daylight","Right Angle","01","Driver Rider","1: PDO","Give Way Sign","","",1346740.06,1617098.34,"13467401617098"
"2017-4020-27/05/2021","2 Metropolitan","WOODVILLE GARDENS","5012","CITY OF PORT ADELAIDE ENFIELD",2,0,0,0,0,2017,"April","Monday","01:00 pm","060","T-Junction","Straight road","Level","Not Applicable","Sealed","Dry","Not Raining","Daylight","Right Angle","02","Driver Rider","1: PDO","Give Way Sign","","",1323964.12,1677047.27,"13239641677047"
"2017-4021-27/05/2021","2 Metropolitan","TORRENSVILLE","5031","CITY OF WEST TORRENS",2,1,0,0,1,2017,"April","Monday","10:25 am","060","Divided Road","Straight road","Level","Not Applicable","Sealed","Dry","Not Raining","Daylight","Hit Pedestrian","02","Pedestrian","2: MI","No Control","","",1325246.31,1670977.56,"13252461670978"
"2017-4022-27/05/2021","2 Metropolitan","HINDMARSH","5007","CITY OF CHARLES STURT",2,0,0,0,0,2017,"April","Tuesday","08:19 am","060","T-Junction","Straight road","Level","Not Applicable","Sealed","Dry","Not Raining","Daylight","Side Swipe","01","Driver Rider","1: PDO","Give Way Sign","","",1326196.45,1672840.38,"13261961672840"
"2017-4023-27/05/2021","1 City","ADELAIDE","5000","CITY OF ADELAIDE",2,0,0,0,0,2017,"April","Monday","06:40 pm","050","T-Junction","Straight road","Level","Not Applicable","Sealed","Wet","Not Raining","Night","Right Angle","01","Driver Rider","1: PDO","No Control","","",1329097.47,1669740.81,"13290971669741"
"2017-4024-27/05/2021","3 Country","MYPONGA","5202","DC YANKALILLA.                ",2,2,0,0,2,2017,"April","Thursday","09:00 pm","100","T-Junction","CURVED, VIEW OPEN","Slope","Not Applicable","Sealed","Dry","Not Raining","Night","Rear End","02","Driver Rider","2: MI","No Control","","",1314202.42,1617017.46,"13142021617017"
"2017-4025-27/05/2021","3 Country","EMU BAY","5223","KANGAROO ISLAND COUNCIL",2,0,0,0,0,2017,"April","Wednesday","03:00 pm","100","Not Divided","Straight road","Unknown","Not Applicable","Unsealed","Unknown","Unknown","Daylight","Hit Fixed Object","01","Driver Rider","1: PDO","No Control","","",1226868.17,1598842.97,"12268681598843"
"2017-4026-27/05/2021","2 Metropolitan","PARKSIDE","5063","CITY OF UNLEY",2,1,0,0,1,2017,"April","Monday","10:55 am","060","Cross Road","Straight road","Level","Not Applicable","Sealed","Dry","Not Raining","Daylight","Rear End","02","Driver Rider","2: MI","Traffic Signals","","",1329057.07,1668963.89,"13290571668964"
"2017-4027-27/05/2021","2 Metropolitan","ANDREWS FARM","5114","CITY OF PLAYFORD.",2,0,0,0,0,2017,"April","Monday","04:30 pm","050","T-Junction","Straight road","Level","Not Applicable","Sealed","Wet","Not Raining","Daylight","Right Turn","01","Driver Rider","1: PDO","No Control","","",1335595.02,1697811.5,"13355951697812"
"2017-4028-27/05/2021","3 Country","KADINA","5554","COPPER COAST DISTRICT COUNCIL",2,0,0,0,0,2017,"April","Tuesday","11:20 am","060","Not Divided","Straight road","Level","Not Applicable","Sealed","Dry","Not Raining","Daylight","Hit Parked Vehicle","01","Driver Rider","1: PDO","No Control","","",1249491.06,1779762.98,"12494911779763"
"2017-4029-27/05/2021","2 Metropolitan","PORT ADELAIDE","5015","CITY OF PORT ADELAIDE ENFIELD",2,0,0,0,0,2017,"April","Tuesday","11:00 am","050","T-Junction","CURVED, VIEW OPEN","Level","Not Applicable","Sealed","Dry","Not Raining","Daylight","Hit Fixed Object","09","Other","1: PDO","No Control","","",1320816.75,1679640.72,"13208171679641"
"2017-4030-27/05/2021","2 Metropolitan","WOODVILLE NORTH","5012","CITY OF CHARLES STURT",2,0,0,0,0,2017,"April","Tuesday","10:50 am","060","Cross Road","Straight road","Level","Not Applicable","Sealed","Dry","Not Raining","Daylight","Right Turn","01","Driver Rider","1: PDO","Traffic Signals","","",1323535.02,1676767,"13235351676767"
"2017-4031-27/05/2021","2 Metropolitan","RIDLEYTON","5008","CITY OF CHARLES STURT",2,0,0,0,0,2017,"April","Tuesday","11:54 am","060","Cross Road","Straight road","Level","Not Applicable","Sealed","Dry","Not Raining","Daylight","Right Angle","02","Driver Rider","1: PDO","Stop Sign","","",1326317.87,1674576.99,"13263181674577"
"2017-4032-27/05/2021","3 Country","KULPARA","5552","BARUNGA WEST DISTRICT COUNCIL",1,0,0,0,0,2017,"April","Thursday","04:30 pm","100","Not Divided","CURVED, VIEW OBSCURED","Slope","Not Applicable","Sealed","Wet","Raining","Daylight","Roll Over","01","Driver Rider","1: PDO","No Control","","",1281946.74,1767249.08,"12819471767249"
"2017-4033-27/05/2021","2 Metropolitan","CRAIGBURN FARM","5051","CC MITCHAM.                   ",2,0,0,0,0,2017,"April","Monday","12:30 pm","050","Not Divided","CURVED, VIEW OBSCURED","Level","Driveway or Entrance","Sealed","Dry","Not Raining","Daylight","Right Angle","01","Driver Rider","1: PDO","No Control","","",1329969.73,1658758.54,"13299701658759"
"2017-4034-27/05/2021","3 Country","WANGARY","5607","DC LOWER EYRE PENINSULA       ",2,1,0,0,1,2017,"April","Tuesday","11:32 am","100","Not Divided","Straight road","Slope","Not Applicable","Unsealed","Dry","Not Raining","Daylight","Side Swipe","01","Driver Rider","2: MI","No Control","","",1043215.21,1718443,"10432151718443"
"2017-4035-27/05/2021","2 Metropolitan","ADELAIDE AIRPORT","5950","CITY OF WEST TORRENS",2,0,0,0,0,2017,"April","Tuesday","01:45 pm","050","Not Divided","Straight road","Level","Driveway or Entrance","Sealed","Dry","Not Raining","Daylight","Right Angle","01","Driver Rider","1: PDO","No Control","","",1320982.93,1668546.18,"13209831668546"
"2017-4036-27/05/2021","2 Metropolitan","MASLIN BEACH","5170","CITY OF ONKAPARINGA",2,0,0,0,0,2017,"April","Tuesday","02:20 pm","070","Not Divided","Straight road","Slope","Not Applicable","Sealed","Dry","Not Raining","Daylight","Side Swipe","02","Driver Rider","1: PDO","No Control","","",1316476.04,1638302.11,"13164761638302"