"REPORT_ID","Stats Area","Suburb","Postcode","LGA Name","Total Units","Total Cas","Total Fats","Total SI","Total MI","Year","Month","Day","Time","Area Speed","Position Type","Horizontal Align","Vertical Align","Other Feat","Road Surface","Moisture Cond","Weather Cond","DayNight","Crash Type","Unit Resp","Entity Code","CSEF Severity","Traffic Ctrls","DUI Involved","Drugs Involved","ACCLOC_X","ACCLOC_Y","UNIQUE_LOC"
"2017-4200-27/05/2021","2 Metropolitan","LONSDALE","5160","CITY OF ONKAPARINGA",2,0,0,0,0,2017,"April","Saturday","07:30 pm","050","T-Junction","Straight road","Level","Median Opening (not at I/S)","Sealed","Dry","Not Raining","Night","Hit Pedestrian","02","Pedestrian","1: PDO","Give Way Sign","","",1318862.58,1651335.87,"13188631651336"
"2017-4201-27/05/2021","2 Metropolitan","GOLDEN GROVE","5125","CITY OF TEA TREE GULLY",2,0,0,0,0,2017,"April","Sunday","02:26 pm","060","Cross Road","Straight road","Level","Not Applicable","Sealed","Dry","Not Raining","Daylight","Right Angle","02","Driver Rider","1: PDO","Traffic Signals","","",1337903.73,1685352.47,"13379041685352"
"2017-4202-27/05/2021","2 Metropolitan","KERSBROOK","5231","THE ADELAIDE HILLS COUNCIL",3,0,0,0,0,2017,"April","Saturday","11:15 pm","100","Not Divided","CURVED, VIEW OPEN","Slope","Not Applicable","Sealed","Dry","Not Raining","Night","Hit Fixed Object","01","Driver Rider","1: PDO","No Control","","",1349582.26,1687393.02,"13495821687393"
"2017-4203-27/05/2021","3 Country","MILLICENT","5280","WATTLE RANGE COUNCIL",2,0,0,0,0,2017,"April","Sunday","02:50 pm","050","Not Divided","Straight road","Level","Not Applicable","Sealed","Dry","Not Raining","Daylight","Hit Fixed Object","01","Driver Rider","1: PDO","No Control","","",1472938.69,1367467.03,"14729391367467"
"2017-4204-27/05/2021","3 Country","AGERY","5558","YORKE PENINSULA COUNCIL",2,0,0,0,0,2017,"April","Sunday","11:20 am","100","Not Divided","Straight road","Level","Not Applicable","Sealed","Dry","Not Raining","Daylight","Hit Animal","02","Animal","1: PDO","No Control","","",1252783.33,1761455.19,"12527831761455"
"2017-4205-27/05/2021","2 Metropolitan","FINDON","5023","CITY OF CHARLES STURT",3,1,0,1,0,2017,"April","Sunday","03:31 pm","060","T-Junction","Straight road","Level","Not Applicable","Sealed","Dry","Not Raining","Daylight","Hit Fixed Object","01","Driver Rider","3: SI","No Control","","",1322382.73,1674377.13,"13223831674377"
"2017-4206-27/05/2021","2 Metropolitan","O'HALLORAN HILL","5158","CC MARION.                    ",1,1,0,0,1,2017,"April","Sunday","04:20 pm","100","Freeway","Straight road","Level","Not Applicable","Sealed","Dry","Not Raining","Daylight","Roll Over","01","Driver Rider","2: MI","No Control","","",1323009.19,1655706.96,"13230091655707"
"2017-4207-27/05/2021","2 Metropolitan","URRBRAE","5064","CC MITCHAM.                   ",2,0,0,0,0,2017,"April","Sunday","10:30 am","060","Cross Road","CURVED, VIEW OPEN","Bottom of Hill","Not Applicable","Sealed","Dry","Not Raining","Daylight","Side Swipe","02","Driver Rider","1: PDO","Traffic Signals","","",1332373.16,1666370.92,"13323731666371"
"2017-4208-27/05/2021","2 Metropolitan","ATHOL PARK","5012","CITY OF CHARLES STURT",2,0,0,0,0,2017,"April","Sunday","06:50 pm","060","T-Junction","Straight road","Level","Not Applicable","Sealed","Dry","Not Raining","Night","Hit Fixed Object","01","Driver Rider","1: PDO","No Control","","",1323922.85,1678393.46,"13239231678393"
"2017-4209-27/05/2021","2 Metropolitan","ASCOT PARK","5043","CC MARION.                    ",2,1,0,1,0,2017,"April","Sunday","08:40 pm","050","Not Divided","Straight road","Level","Not Applicable","Sealed","Dry","Not Raining","Night","Hit Parked Vehicle","01","Driver Rider","3: SI","No Control","","",1324423.29,1663900.35,"13244231663900"
"2017-4210-27/05/2021","2 Metropolitan","CLEARVIEW","5085","CITY OF PORT ADELAIDE ENFIELD",2,0,0,0,0,2017,"April","Sunday","10:05 pm","050","Cross Road","Straight road","Level","Not Applicable","Sealed","Dry","Not Raining","Night","Right Angle","01","Driver Rider","1: PDO","Give Way Sign","","",1330300.86,1677748.99,"13303011677749"
"2017-4211-27/05/2021","3 Country","GURRA GURRA","5343","DC RENMARK PARINGA            ",2,0,0,0,0,2017,"May","Monday","07:44 am","080","T-Junction","Straight road","Level","Not Applicable","Sealed","Dry","Not Raining","Daylight","Right Angle","01","Driver Rider","1: PDO","No Control","","",1514886.96,1732645.73,"15148871732646"
"2017-4212-27/05/2021","2 Metropolitan","LONSDALE","5160","CITY OF ONKAPARINGA",2,4,0,0,4,2017,"May","Monday","08:15 am","070","Not Divided","Straight road","Crest of Hill","Not Applicable","Sealed","Dry","Not Raining","Daylight","Hit Parked Vehicle","01","Driver Rider","2: MI","No Control","","",1318984.06,1649807.78,"13189841649808"
"2017-4213-27/05/2021","3 Country","BARMERA","5345","THE BERRI BARMERA COUNCIL",3,1,0,0,1,2017,"May","Monday","08:05 am","110","Not Divided","CURVED, VIEW OPEN","Unknown","Not Applicable","Sealed","Dry","Not Raining","Daylight","Hit Fixed Object","01","Driver Rider","2: MI","No Control","","",1505938.84,1739333.64,"15059391739334"
"2017-4214-27/05/2021","2 Metropolitan","WARD BELT","5118","LIGHT REGIONAL COUNCIL",2,0,0,0,0,2017,"April","Sunday","10:30 pm","080","Not Divided","Straight road","Level","Not Applicable","Unsealed","Dry","Not Raining","Night","Hit Fixed Object","01","Driver Rider","1: PDO","No Control","","",1333932.79,1709907.71,"13339331709908"
"2017-4215-27/05/2021","2 Metropolitan","SMITHFIELD","5114","CITY OF PLAYFORD.",4,2,0,0,2,2017,"April","Friday","06:16 pm","050","Rail Crossing","Straight road","Level","Not Applicable","Sealed","Dry","Not Raining","Night","Rear End","01","Driver Rider","2: MI","Rail Xing - Boom","","",1337425.67,1697445.76,"13374261697446"
"2017-4216-27/05/2021","2 Metropolitan","TRANMERE","5073","CC CAMPBELLTOWN.              ",3,1,0,0,1,2017,"May","Monday","11:55 am","060","T-Junction","Straight road","Level","Not Applicable","Sealed","Wet","Raining","Daylight","Rear End","02","Driver Rider","2: MI","Traffic Signals","","",1333824.27,1672885.26,"13338241672885"
"2017-4217-27/05/2021","2 Metropolitan","WOODVILLE","5011","CITY OF CHARLES STURT",2,0,0,0,0,2017,"May","Monday","11:25 am","050","Divided Road","Straight road","Level","Not Applicable","Sealed","Wet","Raining","Daylight","Rear End","01","Driver Rider","1: PDO","No Control","","",1322871.96,1676005.44,"13228721676005"
"2017-4218-27/05/2021","2 Metropolitan","GLOBE DERBY PARK","5110","CITY OF SALISBURY",2,1,0,0,1,2017,"May","Monday","12:20 pm","090","Divided Road","Straight road","Level","Not Applicable","Sealed","Wet","Raining","Daylight","Hit Fixed Object","01","Driver Rider","2: MI","No Control","","",1328658.53,1685848.97,"13286591685849"
"2017-4219-27/05/2021","2 Metropolitan","UNDERDALE","5032","CITY OF WEST TORRENS",2,1,0,0,1,2017,"April","Thursday","06:20 pm","060","Divided Road","Straight road","Level","Not Applicable","Sealed","Wet","Not Raining","Night","Rear End","01","Driver Rider","2: MI","No Control","","",1323885.4,1670942.79,"13238851670943"
"2017-4220-27/05/2021","2 Metropolitan","ASCOT PARK","5043","CC MARION.                    ",5,0,0,0,0,2017,"May","Monday","12:45 pm","060","Divided Road","Straight road","Level","Not Applicable","Sealed","Wet","Not Raining","Daylight","Rear End","01","Driver Rider","1: PDO","No Control","","",1324398.01,1663279.22,"13243981663279"
"2017-4221-27/05/2021","2 Metropolitan","ONE TREE HILL","5114","CITY OF PLAYFORD.",2,0,0,0,0,2017,"April","Saturday","06:14 pm","100","T-Junction","Straight road","Level","Not Applicable","Sealed","Dry","Not Raining","Night","Hit Fixed Object","01","Driver Rider","1: PDO","No Control","","",1341920.18,1692592.34,"13419201692592"
"2017-4222-27/05/2021","2 Metropolitan","CROYDON","5008","CITY OF CHARLES STURT",2,0,0,0,0,2017,"May","Monday","11:25 am","060","Divided Road","Straight road","Level","Not Applicable","Sealed","Wet","Raining","Daylight","Side Swipe","01","Driver Rider","1: PDO","No Control","","",1325566.36,1673508.68,"13255661673509"
"2017-4223-27/05/2021","2 Metropolitan","MARION","5043","CC MARION.                    ",3,0,0,0,0,2017,"May","Monday","02:45 pm","060","Divided Road","Straight road","Level","Not Applicable","Sealed","Dry","Not Raining","Daylight","Rear End","01","Driver Rider","1: PDO","No Control","","",1324372,1661811.12,"13243721661811"
"2017-4224-27/05/2021","2 Metropolitan","GEPPS CROSS","5094","CITY OF PORT ADELAIDE ENFIELD",2,0,0,0,0,2017,"May","Monday","11:10 am","070","T-Junction","Straight road","Level","Not Applicable","Sealed","Dry","Not Raining","Daylight","Right Angle","02","Driver Rider","1: PDO","No Control","","",1327703.76,1679736.41,"13277041679736"
"2017-4225-27/05/2021","2 Metropolitan","WOODVILLE PARK","5011","CITY OF CHARLES STURT",2,0,0,0,0,2017,"May","Monday","02:30 pm","060","Not Divided","Straight road","Level","Not Applicable","Sealed","Dry","Not Raining","Daylight","Rear End","02","Driver Rider","1: PDO","No Control","","",1323931.97,1674978.28,"13239321674978"
"2017-4226-27/05/2021","2 Metropolitan","KLEMZIG","5087","CITY OF PORT ADELAIDE ENFIELD",2,0,0,0,0,2017,"May","Monday","03:28 pm","060","Cross Road","Straight road","Level","Not Applicable","Sealed","Wet","Raining","Daylight","Rear End","02","Driver Rider","1: PDO","Traffic Signals","","",1332072.8,1676595.28,"13320731676595"
"2017-4227-27/05/2021","2 Metropolitan","STEPNEY","5069","CC OF NORWOOD,PAYNEHAM & ST PETERS",2,0,0,0,0,2017,"April","Wednesday","12:00 pm","060","Multiple","Straight road","Level","Not Applicable","Sealed","Dry","Not Raining","Daylight","Rear End","02","Driver Rider","1: PDO","Traffic Signals","","",1330600.73,1671714.93,"13306011671715"
"2017-4228-27/05/2021","2 Metropolitan","HOLDEN HILL","5088","CITY OF PORT ADELAIDE ENFIELD",2,0,0,0,0,2017,"May","Monday","03:30 pm","060","Divided Road","Straight road","Level","Not Applicable","Sealed","Dry","Not Raining","Daylight","Side Swipe","02","Driver Rider","1: PDO","No Control","","",1333873.6,1678039.15,"13338741678039"
"2017-4229-27/05/2021","2 Metropolitan","UNLEY","5061","CITY OF UNLEY",3,2,0,0,2,2017,"May","Monday","02:45 pm","060","T-Junction","Straight road","Level","Not Applicable","Sealed","Dry","Not Raining","Daylight","Rear End","01","Driver Rider","2: MI","Traffic Signals","","",1329087.97,1667907.69,"13290881667908"
"2017-4230-27/05/2021","2 Metropolitan","TAPEROO","5017","CITY OF PORT ADELAIDE ENFIELD",2,1,0,0,1,2017,"May","Monday","03:38 pm","060","T-Junction","Straight road","Level","Roadworks","Sealed","Dry","Not Raining","Daylight","Right Turn","01","Driver Rider","2: MI","No Control","","",1319929.15,1683932.1,"13199291683932"
"2017-4231-27/05/2021","2 Metropolitan","THEBARTON","5031","CITY OF WEST TORRENS",2,0,0,0,0,2017,"May","Monday","12:36 pm","050","Not Divided","Straight road","Level","Not Applicable","Sealed","Dry","Not Raining","Daylight","Hit Parked Vehicle","01","Driver Rider","1: PDO","No Control","","",1326162.56,1671518.5,"13261631671519"
"2017-4232-27/05/2021","2 Metropolitan","NORTH ADELAIDE","5006","CITY OF CHARLES STURT",2,1,0,0,1,2017,"April","Sunday","10:00 pm","060","Divided Road","Straight road","Slope","Not Applicable","Sealed","Dry","Not Raining","Night","Side Swipe","02","Driver Rider","2: MI","No Control","","",1326687.32,1672835.12,"13266871672835"
"2017-4233-27/05/2021","3 Country","SPRING FARM","5453","CLARE AND GILBERT VALLEYS DISTRICT COUNCIL",1,1,0,0,1,2017,"April","Thursday","10:40 pm","100","Not Divided","CURVED, VIEW OBSCURED","Bottom of Hill","Not Applicable","Sealed","Wet","Raining","Night","Roll Over","01","Driver Rider","2: MI","No Control","","",1335544.24,1786843.7,"13355441786844"
"2017-4234-27/05/2021","2 Metropolitan","SALISBURY","5108","CITY OF SALISBURY",2,0,0,0,0,2017,"May","Monday","06:20 pm","060","T-Junction","Straight road","Level","Not Applicable","Sealed","Dry","Not Raining","Night","Right Angle","01","Driver Rider","1: PDO","Traffic Signals","","",1333126.64,1688469.42,"13331271688469"
"2017-4235-27/05/2021","2 Metropolitan","FULHAM GARDENS","5024","CITY OF CHARLES STURT",2,1,0,0,1,2017,"May","Monday","01:30 pm","060","Cross Road","Straight road","Level","Not Applicable","Sealed","Dry","Not Raining","Daylight","Rear End","02","Driver Rider","2: MI","Traffic Signals","","",1320790.05,1673070.27,"13207901673070"
"2017-4236-27/05/2021","2 Metropolitan","PLYMPTON","5038","CITY OF WEST TORRENS",3,0,0,0,0,2017,"May","Monday","05:57 pm","060","Divided Road","Straight road","Level","Median Opening (not at I/S)","Sealed","Dry","Not Raining","Night","Rear End","01","Driver Rider","1: PDO","No Control","","",1324812.73,1666989.63,"13248131666990"
"2017-4237-27/05/2021","2 Metropolitan","WOODVILLE PARK","5011","CITY OF CHARLES STURT",2,1,0,0,1,2017,"May","Monday","04:30 pm","060","Not Divided","Straight road","Level","Not Applicable","Sealed","Dry","Not Raining","Daylight","Hit Fixed Object","01","Driver Rider","2: MI","No Control","","",1323948.84,1675062.18,"13239491675062"
"2017-4238-27/05/2021","1 City","ADELAIDE","5000","CITY OF ADELAIDE",2,0,0,0,0,2017,"May","Monday","05:35 pm","050","Cross Road","Straight road","Level","Not Applicable","Sealed","Dry","Not Raining","Night","Right Turn","02","Driver Rider","1: PDO","Traffic Signals","","",1328460.3,1670828.21,"13284601670828"
"2017-4239-27/05/2021","2 Metropolitan","CROYDON PARK","5008","CITY OF PORT ADELAIDE ENFIELD",2,1,0,0,1,2017,"May","Monday","08:10 pm","050","Cross Road","Straight road","Level","Not Applicable","Sealed","Dry","Not Raining","Night","Right Angle","01","Driver Rider","2: MI","Give Way Sign","","",1326336.03,1675906.65,"13263361675907"
"2017-4240-27/05/2021","3 Country","MURRAY BRIDGE","5253","RC MURRAY BRIDGE.             ",2,0,0,0,0,2017,"May","Monday","09:40 pm","110","Freeway","Straight road","Level","Not Applicable","Sealed","Dry","Not Raining","Night","Rear End","02","Driver Rider","1: PDO","No Control","","",1387419.99,1644083.37,"13874201644083"
"2017-4241-27/05/2021","2 Metropolitan","RICHMOND","5033","CITY OF WEST TORRENS",2,0,0,0,0,2017,"May","Monday","12:15 am","050","Not Divided","Straight road","Level","Not Applicable","Sealed","Dry","Not Raining","Night","Hit Parked Vehicle","02","Driver Rider","1: PDO","No Control","","",1325129.72,1669327,"13251301669327"
"2017-4242-27/05/2021","2 Metropolitan","BOLIVAR","5110","CITY OF SALISBURY",3,1,0,0,1,2017,"May","Tuesday","01:15 am","060","Not Divided","Straight road","Level","Driveway or Entrance","Sealed","Wet","Not Raining","Night","Hit Pedestrian","01","Driver Rider","2: MI","No Control","","",1328426.34,1688210.3,"13284261688210"
"2017-4243-27/05/2021","3 Country","RENMARK","5341","DC RENMARK PARINGA            ",2,0,0,0,0,2017,"May","Monday","09:00 am","050","Not Divided","Straight road","Level","Not Applicable","Sealed","Dry","Not Raining","Daylight","Hit Parked Vehicle","02","Driver Rider","1: PDO","No Control","","",1529496.94,1746448.78,"15294971746449"
"2017-4244-27/05/2021","2 Metropolitan","GEPPS CROSS","5094","CITY OF PORT ADELAIDE ENFIELD",2,0,0,0,0,2017,"May","Tuesday","07:25 am","060","Cross Road","Straight road","Slope","Not Applicable","Unsealed","Wet","Not Raining","Daylight","Side Swipe","02","Driver Rider","1: PDO","Traffic Signals","","",1330377.17,1679315.41,"13303771679315"
"2017-4245-27/05/2021","2 Metropolitan","CROYDON","5008","CITY OF CHARLES STURT",3,1,0,0,1,2017,"May","Monday","05:20 pm","060","Divided Road","Straight road","Level","Not Applicable","Sealed","Dry","Not Raining","Daylight","Rear End","01","Driver Rider","2: MI","No Control","","",1325189.6,1673774.18,"13251901673774"
"2017-4246-27/05/2021","2 Metropolitan","NORWOOD","5067","CC OF NORWOOD,PAYNEHAM & ST PETERS",2,1,0,0,1,2017,"May","Tuesday","08:00 am","060","T-Junction","Straight road","Level","Not Applicable","Sealed","Dry","Not Raining","Daylight","Right Angle","01","Driver Rider","2: MI","No Control","","",1330619.39,1671380.83,"13306191671381"
"2017-4247-27/05/2021","2 Metropolitan","CLARENDON","5157","CITY OF ONKAPARINGA",2,1,0,0,1,2017,"May","Monday","11:09 am","080","Not Divided","CURVED, VIEW OPEN","Slope","Not Applicable","Sealed","Wet","Unknown","Daylight","Hit Fixed Object","01","Driver Rider","2: MI","No Control","","",1331214.02,1649154.26,"13312141649154"
"2017-4248-27/05/2021","1 City","ADELAIDE","5000","CITY OF ADELAIDE",2,1,0,0,1,2017,"May","Tuesday","07:00 am","050","T-Junction","Straight road","Level","Not Applicable","Sealed","Dry","Not Raining","Daylight","Right Angle","01","Driver Rider","2: MI","No Control","","",1327878.65,1669860.7,"13278791669861"
"2017-4249-27/05/2021","1 City","NORTH ADELAIDE","5006","CITY OF ADELAIDE",2,0,0,0,0,2017,"May","Tuesday","08:30 am","050","Not Divided","Straight road","Level","Not Applicable","Sealed","Dry","Not Raining","Daylight","Side Swipe","01","Driver Rider","1: PDO","No Control","","",1327862.33,1673272.79,"13278621673273"
"2017-4250-27/05/2021","2 Metropolitan","GLENELG SOUTH","5045","CITY OF HOLDFAST BAY",2,1,0,0,1,2017,"March","Thursday","03:30 pm","040","Not Divided","Straight road","Level","Not Applicable","Sealed","Dry","Not Raining","Daylight","Rear End","02","Driver Rider","2: MI","No Control","","",1320972.44,1664345.3,"13209721664345"
"2017-4251-27/05/2021","2 Metropolitan","NORWOOD","5067","CC OF NORWOOD,PAYNEHAM & ST PETERS",2,1,0,1,0,2017,"May","Tuesday","08:39 am","050","Cross Road","Straight road","Level","Not Applicable","Sealed","Dry","Not Raining","Daylight","Hit Pedestrian","01","Driver Rider","3: SI","Traffic Signals","","",1331854.23,1671077.71,"13318541671078"
"2017-4252-27/05/2021","2 Metropolitan","MOUNT BARKER","5251","DC MT.BARKER.                 ",2,0,0,0,0,2017,"May","Monday","12:15 pm","080","Not Divided","CURVED, VIEW OPEN","Slope","Not Applicable","Sealed","Wet","Raining","Daylight","Hit Fixed Object","01","Driver Rider","1: PDO","No Control","","",1348873.96,1649868.45,"13488741649868"
"2017-4253-27/05/2021","2 Metropolitan","HAMPSTEAD GARDENS","5086","CITY OF PORT ADELAIDE ENFIELD",2,0,0,0,0,2017,"May","Tuesday","08:35 am","060","Cross Road","Straight road","Level","Not Applicable","Sealed","Dry","Not Raining","Daylight","Right Angle","02","Driver Rider","1: PDO","Stop Sign","","",1331618.46,1676337.3,"13316181676337"
"2017-4254-27/05/2021","2 Metropolitan","MOUNT BARKER","5251","DC MT.BARKER.                 ",2,0,0,0,0,2017,"May","Tuesday","08:30 am","060","Cross Road","Straight road","Level","Not Applicable","Sealed","Wet","Raining","Daylight","Right Angle","01","Driver Rider","1: PDO","Roundabout","","",1351901.57,1653063.6,"13519021653064"
"2017-4255-27/05/2021","3 Country","PORT AUGUSTA WEST","5700","CC PT.AUGUSTA.                ",2,1,0,0,1,2017,"May","Tuesday","08:50 am","060","T-Junction","CURVED, VIEW OPEN","Slope","Not Applicable","Sealed","Dry","Not Raining","Daylight","Right Angle","02","Driver Rider","2: MI","No Control","","",1258404.2,1943421.26,"12584041943421"
"2017-4256-27/05/2021","2 Metropolitan","MAYLANDS","5069","CC OF NORWOOD,PAYNEHAM & ST PETERS",3,0,0,0,0,2017,"May","Tuesday","08:15 am","060","Divided Road","Straight road","Level","Not Applicable","Sealed","Dry","Not Raining","Daylight","Rear End","01","Driver Rider","1: PDO","No Control","","",1332215.4,1672483.93,"13322151672484"
"2017-4257-27/05/2021","2 Metropolitan","STURT","5047","CC MARION.                    ",2,3,0,0,3,2017,"May","Tuesday","11:20 am","060","Cross Road","Straight road","Level","Not Applicable","Sealed","Dry","Not Raining","Daylight","Right Angle","01","Driver Rider","2: MI","Traffic Signals","","",1324404.88,1660668.91,"13244051660669"
"2017-4258-27/05/2021","2 Metropolitan","LYNTON","5062","CC MITCHAM.                   ",2,1,0,0,1,2017,"May","Tuesday","07:30 am","060","Not Divided","CURVED, VIEW OBSCURED","Slope","Not Applicable","Sealed","Dry","Not Raining","Daylight","Side Swipe","01","Driver Rider","2: MI","No Control","","",1329020.51,1662798.31,"13290211662798"
"2017-4259-27/05/2021","3 Country","MILANG","5256","ALEXANDRINA COUNCIL",1,1,0,1,0,2017,"April","Sunday","10:30 am","100","Not Divided","Straight road","Level","Not Applicable","Unsealed","Dry","Not Raining","Daylight","Roll Over","01","Driver Rider","3: SI","No Control","","",1359100.18,1617788.02,"13591001617788"
"2017-4260-27/05/2021","2 Metropolitan","PARA HILLS","5096","CITY OF SALISBURY",3,1,0,0,1,2017,"May","Tuesday","01:00 pm","050","Not Divided","Straight road","Slope","Not Applicable","Sealed","Dry","Not Raining","Daylight","Hit Parked Vehicle","01","Driver Rider","2: MI","No Control","","",1334586.4,1683163.22,"13345861683163"
"2017-4261-27/05/2021","2 Metropolitan","POORAKA","5095","CITY OF SALISBURY",2,0,0,0,0,2017,"May","Tuesday","12:30 pm","060","T-Junction","Straight road","Level","Not Applicable","Sealed","Dry","Not Raining","Daylight","Right Angle","02","Driver Rider","1: PDO","Traffic Signals","","",1331015.05,1680310.68,"13310151680311"
"2017-4262-27/05/2021","2 Metropolitan","BIRDWOOD","5234","THE ADELAIDE HILLS COUNCIL",2,1,0,0,1,2017,"May","Monday","01:45 pm","100","Not Divided","CURVED, VIEW OBSCURED","Level","Not Applicable","Sealed","Wet","Raining","Daylight","Head On","02","Driver Rider","2: MI","No Control","","",1364222.29,1682657.81,"13642221682658"
"2017-4263-27/05/2021","2 Metropolitan","BELAIR","5052","CC MITCHAM.                   ",2,2,0,0,2,2017,"May","Tuesday","11:30 am","060","Divided Road","Straight road","Level","Not Applicable","Sealed","Dry","Not Raining","Daylight","Rear End","02","Driver Rider","2: MI","No Control","","",1330340.74,1662411.22,"13303411662411"
"2017-4264-27/05/2021","2 Metropolitan","CHANDLERS HILL","5159","CITY OF ONKAPARINGA",2,1,0,0,1,2017,"May","Tuesday","01:50 pm","070","Not Divided","CURVED, VIEW OPEN","Slope","Not Applicable","Sealed","Wet","Not Raining","Daylight","Hit Fixed Object","01","Driver Rider","2: MI","No Control","","",1330068.42,1655525.28,"13300681655525"
"2017-4265-27/05/2021","3 Country","WAIKERIE","5330","LOXTON WAIKERIE DISTRICT COUNCIL",3,1,0,0,1,2017,"May","Tuesday","01:10 pm","060","Multiple","CURVED, VIEW OPEN","Slope","Not Applicable","Sealed","Dry","Not Raining","Daylight","Right Angle","02","Driver Rider","2: MI","Roundabout","","",1458678.73,1748294.14,"14586791748294"
"2017-4266-27/05/2021","2 Metropolitan","LIGHTSVIEW","5085","CITY OF PORT ADELAIDE ENFIELD",2,0,0,0,0,2017,"May","Tuesday","12:45 pm","050","Not Divided","Straight road","Level","Not Applicable","Sealed","Wet","Raining","Daylight","Hit Parked Vehicle","02","Driver Rider","1: PDO","No Control","","",1330931.44,1677785.68,"13309311677786"
"2017-4267-27/05/2021","2 Metropolitan","GEPPS CROSS","5094","CITY OF PORT ADELAIDE ENFIELD",2,0,0,0,0,2017,"May","Monday","12:50 pm","050","T-Junction","Straight road","Level","Not Applicable","Sealed","Wet","Not Raining","Daylight","Hit Parked Vehicle","02","Driver Rider","1: PDO","No Control","","",1328151.79,1679616.9,"13281521679617"
"2017-4268-27/05/2021","2 Metropolitan","TWO WELLS","5501","DC MALLALA.                   ",2,0,0,0,0,2017,"May","Tuesday","08:50 am","050","Not Divided","Straight road","Level","Additional Control Operating","Sealed","Dry","Not Raining","Daylight","Right Angle","02","Driver Rider","1: PDO","No Control","","",1322155.23,1707800.69,"13221551707801"
"2017-4269-27/05/2021","2 Metropolitan","GILLES PLAINS","5086","CITY OF PORT ADELAIDE ENFIELD",2,1,0,0,1,2017,"May","Monday","02:00 pm","060","T-Junction","Straight road","Level","Not Applicable","Sealed","Dry","Not Raining","Daylight","Right Angle","02","Driver Rider","2: MI","Traffic Signals","","",1334573.68,1678464.04,"13345741678464"
"2017-4270-27/05/2021","2 Metropolitan","GEPPS CROSS","5094","CITY OF PORT ADELAIDE ENFIELD",2,0,0,0,0,2017,"May","Monday","11:00 am","070","Divided Road","CURVED, VIEW OPEN","Level","Not Applicable","Sealed","Dry","Not Raining","Daylight","Side Swipe","02","Driver Rider","1: PDO","No Control","","",1328751.98,1680621.1,"13287521680621"
"2017-4271-27/05/2021","3 Country","BERRI","5343","THE BERRI BARMERA COUNCIL",2,1,0,0,1,2017,"May","Tuesday","03:05 pm","060","T-Junction","CURVED, VIEW OPEN","Slope","Not Applicable","Sealed","Dry","Not Raining","Daylight","Right Turn","02","Driver Rider","2: MI","No Control","","",1514209.68,1733976.76,"15142101733977"
"2017-4272-27/05/2021","2 Metropolitan","REYNELLA","5161","CITY OF ONKAPARINGA",2,0,0,0,0,2017,"May","Tuesday","02:26 pm","050","Not Divided","Straight road","Level","Not Applicable","Sealed","Dry","Not Raining","Daylight","Hit Parked Vehicle","02","Driver Rider","1: PDO","No Control","","",1320819.81,1651970.3,"13208201651970"
"2017-4273-27/05/2021","2 Metropolitan","CLOVELLY PARK","5042","CC MARION.                    ",1,0,0,0,0,2017,"May","Tuesday","02:35 pm","060","Divided Road","Straight road","Level","Not Applicable","Sealed","Dry","Not Raining","Daylight","Other","01","Driver Rider","1: PDO","No Control","","",1325812.78,1663319.64,"13258131663320"
"2017-4274-27/05/2021","2 Metropolitan","MORPHETT VALE","5162","CITY OF ONKAPARINGA",2,0,0,0,0,2017,"April","Thursday","09:00 am","060","T-Junction","Straight road","Bottom of Hill","Not Applicable","Sealed","Wet","Raining","Daylight","Hit Fixed Object","09","Other","1: PDO","No Control","","",1319616.97,1649541.88,"13196171649542"
"2017-4275-27/05/2021","2 Metropolitan","TATACHILLA","5171","CITY OF ONKAPARINGA",3,2,0,0,2,2017,"May","Tuesday","02:36 pm","090","Cross Road","Straight road","Bottom of Hill","Not Applicable","Sealed","Dry","Not Raining","Daylight","Rear End","02","Driver Rider","2: MI","Stop Sign","","",1317646.97,1638169.75,"13176471638170"
"2017-4276-27/05/2021","2 Metropolitan","TUSMORE","5065","CITY OF BURNSIDE",2,0,0,0,0,2017,"May","Tuesday","05:20 pm","060","Cross Road","Straight road","Level","Not Applicable","Sealed","Dry","Not Raining","Daylight","Side Swipe","02","Driver Rider","1: PDO","Traffic Signals","","",1332323.44,1669056.96,"13323231669057"
"2017-4277-27/05/2021","1 City","ADELAIDE","5000","CITY OF ADELAIDE",2,1,0,0,1,2017,"May","Tuesday","05:30 pm","050","Not Divided","Straight road","Level","Not Applicable","Sealed","Dry","Not Raining","Daylight","Hit Parked Vehicle","01","Driver Rider","2: MI","No Control","","",1328977.65,1669737.78,"13289781669738"
"2017-4278-27/05/2021","1 City","ADELAIDE","5000","CITY OF ADELAIDE",2,1,0,0,1,2017,"May","Tuesday","03:20 pm","050","Not Divided","Straight road","Level","Not Applicable","Sealed","Dry","Not Raining","Daylight","Hit Pedestrian","02","Pedestrian","2: MI","No Control","","",1328006.43,1670966.89,"13280061670967"
"2017-4279-27/05/2021","2 Metropolitan","KENSINGTON PARK","5068","CITY OF BURNSIDE",2,0,0,0,0,2017,"May","Tuesday","04:00 pm","060","Divided Road","Straight road","Level","Not Applicable","Sealed","Dry","Not Raining","Daylight","Side Swipe","02","Driver Rider","1: PDO","No Control","","",1333897.57,1670516.97,"13338981670517"
"2017-4280-27/05/2021","1 City","ADELAIDE","5000","CITY OF ADELAIDE",2,1,0,0,1,2017,"May","Tuesday","04:50 pm","060","T-Junction","Straight road","Level","Not Applicable","Sealed","Dry","Not Raining","Daylight","Side Swipe","01","Driver Rider","2: MI","No Control","","",1329884.53,1670392.01,"13298851670392"