"REPORT_ID","Stats Area","Suburb","Postcode","LGA Name","Total Units","Total Cas","Total Fats","Total SI","Total MI","Year","Month","Day","Time","Area Speed","Position Type","Horizontal Align","Vertical Align","Other Feat","Road Surface","Moisture Cond","Weather Cond","DayNight","Crash Type","Unit Resp","Entity Code","CSEF Severity","Traffic Ctrls","DUI Involved","Drugs Involved","ACCLOC_X","ACCLOC_Y","UNIQUE_LOC"
"2017-5098-27/05/2021","2 Metropolitan","NORTHFIELD","5085","CITY OF PORT ADELAIDE ENFIELD",2,1,0,0,1,2017,"May","Tuesday","03:20 pm","060","T-Junction","Straight road","Level","Not Applicable","Sealed","Dry","Not Raining","Daylight","Right Turn","01","Driver Rider","2: MI","Traffic Signals","","",1330407.78,1678042.15,"13304081678042"
"2017-5099-27/05/2021","2 Metropolitan","POORAKA","5095","CITY OF SALISBURY",2,0,0,0,0,2017,"May","Tuesday","04:30 pm","070","Divided Road","Straight road","Level","Not Applicable","Sealed","Wet","Raining","Daylight","Rear End","02","Driver Rider","1: PDO","No Control","","",1330579.18,1681930.89,"13305791681931"
"2017-5100-27/05/2021","2 Metropolitan","WYNN VALE","5127","CITY OF TEA TREE GULLY",3,0,0,0,0,2017,"May","Tuesday","04:52 pm","060","T-Junction","Straight road","Level","Not Applicable","Sealed","Wet","Raining","Daylight","Right Angle","02","Driver Rider","1: PDO","No Control","","",1337443.85,1683634.61,"13374441683635"
"2017-5101-27/05/2021","2 Metropolitan","WINGFIELD","5013","CITY OF PORT ADELAIDE ENFIELD",2,1,0,0,1,2017,"May","Tuesday","05:00 pm","060","T-Junction","Straight road","Level","Not Applicable","Sealed","Dry","Not Raining","Daylight","Right Angle","01","Driver Rider","2: MI","Give Way Sign","","",1325127.39,1679183.29,"13251271679183"
"2017-5102-27/05/2021","2 Metropolitan","PARAFIELD GARDENS","5107","CITY OF SALISBURY",3,2,0,0,2,2017,"May","Tuesday","03:10 pm","060","T-Junction","Straight road","Level","Not Applicable","Sealed","Dry","Not Raining","Daylight","Right Turn","02","Driver Rider","2: MI","Traffic Signals","","",1330688.17,1685868.15,"13306881685868"
"2017-5103-27/05/2021","3 Country","MOUNT GAMBIER","5290","CC MT.GAMBIER.                ",2,2,0,0,2,2017,"May","Tuesday","04:35 pm","050","Cross Road","Straight road","Level","Not Applicable","Sealed","Wet","Raining","Daylight","Right Angle","01","Driver Rider","2: MI","Traffic Signals","","",1510634.56,1339951.5,"15106351339952"
"2017-5104-27/05/2021","1 City","ADELAIDE","5000","CITY OF ADELAIDE",2,0,0,0,0,2017,"May","Tuesday","05:35 pm","050","Cross Road","Straight road","Crest of Hill","Not Applicable","Sealed","Wet","Not Raining","Night","Right Turn","02","Driver Rider","1: PDO","Traffic Signals","","",1329226.46,1671155.57,"13292261671156"
"2017-5105-27/05/2021","3 Country","TANUNDA","5352","THE BAROSSA COUNCIL.",2,1,0,0,1,2017,"May","Tuesday","05:00 pm","050","T-Junction","Straight road","Slope","Not Applicable","Sealed","Dry","Not Raining","Daylight","Right Angle","02","Driver Rider","2: MI","Give Way Sign","","",1362113.5,1713096.31,"13621141713096"
"2017-5106-27/05/2021","2 Metropolitan","STURT","5047","CC MARION.                    ",1,1,0,0,1,2017,"May","Tuesday","06:10 pm","060","T-Junction","Straight road","Level","Not Applicable","Sealed","Wet","Not Raining","Night","Roll Over","01","Driver Rider","2: MI","Give Way Sign","","",1323598.23,1660201.3,"13235981660201"
"2017-5107-27/05/2021","2 Metropolitan","GULFVIEW HEIGHTS","5096","CITY OF SALISBURY",2,0,0,0,0,2017,"May","Tuesday","06:20 pm","080","T-Junction","CURVED, VIEW OPEN","Slope","Not Applicable","Sealed","Wet","Not Raining","Night","Right Angle","01","Driver Rider","1: PDO","No Control","","",1334860.72,1683900.51,"13348611683901"
"2017-5108-27/05/2021","2 Metropolitan","MITCHELL PARK","5043","CC MARION.                    ",3,1,0,0,1,2017,"May","Tuesday","06:04 pm","060","Divided Road","Straight road","Level","Not Applicable","Sealed","Dry","Not Raining","Night","Rear End","01","Driver Rider","2: MI","No Control","","",1324372.41,1661797.45,"13243721661797"
"2017-5109-27/05/2021","1 City","NORTH ADELAIDE","5006","CITY OF ADELAIDE",2,0,0,0,0,2017,"May","Tuesday","07:50 pm","050","Cross Road","Straight road","Level","Not Applicable","Sealed","Dry","Not Raining","Night","Right Turn","02","Driver Rider","1: PDO","Traffic Signals","","",1328276.35,1672578.74,"13282761672579"
"2017-5110-27/05/2021","2 Metropolitan","ALDINGA","5173","CITY OF ONKAPARINGA",1,1,0,0,1,2017,"May","Friday","11:30 pm","050","Not Divided","Straight road","Level","Not Applicable","Sealed","Dry","Not Raining","Night","Roll Over","01","Driver Rider","2: MI","No Control","","",1316137.52,1633386.83,"13161381633387"
"2017-5111-27/05/2021","2 Metropolitan","MOUNT BARKER","5251","DC MT.BARKER.                 ",2,0,0,0,0,2017,"May","Tuesday","04:00 pm","060","Not Divided","Straight road","Level","Not Applicable","Sealed","Wet","Not Raining","Daylight","Head On","02","Driver Rider","1: PDO","No Control","Y","",1352313.2,1652653.89,"13523131652654"
"2017-5112-27/05/2021","2 Metropolitan","CRAFERS","5152","THE ADELAIDE HILLS COUNCIL",2,1,0,0,1,2017,"May","Tuesday","04:45 pm","100","Interchange","Straight road","Level","Not Applicable","Sealed","Wet","Raining","Daylight","Rear End","01","Driver Rider","2: MI","No Control","","",1338083.44,1662299.48,"13380831662299"
"2017-5113-27/05/2021","3 Country","WHYALLA STUART","5608","CC WHYALLA.                   ",2,0,0,0,0,2017,"May","Tuesday","08:20 pm","050","T-Junction","Straight road","Level","Not Applicable","Sealed","Dry","Not Raining","Night","Hit Fixed Object","01","Driver Rider","1: PDO","No Control","","",1235264.09,1884162.8,"12352641884163"
"2017-5114-27/05/2021","2 Metropolitan","KENT TOWN","5067","CC OF NORWOOD,PAYNEHAM & ST PETERS",2,1,0,0,1,2017,"May","Wednesday","12:35 am","060","T-Junction","Straight road","Level","Not Applicable","Sealed","Wet","Raining","Night","Hit Fixed Object","01","Driver Rider","2: MI","No Control","","",1330619.75,1671373.46,"13306201671373"
"2017-5115-27/05/2021","2 Metropolitan","FULHAM GARDENS","5024","CITY OF CHARLES STURT",3,0,0,0,0,2017,"May","Wednesday","07:00 am","060","Divided Road","Straight road","Level","Not Applicable","Sealed","Wet","Raining","Night","Rear End","01","Driver Rider","1: PDO","No Control","","",1320634.76,1672293.61,"13206351672294"
"2017-5116-27/05/2021","3 Country","MOUNT GAMBIER","5290","CC MT.GAMBIER.                ",2,0,0,0,0,2017,"May","Tuesday","05:10 pm","060","Divided Road","CURVED, VIEW OPEN","Level","Not Applicable","Sealed","Wet","Not Raining","Daylight","Rear End","02","Driver Rider","1: PDO","No Control","","",1511756.76,1339505.54,"15117571339506"
"2017-5117-27/05/2021","3 Country","KADINA","5554","COPPER COAST DISTRICT COUNCIL",2,0,0,0,0,2017,"May","Wednesday","08:20 am","050","Cross Road","Straight road","Level","Not Applicable","Sealed","Dry","Not Raining","Daylight","Right Angle","02","Driver Rider","1: PDO","Give Way Sign","","",1250637.66,1779661.05,"12506381779661"
"2017-5118-27/05/2021","3 Country","GLENROY","5277","WATTLE RANGE COUNCIL",2,0,0,0,0,2017,"May","Wednesday","08:05 am","110","Not Divided","Straight road","Level","Not Applicable","Sealed","Wet","Not Raining","Daylight","Hit Fixed Object","01","Driver Rider","1: PDO","No Control","","",1520086.11,1406732.22,"15200861406732"
"2017-5119-27/05/2021","2 Metropolitan","HAMPSTEAD GARDENS","5086","CITY OF PORT ADELAIDE ENFIELD",2,0,0,0,0,2017,"May","Tuesday","05:00 pm","060","Cross Road","Straight road","Level","Not Applicable","Sealed","Dry","Not Raining","Daylight","Right Angle","01","Driver Rider","1: PDO","Give Way Sign","","",1331810.03,1676603.26,"13318101676603"
"2017-5120-27/05/2021","2 Metropolitan","YATALA VALE","5126","CITY OF TEA TREE GULLY",2,1,0,0,1,2017,"May","Wednesday","08:28 am","060","Not Divided","CURVED, VIEW OPEN","Crest of Hill","Not Applicable","Sealed","Wet","Not Raining","Daylight","Head On","02","Driver Rider","2: MI","No Control","","",1341169.58,1684907.08,"13411701684907"
"2017-5121-27/05/2021","2 Metropolitan","MODBURY","5092","CITY OF TEA TREE GULLY",3,0,0,0,0,2017,"May","Wednesday","08:20 am","060","Divided Road","Straight road","Level","Not Applicable","Sealed","Dry","Not Raining","Daylight","Rear End","01","Driver Rider","1: PDO","No Control","","",1337298.28,1681186.56,"13372981681187"
"2017-5122-27/05/2021","2 Metropolitan","TORRENS PARK","5062","CC MITCHAM.                   ",2,0,0,0,0,2017,"May","Tuesday","05:50 pm","060","Not Divided","Straight road","Level","Driveway or Entrance","Sealed","Wet","Not Raining","Night","Side Swipe","02","Driver Rider","1: PDO","No Control","","",1329172.95,1664950.92,"13291731664951"
"2017-5123-27/05/2021","1 City","ADELAIDE","5000","CITY OF ADELAIDE",2,0,0,0,0,2017,"May","Tuesday","11:25 am","050","Not Divided","Straight road","Level","Not Applicable","Sealed","Dry","Not Raining","Daylight","Rear End","02","Driver Rider","1: PDO","No Control","","",1328465.01,1669573.14,"13284651669573"
"2017-5124-27/05/2021","2 Metropolitan","HINDMARSH","5007","CITY OF CHARLES STURT",2,1,0,0,1,2017,"May","Wednesday","09:00 am","060","Divided Road","Straight road","Level","Not Applicable","Sealed","Wet","Raining","Daylight","Rear End","01","Driver Rider","2: MI","No Control","","",1325731.82,1672496.88,"13257321672497"
"2017-5125-27/05/2021","1 City","ADELAIDE","5000","CITY OF ADELAIDE",2,1,0,0,1,2017,"May","Wednesday","08:00 am","050","Cross Road","Straight road","Level","Not Applicable","Sealed","Dry","Not Raining","Daylight","Rear End","02","Driver Rider","2: MI","Traffic Signals","","",1328453.02,1671132,"13284531671132"
"2017-5126-27/05/2021","2 Metropolitan","MARDEN","5070","CC OF NORWOOD,PAYNEHAM & ST PETERS",2,1,0,0,1,2017,"May","Wednesday","07:20 am","060","T-Junction","Straight road","Level","Not Applicable","Sealed","Wet","Not Raining","Daylight","Right Angle","01","Driver Rider","2: MI","Traffic Signals","","",1332496.75,1673949.58,"13324971673950"
"2017-5127-27/05/2021","2 Metropolitan","SEMAPHORE PARK","5019","CITY OF CHARLES STURT",2,0,0,0,0,2017,"May","Wednesday","09:16 am","060","T-Junction","Straight road","Level","Not Applicable","Sealed","Dry","Not Raining","Daylight","Right Angle","01","Driver Rider","1: PDO","Stop Sign","","",1318162.05,1679316.24,"13181621679316"
"2017-5128-27/05/2021","2 Metropolitan","PENFIELD GARDENS","5121","CITY OF PLAYFORD.",2,1,0,0,1,2017,"May","Tuesday","03:30 pm","080","Cross Road","Straight road","Level","Not Applicable","Sealed","Dry","Not Raining","Daylight","Right Turn","02","Driver Rider","2: MI","Stop Sign","","",1333134.46,1700544.36,"13331341700544"
"2017-5129-27/05/2021","2 Metropolitan","FULLARTON","5063","CITY OF UNLEY",2,1,0,0,1,2017,"May","Friday","04:00 pm","040","Not Divided","Straight road","Level","Roadworks","Sealed","Dry","Not Raining","Daylight","Side Swipe","01","Driver Rider","2: MI","No Control","","",1331686.64,1667456.09,"13316871667456"
"2017-5130-27/05/2021","2 Metropolitan","KILBURN","5084","CITY OF PORT ADELAIDE ENFIELD",3,0,0,0,0,2017,"May","Wednesday","09:35 am","050","Divided Road","Straight road","Level","Not Applicable","Sealed","Dry","Not Raining","Daylight","Hit Parked Vehicle","01","Driver Rider","1: PDO","No Control","","",1328037.73,1677356.49,"13280381677356"
"2017-5131-27/05/2021","2 Metropolitan","BURNSIDE","5066","CITY OF BURNSIDE",2,1,0,0,1,2017,"May","Tuesday","04:50 pm","060","T-Junction","Straight road","Level","Not Applicable","Sealed","Dry","Not Raining","Daylight","Rear End","02","Driver Rider","2: MI","Give Way Sign","","",1333931.36,1669299.02,"13339311669299"
"2017-5132-27/05/2021","3 Country","MURRAY BRIDGE","5253","RC MURRAY BRIDGE.             ",3,1,0,0,1,2017,"May","Saturday","06:46 pm","050","Not Divided","Straight road","Level","Not Applicable","Sealed","Dry","Not Raining","Night","Hit Fixed Object","01","Driver Rider","2: MI","No Control","","",1389648.22,1646041.29,"13896481646041"
"2017-5133-27/05/2021","2 Metropolitan","GAWLER SOUTH","5118","CT GAWLER.                    ",2,0,0,0,0,2017,"May","Wednesday","10:45 am","050","T-Junction","Straight road","Level","Not Applicable","Sealed","Dry","Not Raining","Daylight","Right Angle","02","Driver Rider","1: PDO","No Control","","",1342772.72,1705129.78,"13427731705130"
"2017-5134-27/05/2021","2 Metropolitan","GREENWITH","5125","CITY OF TEA TREE GULLY",2,1,0,0,1,2017,"May","Wednesday","08:00 am","060","T-Junction","Straight road","Level","Not Applicable","Sealed","Dry","Not Raining","Daylight","Right Angle","02","Driver Rider","2: MI","Roundabout","","",1338551.65,1687666.79,"13385521687667"
"2017-5135-27/05/2021","2 Metropolitan","SALISBURY DOWNS","5108","CITY OF SALISBURY",2,0,0,0,0,2017,"May","Tuesday","02:00 pm","050","T-Junction","Straight road","Level","Not Applicable","Sealed","Dry","Not Raining","Daylight","Side Swipe","01","Driver Rider","1: PDO","Give Way Sign","","",1331112.26,1688093.67,"13311121688094"
"2017-5136-27/05/2021","3 Country","GREENOCK","5360","LIGHT REGIONAL COUNCIL",4,1,0,0,1,2017,"May","Wednesday","09:45 am","110","Divided Road","Straight road","Slope","Not Applicable","Sealed","Dry","Not Raining","Daylight","Rear End","02","Driver Rider","2: MI","No Control","","",1359357.47,1720359.16,"13593571720359"
"2017-5137-27/05/2021","2 Metropolitan","PENNINGTON","5013","CITY OF CHARLES STURT",2,1,0,0,1,2017,"May","Wednesday","10:45 am","060","Cross Road","Straight road","Level","Not Applicable","Sealed","Dry","Not Raining","Daylight","Rear End","02","Driver Rider","2: MI","Give Way Sign","","",1322283.23,1678019.75,"13222831678020"
"2017-5138-27/05/2021","2 Metropolitan","URRBRAE","5064","CC MITCHAM.                   ",2,1,0,0,1,2017,"May","Wednesday","01:30 pm","060","Cross Road","CURVED, VIEW OPEN","Slope","Not Applicable","Sealed","Dry","Not Raining","Daylight","Rear End","02","Driver Rider","2: MI","Traffic Signals","","",1332373.16,1666370.92,"13323731666371"
"2017-5139-27/05/2021","2 Metropolitan","HENLEY BEACH","5022","CITY OF CHARLES STURT",2,0,0,0,0,2017,"May","Wednesday","10:50 am","050","T-Junction","Straight road","Level","Not Applicable","Sealed","Dry","Not Raining","Daylight","Rear End","01","Driver Rider","1: PDO","No Control","","",1319826.82,1672581.58,"13198271672582"
"2017-5140-27/05/2021","2 Metropolitan","RICHMOND","5033","CITY OF WEST TORRENS",2,0,0,0,0,2017,"May","Wednesday","02:30 pm","060","T-Junction","Straight road","Level","Not Applicable","Sealed","Dry","Not Raining","Daylight","Right Angle","02","Driver Rider","1: PDO","No Control","","",1324164.98,1669319.57,"13241651669320"
"2017-5141-27/05/2021","2 Metropolitan","MAGILL","5072","CC CAMPBELLTOWN.              ",2,1,0,0,1,2017,"May","Wednesday","08:00 am","050","Cross Road","Straight road","Level","Not Applicable","Sealed","Wet","Raining","Daylight","Right Angle","01","Driver Rider","2: MI","Roundabout","","",1335889.13,1672129.46,"13358891672129"
"2017-5142-27/05/2021","3 Country","VIVONNE BAY","5223","KANGAROO ISLAND COUNCIL",2,1,0,0,1,2017,"May","Wednesday","01:00 pm","110","Not Divided","CURVED, VIEW OPEN","Level","Not Applicable","Sealed","Dry","Not Raining","Daylight","Hit Fixed Object","01","Driver Rider","2: MI","No Control","","",1199530.96,1559935.61,"11995311559936"
"2017-5143-27/05/2021","1 City","NORTH ADELAIDE","5006","CITY OF ADELAIDE",2,1,0,0,1,2017,"May","Tuesday","06:30 pm","050","Not Divided","Straight road","Level","Not Applicable","Sealed","Wet","Not Raining","Night","Rear End","02","Driver Rider","2: MI","No Control","","",1329059.66,1672612.73,"13290601672613"
"2017-5144-27/05/2021","2 Metropolitan","BOWDEN","5007","CITY OF CHARLES STURT",2,0,0,0,0,2017,"May","Wednesday","03:47 pm","060","Divided Road","Straight road","Level","Not Applicable","Sealed","Dry","Not Raining","Daylight","Rear End","02","Driver Rider","1: PDO","No Control","","",1326771.39,1672947.18,"13267711672947"
"2017-5145-27/05/2021","2 Metropolitan","PROSPECT","5082","CITY OF PROSPECT",2,1,0,0,1,2017,"May","Wednesday","01:45 pm","050","Cross Road","Straight road","Level","Not Applicable","Sealed","Dry","Not Raining","Daylight","Rear End","02","Driver Rider","2: MI","Traffic Signals","","",1328059.62,1676423.15,"13280601676423"
"2017-5146-27/05/2021","2 Metropolitan","BURTON","5110","CITY OF SALISBURY",2,2,0,0,2,2017,"May","Wednesday","03:35 pm","070","Not Divided","CURVED, VIEW OPEN","Level","Not Applicable","Sealed","Dry","Not Raining","Daylight","Rear End","02","Driver Rider","2: MI","No Control","","",1328440.02,1692095.93,"13284401692096"
"2017-5147-27/05/2021","2 Metropolitan","MANNINGHAM","5086","CITY OF PORT ADELAIDE ENFIELD",2,1,0,0,1,2017,"May","Tuesday","05:00 pm","060","T-Junction","Straight road","Level","Not Applicable","Sealed","Dry","Not Raining","Daylight","Rear End","02","Driver Rider","2: MI","Traffic Signals","","",1330468.73,1675456.59,"13304691675457"
"2017-5148-27/05/2021","2 Metropolitan","TORRENSVILLE","5031","CITY OF WEST TORRENS",2,0,0,0,0,2017,"May","Wednesday","04:04 pm","050","Divided Road","Straight road","Level","Not Applicable","Sealed","Dry","Not Raining","Daylight","Hit Parked Vehicle","01","Driver Rider","1: PDO","No Control","","",1324743.6,1670965.91,"13247441670966"
"2017-5149-27/05/2021","2 Metropolitan","BEDFORD PARK","5042","CC MITCHAM.                   ",2,0,0,0,0,2017,"May","Wednesday","08:50 am","070","Divided Road","Straight road","Slope","Median Opening (not at I/S)","Sealed","Dry","Not Raining","Daylight","Side Swipe","02","Driver Rider","1: PDO","No Control","","",1325916.37,1661191.78,"13259161661192"
"2017-5150-27/05/2021","2 Metropolitan","UNDERDALE","5032","CITY OF WEST TORRENS",2,1,0,0,1,2017,"May","Wednesday","08:20 am","060","T-Junction","Straight road","Level","Not Applicable","Sealed","Wet","Not Raining","Daylight","Right Angle","01","Driver Rider","2: MI","No Control","","",1323841.43,1671334.04,"13238411671334"
"2017-5151-27/05/2021","2 Metropolitan","EVANSTON SOUTH","5116","CT GAWLER.                    ",3,0,0,0,0,2017,"May","Wednesday","03:25 pm","090","Divided Road","Straight road","Level","Not Applicable","Sealed","Dry","Not Raining","Daylight","Side Swipe","01","Driver Rider","1: PDO","No Control","","",1340512.13,1701384.56,"13405121701385"
"2017-5152-27/05/2021","2 Metropolitan","ONKAPARINGA HILLS","5163","CITY OF ONKAPARINGA",1,0,0,0,0,2017,"May","Tuesday","07:00 pm","080","Not Divided","CURVED, VIEW OPEN","Bottom of Hill","Not Applicable","Sealed","Wet","Raining","Night","Roll Over","01","Driver Rider","1: PDO","No Control","","",1321501.42,1645227.59,"13215011645228"
"2017-5153-27/05/2021","2 Metropolitan","GLYNDE","5070","CC OF NORWOOD,PAYNEHAM & ST PETERS",2,1,0,0,1,2017,"May","Wednesday","05:40 pm","060","Cross Road","CURVED, VIEW OPEN","Slope","Not Applicable","Sealed","Dry","Not Raining","Night","Right Turn","02","Driver Rider","2: MI","Traffic Signals","","",1333785.54,1674516.59,"13337861674517"
"2017-5154-27/05/2021","2 Metropolitan","TORRENSVILLE","5031","CITY OF WEST TORRENS",2,0,0,0,0,2017,"May","Wednesday","06:10 pm","060","Cross Road","Straight road","Level","Not Applicable","Sealed","Dry","Not Raining","Night","Rear End","02","Driver Rider","1: PDO","Traffic Signals","","",1325746.75,1670993.57,"13257471670994"
"2017-5155-27/05/2021","2 Metropolitan","PARADISE","5075","CC CAMPBELLTOWN.              ",3,0,0,0,0,2017,"May","Wednesday","03:25 pm","060","T-Junction","Straight road","Level","Not Applicable","Sealed","Dry","Not Raining","Daylight","Rear End","02","Driver Rider","1: PDO","No Control","","",1334798.34,1676493.47,"13347981676493"
"2017-5156-27/05/2021","2 Metropolitan","SALISBURY","5108","CITY OF SALISBURY",2,0,0,0,0,2017,"May","Wednesday","03:35 pm","060","Not Divided","Straight road","Level","Driveway or Entrance","Sealed","Dry","Not Raining","Daylight","Right Angle","02","Driver Rider","1: PDO","No Control","","",1333230.9,1688383.59,"13332311688384"
"2017-5157-27/05/2021","2 Metropolitan","WATERLOO CORNER","5110","CITY OF PLAYFORD.",2,0,0,0,0,2017,"May","Wednesday","06:42 pm","090","T-Junction","Straight road","Level","Not Applicable","Sealed","Dry","Not Raining","Night","Right Angle","02","Driver Rider","1: PDO","Give Way Sign","","",1326345.17,1696674.21,"13263451696674"
"2017-5158-27/05/2021","2 Metropolitan","PAYNEHAM","5070","CC OF NORWOOD,PAYNEHAM & ST PETERS",2,0,0,0,0,2017,"May","Wednesday","03:08 pm","060","Cross Road","CURVED, VIEW OPEN","Level","Not Applicable","Sealed","Dry","Not Raining","Daylight","Hit Pedestrian","02","Driver Rider","1: PDO","Traffic Signals","","",1332176.1,1673782.43,"13321761673782"
"2017-5159-27/05/2021","2 Metropolitan","ENFIELD","5085","CITY OF PORT ADELAIDE ENFIELD",2,0,0,0,0,2017,"May","Tuesday","12:00 pm","050","Not Divided","Straight road","Level","Not Applicable","Sealed","Dry","Not Raining","Daylight","Hit Parked Vehicle","02","Driver Rider","1: PDO","No Control","","",1329160.85,1677826.13,"13291611677826"
"2017-5160-27/05/2021","3 Country","NANGKITA","5210","ALEXANDRINA COUNCIL",2,1,0,0,1,2017,"May","Tuesday","08:30 pm","100","Not Divided","CURVED, VIEW OPEN","Level","Not Applicable","Sealed","Wet","Raining","Night","Hit Fixed Object","01","Driver Rider","2: MI","No Control","","",1332656.56,1624622.93,"13326571624623"
"2017-5161-27/05/2021","2 Metropolitan","SALISBURY PLAIN","5109","CITY OF SALISBURY",2,1,0,0,1,2017,"May","Wednesday","03:20 pm","060","Divided Road","Straight road","Level","Not Applicable","Sealed","Dry","Not Raining","Daylight","Rear End","02","Driver Rider","2: MI","No Control","","",1334675.95,1687231.41,"13346761687231"
"2017-5162-27/05/2021","2 Metropolitan","ST MARYS","5042","CC MITCHAM.                   ",4,1,0,0,1,2017,"May","Wednesday","08:45 pm","060","Divided Road","Straight road","Slope","Roadworks","Sealed","Dry","Not Raining","Night","Hit Fixed Object","01","Driver Rider","2: MI","No Control","","",1326265.53,1661285.66,"13262661661286"
"2017-5163-27/05/2021","2 Metropolitan","MARDEN","5070","CC OF NORWOOD,PAYNEHAM & ST PETERS",2,0,0,0,0,2017,"May","Thursday","02:25 am","050","Not Divided","Straight road","Level","Not Applicable","Sealed","Dry","Not Raining","Night","Hit Fixed Object","01","Driver Rider","1: PDO","No Control","Y","",1332396.1,1674091.43,"13323961674091"
"2017-5164-27/05/2021","2 Metropolitan","POORAKA","5095","CITY OF SALISBURY",2,0,0,0,0,2017,"May","Wednesday","11:45 pm","050","Not Divided","Straight road","Level","Not Applicable","Sealed","Dry","Not Raining","Night","Hit Fixed Object","01","Driver Rider","1: PDO","No Control","Y","",1330686.86,1681052.27,"13306871681052"
"2017-5165-27/05/2021","3 Country","ANGASTON","5353","THE BAROSSA COUNCIL.",2,0,0,0,0,2017,"May","Wednesday","10:40 am","050","Not Divided","Straight road","Level","Driveway or Entrance","Sealed","Dry","Not Raining","Daylight","Rear End","01","Driver Rider","1: PDO","No Control","","",1371254.31,1716289.79,"13712541716290"
"2017-5166-27/05/2021","2 Metropolitan","LONSDALE","5160","CITY OF ONKAPARINGA",3,0,0,0,0,2017,"May","Thursday","06:40 am","100","Divided Road","Straight road","Slope","Not Applicable","Sealed","Dry","Not Raining","Night","Rear End","01","Driver Rider","1: PDO","No Control","","",1319529.73,1650062.51,"13195301650063"
"2017-5167-27/05/2021","2 Metropolitan","MASLIN BEACH","5170","CITY OF ONKAPARINGA",3,0,0,0,0,2017,"May","Thursday","02:00 am","050","Not Divided","Straight road","Slope","Driveway or Entrance","Sealed","Dry","Not Raining","Night","Hit Fixed Object","01","Driver Rider","1: PDO","No Control","","",1315856.09,1637291.82,"13158561637292"
"2017-5168-27/05/2021","2 Metropolitan","HINDMARSH","5007","CITY OF CHARLES STURT",2,0,0,0,0,2017,"May","Thursday","07:50 am","060","Divided Road","Straight road","Level","Roadworks","Sealed","Dry","Not Raining","Daylight","Side Swipe","02","Driver Rider","1: PDO","No Control","","",1326508.68,1672665.53,"13265091672666"
"2017-5169-27/05/2021","3 Country","COONALPYN","5265","COORONG DISTRICT COUNCIL",1,0,0,0,0,2017,"May","Wednesday","10:30 pm","100","Not Divided","Straight road","Level","Not Applicable","Unsealed","Dry","Not Raining","Night","Roll Over","01","Driver Rider","1: PDO","No Control","","",1446683.91,1579328,"14466841579328"
"2017-5170-27/05/2021","2 Metropolitan","PARK HOLME","5043","CC MARION.                    ",2,0,0,0,0,2017,"May","Thursday","09:55 am","060","Cross Road","Straight road","Level","Not Applicable","Sealed","Dry","Not Raining","Daylight","Rear End","02","Driver Rider","1: PDO","Traffic Signals","","",1324319.06,1663273.94,"13243191663274"
"2017-5171-27/05/2021","3 Country","JABUK","5301","COORONG DISTRICT COUNCIL",3,0,0,0,0,2017,"May","Thursday","06:30 am","110","Not Divided","CURVED, VIEW OBSCURED","Level","Not Applicable","Sealed","Dry","Not Raining","Night","Hit Object on Road","02","Driver Rider","1: PDO","No Control","","",1458897.77,1615003.05,"14588981615003"
"2017-5172-27/05/2021","3 Country","TOOPERANG","5255","ALEXANDRINA COUNCIL",2,0,0,0,0,2017,"May","Wednesday","05:30 pm","100","Not Divided","Straight road","Level","Not Applicable","Sealed","Dry","Not Raining","Night","Hit Animal","02","Animal","1: PDO","No Control","","",1339819.51,1620775.3,"13398201620775"
"2017-5173-27/05/2021","2 Metropolitan","WOODVILLE PARK","5011","CITY OF CHARLES STURT",3,0,0,0,0,2017,"May","Thursday","11:50 am","060","Cross Road","Straight road","Level","Not Applicable","Sealed","Dry","Not Raining","Daylight","Rear End","02","Driver Rider","1: PDO","Traffic Signals","","",1324192.45,1676259.66,"13241921676260"
"2017-5174-27/05/2021","2 Metropolitan","SMITHFIELD","5114","CITY OF PLAYFORD.",2,0,0,0,0,2017,"May","Thursday","11:30 am","050","Not Divided","CURVED, VIEW OPEN","Level","Not Applicable","Sealed","Dry","Not Raining","Daylight","Hit Fixed Object","01","Driver Rider","1: PDO","No Control","","",1337824.64,1697874.16,"13378251697874"
"2017-5175-27/05/2021","2 Metropolitan","SOUTH PLYMPTON","5038","CC MARION.                    ",2,0,0,0,0,2017,"May","Tuesday","09:30 pm","060","T-Junction","Straight road","Level","Not Applicable","Sealed","Dry","Not Raining","Night","Right Turn","01","Driver Rider","1: PDO","Traffic Signals","","",1325053.6,1666133.46,"13250541666133"
"2017-5176-27/05/2021","3 Country","KAPUNDA","5373","LIGHT REGIONAL COUNCIL",2,1,0,0,1,2017,"May","Thursday","07:00 am","100","Not Divided","CURVED, VIEW OPEN","Slope","Not Applicable","Sealed","Dry","Not Raining","Night","Head On","01","Driver Rider","2: MI","No Control","","",1359083.36,1731925.75,"13590831731926"
"2017-5177-27/05/2021","2 Metropolitan","MAWSON LAKES","5095","CITY OF SALISBURY",2,0,0,0,0,2017,"May","Thursday","06:30 am","050","Not Divided","Straight road","Level","Not Applicable","Sealed","Dry","Not Raining","Night","Hit Parked Vehicle","02","Driver Rider","1: PDO","No Control","","",1329962.61,1684217.07,"13299631684217"
"2017-5178-27/05/2021","2 Metropolitan","INGLE FARM","5098","CITY OF SALISBURY",2,0,0,0,0,2017,"May","Thursday","09:40 am","060","Cross Road","Straight road","Level","Not Applicable","Sealed","Dry","Not Raining","Daylight","Rear End","02","Driver Rider","1: PDO","Traffic Signals","","",1332129.24,1681792.46,"13321291681792"
"2017-5179-27/05/2021","3 Country","HINDMARSH VALLEY","5211","DC VICTOR HARBOR.             ",2,0,0,0,0,2017,"May","Wednesday","01:00 pm","100","Not Divided","CURVED, VIEW OPEN","Bottom of Hill","Not Applicable","Sealed","Dry","Not Raining","Daylight","Head On","01","Driver Rider","1: PDO","No Control","","",1329729.96,1609737.05,"13297301609737"