"REPORT_ID","Stats Area","Suburb","Postcode","LGA Name","Total Units","Total Cas","Total Fats","Total SI","Total MI","Year","Month","Day","Time","Area Speed","Position Type","Horizontal Align","Vertical Align","Other Feat","Road Surface","Moisture Cond","Weather Cond","DayNight","Crash Type","Unit Resp","Entity Code","CSEF Severity","Traffic Ctrls","DUI Involved","Drugs Involved","ACCLOC_X","ACCLOC_Y","UNIQUE_LOC"
"2017-5831-27/05/2021","2 Metropolitan","ETHELTON","5015","CITY OF PORT ADELAIDE ENFIELD",4,0,0,0,0,2017,"June","Friday","03:25 pm","060","Not Divided","Straight road","Bottom of Hill","Bridge, Culvert, Causeway","Sealed","Dry","Not Raining","Daylight","Hit Fixed Object","01","Driver Rider","1: PDO","No Control","","",1319153.82,1679735.5,"13191541679736"
"2017-5832-27/05/2021","2 Metropolitan","KENSINGTON GARDENS","5068","CITY OF BURNSIDE",3,1,1,0,0,2017,"June","Friday","05:45 pm","025","Other","Straight road","Slope","Not Applicable","Sealed","Dry","Not Raining","Night","Hit Pedestrian","01","Driver Rider","4: Fatal","No Control","","",1334176.68,1670533.8,"13341771670534"
"2017-5833-27/05/2021","2 Metropolitan","CUDLEE CREEK","5232","THE ADELAIDE HILLS COUNCIL",2,0,0,0,0,2017,"June","Friday","04:45 pm","080","Not Divided","Straight road","Level","Not Applicable","Sealed","Wet","Not Raining","Daylight","Hit Fixed Object","01","Driver Rider","1: PDO","No Control","","",1350443.02,1675462.18,"13504431675462"
"2017-5834-27/05/2021","2 Metropolitan","GAWLER BELT","5118","LIGHT REGIONAL COUNCIL",2,0,0,0,0,2017,"June","Friday","07:00 pm","110","T-Junction","CURVED, VIEW OBSCURED","Slope","Not Applicable","Sealed","Dry","Not Raining","Night","Right Angle","02","Driver Rider","1: PDO","No Control","","",1343223.11,1709432.81,"13432231709433"
"2017-5835-27/05/2021","2 Metropolitan","ELIZABETH NORTH","5113","CITY OF PLAYFORD.",2,0,0,0,0,2017,"June","Friday","10:10 pm","080","Cross Road","Straight road","Level","Not Applicable","Sealed","Dry","Not Raining","Night","Right Angle","02","Driver Rider","1: PDO","Traffic Signals","","",1336972.07,1695458.34,"13369721695458"
"2017-5836-27/05/2021","2 Metropolitan","INGLE FARM","5098","CITY OF SALISBURY",2,0,0,0,0,2017,"June","Friday","09:45 pm","050","T-Junction","Straight road","Level","Not Applicable","Sealed","Dry","Not Raining","Night","Hit Fixed Object","01","Driver Rider","1: PDO","No Control","Y","",1333894.22,1682002.19,"13338941682002"
"2017-5837-27/05/2021","3 Country","BINNUM","5262","DC NARACOORTE & LUCINDALE.",2,1,0,1,0,2017,"June","Friday","05:40 pm","100","Not Divided","CURVED, VIEW OPEN","Level","Not Applicable","Sealed","Wet","Not Raining","Night","Hit Fixed Object","01","Driver Rider","3: SI","No Control","Y","",1529920.15,1458002.99,"15299201458003"
"2017-5838-27/05/2021","2 Metropolitan","PARALOWIE","5108","CITY OF SALISBURY",4,0,0,0,0,2017,"June","Friday","10:55 pm","050","T-Junction","Straight road","Level","Not Applicable","Sealed","Dry","Not Raining","Night","Hit Fixed Object","01","Driver Rider","1: PDO","No Control","","",1329985.9,1688582.12,"13299861688582"
"2017-5839-27/05/2021","3 Country","TANTANOOLA","5280","WATTLE RANGE COUNCIL",2,0,0,0,0,2017,"June","Saturday","04:15 am","060","Not Divided","Straight road","Level","Not Applicable","Sealed","Wet","Raining","Night","Hit Fixed Object","01","Driver Rider","1: PDO","No Control","Y","",1481951.25,1356854.02,"14819511356854"
"2017-5840-27/05/2021","1 City","NORTH ADELAIDE","5006","CITY OF ADELAIDE",2,1,0,0,1,2017,"June","Friday","10:00 am","060","T-Junction","CURVED, VIEW OPEN","Level","Not Applicable","Sealed","Dry","Not Raining","Daylight","Rear End","02","Driver Rider","2: MI","No Control","","",1327561.66,1673578.7,"13275621673579"
"2017-5841-27/05/2021","2 Metropolitan","STURT","5047","CC MARION.                    ",2,1,0,0,1,2017,"June","Saturday","10:40 am","060","Cross Road","Straight road","Level","Not Applicable","Sealed","Dry","Not Raining","Daylight","Rear End","01","Driver Rider","2: MI","Traffic Signals","","",1324404.88,1660668.91,"13244051660669"
"2017-5842-27/05/2021","2 Metropolitan","UNLEY PARK","5061","CITY OF UNLEY",2,0,0,0,0,2017,"June","Thursday","07:00 pm","040","Not Divided","Straight road","Level","Driveway or Entrance","Sealed","Dry","Not Raining","Night","Hit Fixed Object","01","Driver Rider","1: PDO","No Control","","",1328049.07,1666325.63,"13280491666326"
"2017-5843-27/05/2021","2 Metropolitan","PENFIELD","5121","CITY OF PLAYFORD.",3,0,0,0,0,2017,"June","Thursday","06:10 pm","080","Multiple","CURVED, VIEW OPEN","Unknown","Not Applicable","Sealed","Dry","Not Raining","Night","Other","02","Driver Rider","1: PDO","Roundabout","","",1331422.72,1697695.5,"13314231697696"
"2017-5844-27/05/2021","2 Metropolitan","LOCKLEYS","5032","CITY OF WEST TORRENS",2,0,0,0,0,2017,"June","Saturday","09:00 am","060","T-Junction","Straight road","Level","Not Applicable","Sealed","Dry","Not Raining","Daylight","Right Turn","01","Driver Rider","1: PDO","Traffic Signals","","",1322549.55,1670731.56,"13225501670732"
"2017-5845-27/05/2021","3 Country","WANGARY","5607","DC LOWER EYRE PENINSULA       ",1,0,0,0,0,2017,"June","Friday","03:35 pm","110","Not Divided","Straight road","Level","Not Applicable","Sealed","Dry","Not Raining","Daylight","Roll Over","01","Driver Rider","1: PDO","No Control","","",1044506.8,1717145.46,"10445071717145"
"2017-5846-27/05/2021","2 Metropolitan","WOODVILLE","5011","CITY OF CHARLES STURT",3,0,0,0,0,2017,"June","Saturday","12:00 pm","050","T-Junction","Straight road","Level","Not Applicable","Sealed","Dry","Not Raining","Daylight","Rear End","02","Driver Rider","1: PDO","No Control","","",1322916.39,1676045.4,"13229161676045"
"2017-5847-27/05/2021","3 Country","TOOPERANG","5255","ALEXANDRINA COUNCIL",2,0,0,0,0,2017,"June","Thursday","02:30 pm","100","T-Junction","Straight road","Level","Unknown","Sealed","Wet","Not Raining","Daylight","Hit Fixed Object","01","Driver Rider","1: PDO","No Control","","",1339707.63,1621166.4,"13397081621166"
"2017-5848-27/05/2021","2 Metropolitan","WALKERVILLE","5081","WALKERVILLE TOWN COUNCIL",3,1,0,0,1,2017,"June","Friday","06:45 pm","060","Cross Road","Straight road","Level","Not Applicable","Sealed","Dry","Not Raining","Night","Rear End","01","Driver Rider","2: MI","Traffic Signals","","",1329488.84,1674243.03,"13294891674243"
"2017-5849-27/05/2021","2 Metropolitan","GREENHILL","5140","THE ADELAIDE HILLS COUNCIL",2,1,0,0,1,2017,"June","Saturday","01:50 pm","050","Not Divided","CURVED, VIEW OBSCURED","Slope","Driveway or Entrance","Sealed","Dry","Not Raining","Daylight","Right Angle","02","Driver Rider","2: MI","No Control","","",1336489.59,1667754.18,"13364901667754"
"2017-5850-27/05/2021","1 City","ADELAIDE","5000","CITY OF ADELAIDE",2,0,0,0,0,2017,"June","Friday","05:00 pm","060","Not Divided","Straight road","Level","Not Applicable","Sealed","Dry","Not Raining","Daylight","Rear End","02","Driver Rider","1: PDO","No Control","","",1330124.48,1670397.79,"13301241670398"
"2017-5851-27/05/2021","2 Metropolitan","GOULD CREEK","5114","CITY OF TEA TREE GULLY",2,0,0,0,0,2017,"June","Saturday","10:00 am","080","Not Divided","CURVED, VIEW OBSCURED","Slope","Not Applicable","Sealed","Dry","Not Raining","Daylight","Hit Fixed Object","01","Driver Rider","1: PDO","No Control","","",1344175.3,1688729.48,"13441751688729"
"2017-5852-27/05/2021","2 Metropolitan","SELLICKS BEACH","5174","CITY OF ONKAPARINGA",2,1,0,0,1,2017,"June","Friday","02:56 pm","050","Not Divided","Straight road","Level","Not Applicable","Sealed","Dry","Not Raining","Daylight","Hit Parked Vehicle","02","Driver Rider","2: MI","No Control","Y","",1313422.15,1626613.73,"13134221626614"
"2017-5853-27/05/2021","2 Metropolitan","HECTORVILLE","5073","CC CAMPBELLTOWN.              ",2,1,0,0,1,2017,"June","Saturday","12:40 pm","060","T-Junction","Straight road","Level","Not Applicable","Sealed","Dry","Not Raining","Daylight","Right Angle","02","Driver Rider","2: MI","No Control","","",1335008.71,1674543.44,"13350091674543"
"2017-5854-27/05/2021","3 Country","DEVLINS POUND","5330","LOXTON WAIKERIE DISTRICT COUNCIL",1,1,0,0,1,2017,"June","Saturday","10:40 am","110","Not Divided","CURVED, VIEW OPEN","Level","Not Applicable","Sealed","Dry","Not Raining","Daylight","Roll Over","01","Driver Rider","2: MI","No Control","","",1477909.89,1750308.23,"14779101750308"
"2017-5855-27/05/2021","2 Metropolitan","PARALOWIE","5108","CITY OF SALISBURY",2,1,0,0,1,2017,"June","Saturday","02:10 pm","060","T-Junction","Straight road","Level","Not Applicable","Sealed","Dry","Not Raining","Daylight","Right Angle","01","Driver Rider","2: MI","No Control","","",1331764.22,1689548.61,"13317641689549"
"2017-5856-27/05/2021","2 Metropolitan","GREENWITH","5125","CITY OF TEA TREE GULLY",2,0,0,0,0,2017,"June","Saturday","04:00 pm","050","Not Divided","Straight road","Crest of Hill","Not Applicable","Sealed","Dry","Not Raining","Daylight","Head On","01","Driver Rider","1: PDO","No Control","","",1338394.04,1687369.31,"13383941687369"
"2017-5857-27/05/2021","2 Metropolitan","MILE END","5031","CITY OF WEST TORRENS",4,0,0,0,0,2017,"June","Saturday","04:15 pm","060","T-Junction","CURVED, VIEW OPEN","Level","Not Applicable","Sealed","Dry","Not Raining","Daylight","Rear End","01","Driver Rider","1: PDO","No Control","","",1326611.32,1671159.43,"13266111671159"
"2017-5858-27/05/2021","2 Metropolitan","LOCKLEYS","5032","CITY OF WEST TORRENS",2,2,0,0,2,2017,"June","Friday","08:50 pm","060","Cross Road","Straight road","Level","Not Applicable","Sealed","Dry","Not Raining","Night","Right Angle","02","Driver Rider","2: MI","Traffic Signals","","",1320912.02,1669966.83,"13209121669967"
"2017-5859-27/05/2021","2 Metropolitan","KLEMZIG","5087","CITY OF PORT ADELAIDE ENFIELD",4,2,0,0,2,2017,"June","Saturday","02:25 pm","060","Divided Road","Straight road","Level","Not Applicable","Sealed","Dry","Not Raining","Daylight","Rear End","01","Driver Rider","2: MI","No Control","","",1331625.65,1676195.16,"13316261676195"
"2017-5860-27/05/2021","2 Metropolitan","WARRADALE","5046","CC MARION.                    ",2,0,0,0,0,2017,"June","Thursday","08:40 pm","050","Not Divided","Straight road","Level","Not Applicable","Sealed","Dry","Not Raining","Night","Hit Parked Vehicle","01","Driver Rider","1: PDO","No Control","Y","",1322639.01,1661381.73,"13226391661382"
"2017-5861-27/05/2021","2 Metropolitan","TORRENSVILLE","5031","CITY OF WEST TORRENS",3,0,0,0,0,2017,"June","Friday","03:23 pm","060","Divided Road","Straight road","Level","Not Applicable","Sealed","Dry","Not Raining","Daylight","Side Swipe","01","Driver Rider","1: PDO","No Control","","",1325602.63,1671588.97,"13256031671589"
"2017-5862-27/05/2021","3 Country","KALANGADOO","5278","WATTLE RANGE COUNCIL",1,0,0,0,0,2017,"June","Saturday","04:10 pm","100","Not Divided","CURVED, VIEW OPEN","Level","Not Applicable","Unsealed","Dry","Not Raining","Daylight","Roll Over","01","Driver Rider","1: PDO","No Control","","",1502341.67,1374228.73,"15023421374229"
"2017-5863-27/05/2021","2 Metropolitan","TORRENS PARK","5062","CC MITCHAM.                   ",2,2,0,0,2,2017,"June","Friday","02:37 pm","060","T-Junction","Straight road","Level","Not Applicable","Sealed","Dry","Not Raining","Daylight","Right Turn","02","Driver Rider","2: MI","Traffic Signals","","",1329171.51,1665029.05,"13291721665029"
"2017-5864-27/05/2021","2 Metropolitan","LEAWOOD GARDENS","5150","CC MITCHAM.                   ",2,1,1,0,0,2017,"June","Saturday","03:02 pm","060","Divided Road","CURVED, VIEW OPEN","Slope","Not Applicable","Sealed","Dry","Not Raining","Daylight","Hit Fixed Object","01","Driver Rider","4: Fatal","No Control","","",1334291.4,1665081.23,"13342911665081"
"2017-5865-27/05/2021","3 Country","LAMEROO","5302","SOUTHERN MALLEE DISTRICT COUNCIL",3,1,0,0,1,2017,"June","Saturday","04:30 pm","080","Not Divided","Straight road","Level","Not Applicable","Sealed","Dry","Not Raining","Daylight","Hit Parked Vehicle","01","Driver Rider","2: MI","No Control","","",1500723.85,1619106.28,"15007241619106"
"2017-5866-27/05/2021","2 Metropolitan","ST GEORGES","5064","CITY OF BURNSIDE",2,0,0,0,0,2017,"June","Saturday","05:45 pm","060","Divided Road","Straight road","Level","Not Applicable","Sealed","Dry","Not Raining","Night","Side Swipe","01","Driver Rider","1: PDO","No Control","","",1332355.24,1667666.22,"13323551667666"
"2017-5867-27/05/2021","3 Country","SPALDING","5454","NORTHERN AREAS DISTRICT COUNCIL",2,0,0,0,0,2017,"June","Friday","10:25 pm","100","Not Divided","Straight road","Level","Not Applicable","Sealed","Dry","Not Raining","Night","Hit Fixed Object","01","Driver Rider","1: PDO","No Control","","",1332669.25,1836030.08,"13326691836030"
"2017-5868-27/05/2021","1 City","ADELAIDE","5000","CITY OF ADELAIDE",1,0,0,0,0,2017,"June","Friday","04:45 pm","050","Not Divided","Straight road","Level","Not Applicable","Sealed","Dry","Not Raining","Daylight","Other","09","Other","1: PDO","No Control","","",1329509.3,1670934.01,"13295091670934"
"2017-5869-27/05/2021","2 Metropolitan","INGLE FARM","5098","CITY OF SALISBURY",2,0,0,0,0,2017,"June","Saturday","08:48 pm","050","Not Divided","Straight road","Level","Not Applicable","Sealed","Dry","Not Raining","Night","Hit Parked Vehicle","02","Driver Rider","1: PDO","No Control","","",1333853.28,1681471.17,"13338531681471"
"2017-5870-27/05/2021","2 Metropolitan","HEATHFIELD","5153","THE ADELAIDE HILLS COUNCIL",2,0,0,0,0,2017,"June","Saturday","02:40 am","080","Not Divided","Straight road","Slope","Not Applicable","Sealed","Dry","Not Raining","Night","Hit Fixed Object","01","Driver Rider","1: PDO","No Control","","",1339636.34,1658351.88,"13396361658352"
"2017-5871-27/05/2021","2 Metropolitan","ROSEWORTHY","5371","LIGHT REGIONAL COUNCIL",2,4,0,4,0,2017,"June","Saturday","08:55 pm","100","Not Divided","Straight road","Level","Not Applicable","Sealed","Dry","Not Raining","Night","Head On","01","Driver Rider","3: SI","No Control","","Y",1345318.67,1713248.59,"13453191713249"
"2017-5872-27/05/2021","2 Metropolitan","ROSTREVOR","5073","CC CAMPBELLTOWN.              ",3,1,0,0,1,2017,"June","Sunday","04:00 am","050","Not Divided","Straight road","Slope","Not Applicable","Sealed","Dry","Not Raining","Night","Hit Parked Vehicle","01","Driver Rider","2: MI","No Control","","",1335830.33,1673002.22,"13358301673002"
"2017-5873-27/05/2021","2 Metropolitan","EDWARDSTOWN","5039","CC MARION.                    ",2,0,0,0,0,2017,"June","Saturday","12:55 pm","060","T-Junction","Straight road","Level","Not Applicable","Sealed","Dry","Not Raining","Daylight","Right Angle","01","Driver Rider","1: PDO","No Control","","",1325127.16,1666135.56,"13251271666136"
"2017-5874-27/05/2021","3 Country","WITJIRA","5734",,1,1,0,0,1,2017,"June","Saturday","03:30 pm","100","Not Divided","Straight road","Level","Not Applicable","Unsealed","Dry","Not Raining","Daylight","Roll Over","01","Driver Rider","2: MI","No Control","","",1012349.82,2638284.79,"10123502638285"
"2017-5875-27/05/2021","2 Metropolitan","SELLICKS HILL","5174","CITY OF ONKAPARINGA",2,0,0,0,0,2017,"June","Sunday","06:30 am","090","Not Divided","Straight road","Slope","Not Applicable","Sealed","Dry","Not Raining","Night","Hit Animal","01","Driver Rider","1: PDO","No Control","","",1315627.91,1626923.31,"13156281626923"
"2017-5876-27/05/2021","2 Metropolitan","NORTH ADELAIDE","5006","CITY OF ADELAIDE",2,0,0,0,0,2017,"May","Tuesday","08:15 am","050","Divided Road","Straight road","Level","Not Applicable","Sealed","Dry","Not Raining","Daylight","Hit Fixed Object","01","Driver Rider","1: PDO","No Control","","",1327948.3,1672166.12,"13279481672166"
"2017-5877-27/05/2021","2 Metropolitan","FULHAM GARDENS","5024","CITY OF CHARLES STURT",3,0,0,0,0,2017,"June","Sunday","09:50 am","060","Cross Road","Straight road","Level","Not Applicable","Sealed","Dry","Not Raining","Daylight","Rear End","01","Driver Rider","1: PDO","Traffic Signals","","",1320660.26,1672376.02,"13206601672376"
"2017-5878-27/05/2021","2 Metropolitan","LOBETHAL","5241","THE ADELAIDE HILLS COUNCIL",1,1,0,0,1,2017,"June","Sunday","11:00 am","050","Not Divided","Straight road","Slope","Not Applicable","Sealed","Dry","Not Raining","Daylight","Roll Over","01","Driver Rider","2: MI","No Control","","",1353464.06,1672579.01,"13534641672579"
"2017-5879-27/05/2021","2 Metropolitan","SUMMERTON","5141","THE ADELAIDE HILLS COUNCIL",2,2,0,1,1,2017,"June","Sunday","09:40 am","080","Not Divided","CURVED, VIEW OPEN","Slope","Not Applicable","Sealed","Dry","Not Raining","Daylight","Roll Over","01","Driver Rider","3: SI","No Control","","",1339585.07,1667887.05,"13395851667887"
"2017-5880-27/05/2021","3 Country","GOOLWA","5214","ALEXANDRINA COUNCIL",2,1,0,0,1,2017,"June","Sunday","09:28 am","050","Rail Crossing","Straight road","Bottom of Hill","Not Applicable","Sealed","Dry","Not Raining","Daylight","Right Angle","01","Driver Rider","2: MI","Give Way Sign","","",1342499.84,1607140.54,"13425001607141"
"2017-5881-27/05/2021","2 Metropolitan","GLENUNGA","5064","CITY OF BURNSIDE",2,0,0,0,0,2017,"June","Friday","05:35 pm","060","T-Junction","Straight road","Slope","Not Applicable","Sealed","Dry","Not Raining","Night","Hit Fixed Object","01","Driver Rider","1: PDO","No Control","","",1332347.73,1667705.26,"13323481667705"
"2017-5882-27/05/2021","3 Country","MOUNT JAGGED","5211","ALEXANDRINA COUNCIL",2,0,0,0,0,2017,"June","Sunday","12:15 pm","100","Cross Road","CURVED, VIEW OPEN","Level","Not Applicable","Sealed","Dry","Not Raining","Daylight","Rear End","01","Driver Rider","1: PDO","Give Way Sign","","",1330523.09,1612041.39,"13305231612041"
"2017-5883-27/05/2021","2 Metropolitan","PENFIELD GARDENS","5121","CITY OF PLAYFORD.",2,0,0,0,0,2017,"June","Friday","05:10 pm","080","Cross Road","Straight road","Level","Not Applicable","Sealed","Dry","Not Raining","Daylight","Right Angle","02","Driver Rider","1: PDO","Stop Sign","","",1333134.46,1700544.36,"13331341700544"
"2017-5884-27/05/2021","2 Metropolitan","WOODVILLE WEST","5011","CITY OF CHARLES STURT",2,0,0,0,0,2017,"June","Saturday","04:50 pm","060","Divided Road","Straight road","Level","Not Applicable","Sealed","Dry","Not Raining","Daylight","Side Swipe","02","Driver Rider","1: PDO","No Control","","",1322361.04,1675522.48,"13223611675522"
"2017-5885-27/05/2021","2 Metropolitan","BLACKWOOD","5051","CC MITCHAM.                   ",2,0,0,0,0,2017,"June","Sunday","09:00 am","050","Multiple","CURVED, VIEW OPEN","Level","Not Applicable","Sealed","Dry","Not Raining","Daylight","Side Swipe","02","Driver Rider","1: PDO","Roundabout","","",1329678.48,1660052.36,"13296781660052"
"2017-5886-27/05/2021","2 Metropolitan","CUDLEE CREEK","5232","THE ADELAIDE HILLS COUNCIL",1,1,0,0,1,2017,"June","Sunday","01:15 pm","080","T-Junction","Straight road","Level","Not Applicable","Sealed","Dry","Not Raining","Daylight","Roll Over","01","Driver Rider","2: MI","No Control","","",1349978.48,1679253.9,"13499781679254"
"2017-5887-27/05/2021","2 Metropolitan","CUDLEE CREEK","5232","THE ADELAIDE HILLS COUNCIL",2,0,0,0,0,2017,"June","Sunday","01:00 pm","080","Not Divided","CURVED, VIEW OPEN","Slope","Not Applicable","Sealed","Dry","Not Raining","Daylight","Hit Fixed Object","01","Driver Rider","1: PDO","No Control","","",1351443.04,1679949.05,"13514431679949"
"2017-5888-27/05/2021","2 Metropolitan","HINDMARSH","5007","CITY OF CHARLES STURT",3,0,0,0,0,2017,"June","Sunday","02:00 pm","060","Divided Road","Straight road","Level","Not Applicable","Sealed","Dry","Not Raining","Daylight","Rear End","01","Driver Rider","1: PDO","No Control","","",1325706.52,1673263.87,"13257071673264"
"2017-5889-27/05/2021","2 Metropolitan","BEULAH PARK","5067","CITY OF BURNSIDE",2,0,0,0,0,2017,"June","Sunday","02:35 pm","050","Not Divided","Straight road","Level","Not Applicable","Sealed","Dry","Not Raining","Daylight","Hit Parked Vehicle","01","Driver Rider","1: PDO","No Control","","",1332913.16,1671441.3,"13329131671441"
"2017-5890-27/05/2021","3 Country","PARAWA","5203","DC YANKALILLA.                ",2,0,0,0,0,2017,"June","Saturday","04:00 pm","080","Not Divided","CURVED, VIEW OBSCURED","Level","Not Applicable","Unsealed","Wet","Not Raining","Daylight","Hit Fixed Object","01","Driver Rider","1: PDO","No Control","","",1300116.01,1600064.53,"13001161600065"
"2017-5891-27/05/2021","2 Metropolitan","SOMERTON PARK","5044","CITY OF HOLDFAST BAY",2,0,0,0,0,2017,"June","Sunday","03:05 pm","050","Not Divided","Straight road","Level","Not Applicable","Sealed","Dry","Not Raining","Daylight","Hit Parked Vehicle","02","Driver Rider","1: PDO","No Control","","",1320217.86,1663516.07,"13202181663516"
"2017-5892-27/05/2021","3 Country","MURRAY BRIDGE","5253","RC MURRAY BRIDGE.             ",2,1,0,0,1,2017,"June","Sunday","05:00 pm","050","Not Divided","Straight road","Level","Not Applicable","Sealed","Dry","Not Raining","Daylight","Hit Fixed Object","01","Driver Rider","2: MI","No Control","","",1388825.74,1646258.52,"13888261646259"
"2017-5893-27/05/2021","2 Metropolitan","ELIZABETH VALE","5112","CITY OF PLAYFORD.",2,1,0,0,1,2017,"June","Saturday","07:45 pm","060","Not Divided","Straight road","Level","Not Applicable","Sealed","Dry","Not Raining","Night","Head On","01","Driver Rider","2: MI","No Control","","",1335430.57,1690109.05,"13354311690109"
"2017-5894-27/05/2021","2 Metropolitan","TAPEROO","5017","CITY OF PORT ADELAIDE ENFIELD",2,0,0,0,0,2017,"June","Sunday","05:05 pm","060","Cross Road","Straight road","Level","Not Applicable","Sealed","Dry","Not Raining","Daylight","Right Angle","02","Driver Rider","1: PDO","Give Way Sign","","",1319467.94,1683563.08,"13194681683563"
"2017-5895-27/05/2021","2 Metropolitan","GEPPS CROSS","5094","CITY OF PORT ADELAIDE ENFIELD",2,0,0,0,0,2017,"June","Sunday","05:55 pm","060","Cross Road","Straight road","Level","Not Applicable","Sealed","Dry","Not Raining","Night","Right Turn","02","Driver Rider","1: PDO","Traffic Signals","","",1327996.81,1679245.21,"13279971679245"
"2017-5896-27/05/2021","2 Metropolitan","NORWOOD","5067","CC OF NORWOOD,PAYNEHAM & ST PETERS",2,2,0,0,2,2017,"June","Sunday","05:40 pm","060","Cross Road","Straight road","Level","Not Applicable","Sealed","Dry","Not Raining","Night","Right Angle","01","Driver Rider","2: MI","Stop Sign","","",1331874.28,1670398.69,"13318741670399"
"2017-5897-27/05/2021","2 Metropolitan","SALISBURY","5108","CITY OF SALISBURY",2,0,0,0,0,2017,"June","Saturday","08:00 pm","060","Multiple","Straight road","Level","Not Applicable","Sealed","Dry","Not Raining","Night","Hit Fixed Object","01","Driver Rider","1: PDO","Traffic Signals","","",1333632.48,1688660.75,"13336321688661"
"2017-5898-27/05/2021","2 Metropolitan","LEAWOOD GARDENS","5150","CC MITCHAM.                   ",2,0,0,0,0,2017,"June","Sunday","06:15 pm","090","Freeway","Straight road","Bottom of Hill","Not Applicable","Sealed","Dry","Not Raining","Night","Hit Fixed Object","01","Driver Rider","1: PDO","No Control","","",1333773.29,1665574.06,"13337731665574"
"2017-5899-27/05/2021","2 Metropolitan","PARALOWIE","5108","CITY OF SALISBURY",2,0,0,0,0,2017,"June","Sunday","08:30 pm","050","Not Divided","Straight road","Slope","Not Applicable","Sealed","Dry","Not Raining","Night","Hit Fixed Object","01","Driver Rider","1: PDO","No Control","","",1329702.93,1689764.27,"13297031689764"
"2017-5900-27/05/2021","2 Metropolitan","BEVERLEY","5009","CITY OF CHARLES STURT",2,0,0,0,0,2017,"June","Sunday","07:15 pm","050","Not Divided","Straight road","Level","Road hump or Slow point","Sealed","Dry","Not Raining","Night","Hit Fixed Object","01","Driver Rider","1: PDO","No Control","","",1323778.34,1674458.04,"13237781674458"
"2017-5901-27/05/2021","2 Metropolitan","CHRISTIES BEACH","5165","CITY OF ONKAPARINGA",2,0,0,0,0,2017,"June","Sunday","09:40 pm","070","Not Divided","Straight road","Slope","Not Applicable","Sealed","Dry","Not Raining","Night","Hit Fixed Object","01","Driver Rider","1: PDO","No Control","","",1316410.46,1647511.76,"13164101647512"
"2017-5902-27/05/2021","2 Metropolitan","PASADENA","5042","CC MITCHAM.                   ",2,5,0,0,5,2017,"June","Sunday","10:30 pm","060","T-Junction","Straight road","Level","Not Applicable","Sealed","Dry","Not Raining","Night","Right Turn","02","Driver Rider","2: MI","Traffic Signals","","",1327582.41,1663360.34,"13275821663360"
"2017-5903-27/05/2021","3 Country","YAHL","5291","DISTRICT COUNCIL OF GRANT",2,1,0,0,1,2017,"June","Sunday","11:23 pm","080","Not Divided","Straight road","Level","Not Applicable","Unsealed","Wet","Raining","Night","Hit Fixed Object","01","Driver Rider","2: MI","No Control","","",1512984.89,1336099.66,"15129851336100"
"2017-5904-27/05/2021","2 Metropolitan","O'HALLORAN HILL","5158","CC MARION.                    ",2,0,0,0,0,2017,"June","Monday","02:00 am","080","T-Junction","Straight road","Level","Not Applicable","Sealed","Wet","Not Raining","Night","Hit Fixed Object","01","Driver Rider","1: PDO","Traffic Signals","","",1324329.37,1656621.38,"13243291656621"
"2017-5905-27/05/2021","2 Metropolitan","MORPHETT VALE","5162","CITY OF ONKAPARINGA",2,0,0,0,0,2017,"June","Monday","02:50 am","060","Divided Road","Straight road","Slope","Not Applicable","Sealed","Wet","Not Raining","Night","Hit Fixed Object","01","Driver Rider","1: PDO","No Control","","",1322887.53,1649914.58,"13228881649915"
"2017-5906-27/05/2021","3 Country","WHYALLA BARSON","5601","CC WHYALLA.                   ",2,0,0,0,0,2017,"June","Monday","12:20 am","110","Not Divided","Straight road","Level","Not Applicable","Sealed","Dry","Not Raining","Night","Hit Animal","02","Animal","1: PDO","No Control","","",1240414.73,1890402.57,"12404151890403"
"2017-5907-27/05/2021","2 Metropolitan","THEBARTON","5031","CITY OF WEST TORRENS",2,0,0,0,0,2017,"June","Monday","01:00 am","050","Not Divided","Straight road","Level","Not Applicable","Sealed","Dry","Not Raining","Night","Hit Fixed Object","01","Driver Rider","1: PDO","No Control","","",1325927.9,1671467.27,"13259281671467"
"2017-5908-27/05/2021","3 Country","WHYALLA NORRIE","5608","CC WHYALLA.                   ",3,0,0,0,0,2017,"June","Monday","01:30 am","080","Divided Road","Straight road","Level","Not Applicable","Sealed","Dry","Not Raining","Night","Hit Fixed Object","01","Driver Rider","1: PDO","No Control","","",1237205.45,1881934.41,"12372051881934"
"2017-5909-27/05/2021","2 Metropolitan","KALBEEBA","5118","THE BAROSSA COUNCIL.",3,0,0,0,0,2017,"June","Friday","01:25 pm","080","Not Divided","Straight road","Level","Not Applicable","Sealed","Dry","Not Raining","Daylight","Head On","01","Driver Rider","1: PDO","No Control","","",1347002.28,1706114.73,"13470021706115"
"2017-5910-27/05/2021","2 Metropolitan","CALLINGTON","5254","DC MT.BARKER.                 ",4,1,0,1,0,2017,"May","Tuesday","05:00 pm","050","Not Divided","Straight road","Slope","Not Applicable","Sealed","Dry","Not Raining","Daylight","Hit Fixed Object","01","Driver Rider","3: SI","No Control","","",1367468.7,1647994.04,"13674691647994"
"2017-5911-27/05/2021","2 Metropolitan","BURTON","5110","CITY OF SALISBURY",2,2,1,0,1,2017,"June","Sunday","11:40 pm","050","Not Divided","Straight road","Level","Not Applicable","Sealed","Dry","Not Raining","Night","Hit Fixed Object","01","Driver Rider","4: Fatal","No Control","","",1330718.85,1691533.26,"13307191691533"