"REPORT_ID","Stats Area","Suburb","Postcode","LGA Name","Total Units","Total Cas","Total Fats","Total SI","Total MI","Year","Month","Day","Time","Area Speed","Position Type","Horizontal Align","Vertical Align","Other Feat","Road Surface","Moisture Cond","Weather Cond","DayNight","Crash Type","Unit Resp","Entity Code","CSEF Severity","Traffic Ctrls","DUI Involved","Drugs Involved","ACCLOC_X","ACCLOC_Y","UNIQUE_LOC"
"2017-6237-27/05/2021","2 Metropolitan","FLINDERS PARK","5025","CITY OF CHARLES STURT",2,0,0,0,0,2017,"June","Tuesday","03:50 pm","060","Cross Road","Straight road","Level","Not Applicable","Sealed","Dry","Not Raining","Daylight","Right Angle","02","Driver Rider","1: PDO","Give Way Sign","","",1324006.17,1673166.49,"13240061673166"
"2017-6238-27/05/2021","2 Metropolitan","NORWOOD","5067","CC OF NORWOOD,PAYNEHAM & ST PETERS",2,0,0,0,0,2017,"June","Wednesday","04:30 pm","060","Cross Road","Straight road","Level","Not Applicable","Sealed","Dry","Not Raining","Daylight","Right Angle","01","Driver Rider","1: PDO","Roundabout","","",1330623.32,1670361.88,"13306231670362"
"2017-6239-27/05/2021","2 Metropolitan","NOARLUNGA DOWNS","5168","CITY OF ONKAPARINGA",2,0,0,0,0,2017,"June","Wednesday","02:21 pm","080","T-Junction","Straight road","Level","Not Applicable","Sealed","Dry","Not Raining","Daylight","Rear End","02","Driver Rider","1: PDO","Traffic Signals","","",1319276.5,1644347.84,"13192771644348"
"2017-6240-27/05/2021","2 Metropolitan","GLOBE DERBY PARK","5110","CITY OF SALISBURY",2,1,0,0,1,2017,"June","Wednesday","03:20 pm","090","Divided Road","Straight road","Level","Not Applicable","Sealed","Dry","Not Raining","Daylight","Rear End","02","Driver Rider","2: MI","No Control","","",1328662.58,1685754.04,"13286631685754"
"2017-6241-27/05/2021","2 Metropolitan","PAYNEHAM","5070","CC OF NORWOOD,PAYNEHAM & ST PETERS",3,2,0,1,1,2017,"June","Wednesday","03:30 pm","060","Divided Road","Straight road","Level","Not Applicable","Sealed","Dry","Not Raining","Daylight","Rear End","01","Driver Rider","3: SI","No Control","","",1332240.15,1673824.91,"13322401673825"
"2017-6242-27/05/2021","2 Metropolitan","RIDGEHAVEN","5097","CITY OF TEA TREE GULLY",2,1,0,0,1,2017,"June","Wednesday","07:20 pm","060","T-Junction","Straight road","Level","Not Applicable","Sealed","Dry","Not Raining","Night","Right Angle","02","Driver Rider","2: MI","No Control","","",1337527.15,1681816.09,"13375271681816"
"2017-6243-27/05/2021","2 Metropolitan","STONYFELL","5066","CITY OF BURNSIDE",2,0,0,0,0,2017,"June","Wednesday","06:15 pm","050","Not Divided","Straight road","Level","Not Applicable","Sealed","Dry","Not Raining","Night","Hit Fixed Object","01","Driver Rider","1: PDO","No Control","","",1335539.88,1669649.24,"13355401669649"
"2017-6244-27/05/2021","2 Metropolitan","PAYNEHAM","5070","CC OF NORWOOD,PAYNEHAM & ST PETERS",2,0,0,0,0,2017,"June","Wednesday","07:25 pm","060","Cross Road","Straight road","Slope","Not Applicable","Sealed","Dry","Not Raining","Night","Rear End","02","Driver Rider","1: PDO","Traffic Signals","","",1332162.99,1673774.81,"13321631673775"
"2017-6245-27/05/2021","2 Metropolitan","GILLES PLAINS","5086","CITY OF PORT ADELAIDE ENFIELD",2,0,0,0,0,2017,"June","Wednesday","03:10 pm","060","T-Junction","Straight road","Level","Not Applicable","Sealed","Dry","Not Raining","Daylight","Rear End","01","Driver Rider","1: PDO","No Control","","",1334146.29,1678278.16,"13341461678278"
"2017-6246-27/05/2021","3 Country","MURRAY BRIDGE","5253","RC MURRAY BRIDGE.             ",2,0,0,0,0,2017,"June","Wednesday","03:35 pm","050","T-Junction","Straight road","Level","Not Applicable","Sealed","Dry","Not Raining","Daylight","Rear End","02","Driver Rider","1: PDO","No Control","","",1390067.14,1644636.37,"13900671644636"
"2017-6247-27/05/2021","2 Metropolitan","CLELAND","5152","THE ADELAIDE HILLS COUNCIL",2,0,0,0,0,2017,"June","Tuesday","04:00 pm","080","Not Divided","CURVED, VIEW OBSCURED","Level","Not Applicable","Sealed","Dry","Not Raining","Daylight","Hit Fixed Object","01","Driver Rider","1: PDO","No Control","","",1338671.53,1666026.04,"13386721666026"
"2017-6248-27/05/2021","2 Metropolitan","ELIZABETH SOUTH","5112","CITY OF PLAYFORD.",2,0,0,0,0,2017,"June","Wednesday","08:00 pm","050","Not Divided","Straight road","Level","Not Applicable","Sealed","Dry","Not Raining","Night","Hit Fixed Object","01","Driver Rider","1: PDO","No Control","Y","",1334971.07,1692218.76,"13349711692219"
"2017-6249-27/05/2021","2 Metropolitan","MANSFIELD PARK","5012","CITY OF PORT ADELAIDE ENFIELD",2,0,0,0,0,2017,"June","Wednesday","10:10 pm","060","Not Divided","Straight road","Level","Not Applicable","Sealed","Dry","Not Raining","Night","Hit Parked Vehicle","02","Driver Rider","1: PDO","No Control","","",1323930.62,1678454.11,"13239311678454"
"2017-6250-27/05/2021","2 Metropolitan","MAWSON LAKES","5095","CITY OF SALISBURY",2,0,0,0,0,2017,"June","Thursday","01:00 am","050","Not Divided","CURVED, VIEW OPEN","Level","Not Applicable","Sealed","Dry","Not Raining","Night","Hit Fixed Object","01","Driver Rider","1: PDO","No Control","","",1329843.73,1682599.47,"13298441682599"
"2017-6251-27/05/2021","2 Metropolitan","VALE PARK","5081","WALKERVILLE TOWN COUNCIL",1,1,0,0,1,2017,"June","Thursday","03:12 am","060","T-Junction","Straight road","Level","Not Applicable","Sealed","Dry","Not Raining","Night","Roll Over","01","Driver Rider","2: MI","No Control","","",1331030.74,1674940.9,"13310311674941"
"2017-6252-27/05/2021","2 Metropolitan","MAGILL","5072","CITY OF BURNSIDE",2,0,0,0,0,2017,"June","Saturday","10:30 pm","060","Not Divided","Straight road","Level","Not Applicable","Sealed","Dry","Not Raining","Night","Hit Parked Vehicle","01","Driver Rider","1: PDO","No Control","Y","",1335499.25,1671210.95,"13354991671211"
"2017-6253-27/05/2021","2 Metropolitan","EYRE","5121","CITY OF PLAYFORD.",2,1,0,0,1,2017,"June","Thursday","08:00 am","060","Cross Road","Straight road","Level","Not Applicable","Sealed","Dry","Not Raining","Daylight","Right Angle","02","Driver Rider","2: MI","Stop Sign","","",1334450.71,1695787.2,"13344511695787"
"2017-6254-27/05/2021","2 Metropolitan","SOMERTON PARK","5044","CITY OF HOLDFAST BAY",7,3,0,0,3,2017,"June","Thursday","08:20 am","060","Divided Road","Straight road","Level","Not Applicable","Sealed","Dry","Not Raining","Daylight","Hit Fixed Object","01","Driver Rider","2: MI","No Control","","",1321081.64,1662839.1,"13210821662839"
"2017-6255-27/05/2021","1 City","NORTH ADELAIDE","5006","CITY OF ADELAIDE",2,1,0,0,1,2017,"June","Thursday","07:30 am","050","Not Divided","Straight road","Level","Not Applicable","Sealed","Dry","Not Raining","Daylight","Side Swipe","02","Driver Rider","2: MI","No Control","","",1327819.21,1672257.69,"13278191672258"
"2017-6256-27/05/2021","1 City","ADELAIDE","5000","CITY OF ADELAIDE",2,0,0,0,0,2017,"June","Wednesday","09:10 am","050","Cross Road","Straight road","Level","Not Applicable","Sealed","Dry","Not Raining","Daylight","Right Turn","02","Driver Rider","1: PDO","Give Way Sign","","",1327395.92,1670003.03,"13273961670003"
"2017-6257-27/05/2021","2 Metropolitan","GREENACRES","5086","CITY OF PORT ADELAIDE ENFIELD",3,0,0,0,0,2017,"June","Thursday","08:30 am","060","Divided Road","Straight road","Level","Not Applicable","Sealed","Dry","Not Raining","Daylight","Rear End","02","Driver Rider","1: PDO","No Control","","",1330448.14,1676622.51,"13304481676623"
"2017-6258-27/05/2021","2 Metropolitan","ELIZABETH","5112","CITY OF PLAYFORD.",2,2,0,0,2,2017,"June","Thursday","08:54 am","050","T-Junction","Straight road","Level","Not Applicable","Sealed","Dry","Not Raining","Daylight","Right Turn","02","Driver Rider","2: MI","Give Way Sign","","",1335337.57,1693201.94,"13353381693202"
"2017-6259-27/05/2021","2 Metropolitan","PASADENA","5042","CC MITCHAM.                   ",2,1,0,0,1,2017,"June","Wednesday","10:25 am","060","Divided Road","Straight road","Level","Not Applicable","Sealed","Dry","Not Raining","Daylight","Rear End","01","Driver Rider","2: MI","No Control","","",1327040.41,1661662.97,"13270401661663"
"2017-6260-27/05/2021","2 Metropolitan","SEACLIFF PARK","5049","CITY OF HOLDFAST BAY",2,0,0,0,0,2017,"June","Thursday","07:00 am","060","T-Junction","Straight road","Level","Not Applicable","Sealed","Dry","Not Raining","Night","Side Swipe","02","Driver Rider","1: PDO","No Control","","",1321888.34,1659349.62,"13218881659350"
"2017-6261-27/05/2021","2 Metropolitan","PARKSIDE","5063","CITY OF UNLEY",2,0,0,0,0,2017,"June","Wednesday","01:30 pm","060","Divided Road","Straight road","Level","Not Applicable","Sealed","Dry","Not Raining","Daylight","Rear End","01","Driver Rider","1: PDO","No Control","","",1329355.54,1668971.95,"13293561668972"
"2017-6262-27/05/2021","2 Metropolitan","MODBURY","5092","CITY OF TEA TREE GULLY",2,0,0,0,0,2017,"June","Thursday","08:45 am","060","T-Junction","Straight road","Slope","Not Applicable","Sealed","Dry","Not Raining","Daylight","Hit Fixed Object","01","Driver Rider","1: PDO","No Control","","",1335480.17,1680906.77,"13354801680907"
"2017-6263-27/05/2021","2 Metropolitan","PARADISE","5075","CC CAMPBELLTOWN.              ",2,0,0,0,0,2017,"June","Thursday","08:50 am","060","Cross Road","Straight road","Level","Not Applicable","Sealed","Dry","Not Raining","Daylight","Right Turn","01","Driver Rider","1: PDO","Traffic Signals","","",1335190,1675919.89,"13351901675920"
"2017-6264-27/05/2021","1 City","ADELAIDE","5000","CITY OF ADELAIDE",2,0,0,0,0,2017,"June","Monday","11:00 pm","050","T-Junction","Straight road","Level","Not Applicable","Sealed","Dry","Not Raining","Night","Hit Fixed Object","01","Driver Rider","1: PDO","No Control","","",1328514.43,1670871.09,"13285141670871"
"2017-6265-27/05/2021","2 Metropolitan","SEAFORD MEADOWS","5169","CITY OF ONKAPARINGA",2,0,0,0,0,2017,"June","Wednesday","09:00 am","060","Cross Road","Straight road","Level","Not Applicable","Sealed","Dry","Not Raining","Daylight","Rear End","01","Driver Rider","1: PDO","Traffic Signals","","",1318091.98,1642826.26,"13180921642826"
"2017-6266-27/05/2021","2 Metropolitan","HILTON","5033","CITY OF WEST TORRENS",3,1,0,0,1,2017,"June","Wednesday","02:00 pm","060","Divided Road","Straight road","Level","Driveway or Entrance","Sealed","Dry","Not Raining","Daylight","Rear End","02","Driver Rider","2: MI","No Control","","",1325309.8,1670073.89,"13253101670074"
"2017-6267-27/05/2021","2 Metropolitan","LINDEN PARK","5065","CITY OF BURNSIDE",1,1,0,0,1,2017,"May","Wednesday","08:12 am","050","Cross Road","Straight road","Level","Not Applicable","Sealed","Dry","Not Raining","Daylight","Roll Over","09","Other","2: MI","Give Way Sign","","",1332563.21,1668548.84,"13325631668549"
"2017-6268-27/05/2021","2 Metropolitan","MUNNO PARA","5115","CITY OF PLAYFORD.",3,1,0,0,1,2017,"June","Thursday","11:02 am","080","Divided Road","Straight road","Level","Not Applicable","Sealed","Dry","Not Raining","Daylight","Rear End","01","Driver Rider","2: MI","No Control","","",1338269.05,1697775.98,"13382691697776"
"2017-6269-27/05/2021","2 Metropolitan","MCLAREN VALE","5171","CITY OF ONKAPARINGA",2,0,0,0,0,2017,"June","Thursday","08:55 am","060","Cross Road","Straight road","Level","Not Applicable","Sealed","Dry","Not Raining","Daylight","Right Angle","01","Driver Rider","1: PDO","Give Way Sign","","",1322927.48,1637161.46,"13229271637161"
"2017-6270-27/05/2021","2 Metropolitan","FITZROY","5082","CITY OF PROSPECT",2,0,0,0,0,2017,"June","Wednesday","04:20 pm","060","Cross Road","Straight road","Level","Not Applicable","Sealed","Dry","Not Raining","Daylight","Rear End","01","Driver Rider","1: PDO","Traffic Signals","","",1327525.73,1673625.28,"13275261673625"
"2017-6271-27/05/2021","2 Metropolitan","MELROSE PARK","5039","CC MITCHAM.                   ",2,1,0,0,1,2017,"June","Wednesday","01:30 pm","060","Divided Road","Straight road","Level","Not Applicable","Sealed","Dry","Not Raining","Daylight","Side Swipe","01","Driver Rider","2: MI","No Control","","",1325908.7,1664865.8,"13259091664866"
"2017-6272-27/05/2021","2 Metropolitan","KENT TOWN","5067","CC OF NORWOOD,PAYNEHAM & ST PETERS",2,0,0,0,0,2017,"June","Thursday","10:00 am","060","Divided Road","CURVED, VIEW OPEN","Level","Not Applicable","Sealed","Dry","Not Raining","Daylight","Rear End","02","Driver Rider","1: PDO","No Control","","",1330582.37,1670374.78,"13305821670375"
"2017-6273-27/05/2021","2 Metropolitan","BROOKLYN PARK","5032","CITY OF WEST TORRENS",2,0,0,0,0,2017,"June","Thursday","10:25 am","060","Divided Road","Straight road","Level","Not Applicable","Sealed","Dry","Not Raining","Daylight","Side Swipe","01","Driver Rider","1: PDO","No Control","","",1322646.53,1670073.8,"13226471670074"
"2017-6274-27/05/2021","2 Metropolitan","ADELAIDE","5000","CITY OF UNLEY",2,0,0,0,0,2017,"June","Wednesday","01:15 pm","060","Divided Road","Straight road","Level","Not Applicable","Sealed","Dry","Not Raining","Daylight","Rear End","02","Driver Rider","1: PDO","No Control","","",1327617.34,1668940.11,"13276171668940"
"2017-6275-27/05/2021","2 Metropolitan","MAWSON LAKES","5095","CITY OF SALISBURY",2,0,0,0,0,2017,"June","Thursday","11:30 am","080","Divided Road","Straight road","Level","Not Applicable","Sealed","Dry","Not Raining","Daylight","Rear End","02","Driver Rider","1: PDO","No Control","","",1328652.18,1684055.46,"13286521684055"
"2017-6276-27/05/2021","2 Metropolitan","BROOKLYN PARK","5032","CITY OF WEST TORRENS",2,0,0,0,0,2017,"June","Wednesday","07:30 pm","060","Cross Road","Straight road","Level","Not Applicable","Sealed","Dry","Not Raining","Night","Right Turn","01","Driver Rider","1: PDO","Traffic Signals","","",1323112.63,1670089.94,"13231131670090"
"2017-6277-27/05/2021","2 Metropolitan","WEST BEACH","5024","CITY OF WEST TORRENS",2,0,0,0,0,2017,"June","Thursday","10:30 am","050","Not Divided","Straight road","Level","Not Applicable","Sealed","Dry","Not Raining","Daylight","Hit Parked Vehicle","02","Driver Rider","1: PDO","No Control","","",1320330.59,1669322.82,"13203311669323"
"2017-6278-27/05/2021","2 Metropolitan","NORWOOD","5067","CC OF NORWOOD,PAYNEHAM & ST PETERS",2,1,0,0,1,2017,"June","Thursday","02:50 pm","060","Cross Road","Straight road","Level","Not Applicable","Sealed","Dry","Not Raining","Daylight","Hit Pedestrian","01","Driver Rider","2: MI","Give Way Sign","","",1331230.13,1671062.97,"13312301671063"
"2017-6279-27/05/2021","2 Metropolitan","MODBURY","5092","CITY OF TEA TREE GULLY",2,2,0,0,2,2017,"June","Thursday","02:45 pm","060","Divided Road","Straight road","Level","Driveway or Entrance","Sealed","Dry","Not Raining","Daylight","Right Angle","02","Driver Rider","2: MI","No Control","Y","",1336886.69,1680452.2,"13368871680452"
"2017-6280-27/05/2021","2 Metropolitan","LINDEN PARK","5065","CITY OF BURNSIDE",2,1,0,0,1,2017,"June","Thursday","03:00 pm","050","Not Divided","Straight road","Level","Not Applicable","Sealed","Dry","Not Raining","Daylight","Hit Parked Vehicle","02","Driver Rider","2: MI","No Control","","",1332494.46,1668150.49,"13324941668150"
"2017-6281-27/05/2021","3 Country","MURRAY BRIDGE","5253","RC MURRAY BRIDGE.             ",2,0,0,0,0,2017,"June","Wednesday","11:40 am","100","Cross Road","Straight road","Level","Not Applicable","Sealed","Dry","Not Raining","Daylight","Right Angle","02","Driver Rider","1: PDO","Give Way Sign","","",1388498.44,1644790.92,"13884981644791"
"2017-6282-27/05/2021","2 Metropolitan","ALLENBY GARDENS","5009","CITY OF CHARLES STURT",2,0,0,0,0,2017,"June","Thursday","12:30 pm","050","Not Divided","Straight road","Level","Not Applicable","Sealed","Dry","Not Raining","Daylight","Hit Parked Vehicle","01","Driver Rider","1: PDO","No Control","","",1324616.57,1674059.16,"13246171674059"
"2017-6283-27/05/2021","2 Metropolitan","PROSPECT","5082","CITY OF PROSPECT",2,1,0,0,1,2017,"June","Thursday","04:24 pm","050","Cross Road","Straight road","Slope","Not Applicable","Sealed","Dry","Not Raining","Daylight","Right Angle","01","Driver Rider","2: MI","Give Way Sign","","",1328398.3,1676631.81,"13283981676632"
"2017-6284-27/05/2021","2 Metropolitan","GLENGOWRIE","5044","CC MARION.                    ",2,0,0,0,0,2017,"June","Thursday","03:45 pm","050","Cross Road","Straight road","Level","Not Applicable","Sealed","Dry","Not Raining","Daylight","Right Angle","02","Driver Rider","1: PDO","Give Way Sign","","",1322206.72,1663957.34,"13222071663957"
"2017-6285-27/05/2021","2 Metropolitan","ELIZABETH","5112","CITY OF PLAYFORD.",2,3,0,0,3,2017,"June","Thursday","05:00 pm","050","T-Junction","Straight road","Level","Not Applicable","Sealed","Dry","Not Raining","Daylight","Rear End","01","Driver Rider","2: MI","Give Way Sign","","",1335808.02,1693779.92,"13358081693780"
"2017-6286-27/05/2021","2 Metropolitan","GREEN FIELDS","5107","CITY OF SALISBURY",2,0,0,0,0,2017,"June","Thursday","03:00 pm","090","T-Junction","Straight road","Level","Not Applicable","Sealed","Dry","Not Raining","Daylight","Rear End","02","Driver Rider","1: PDO","Traffic Signals","","",1328674.22,1685896.53,"13286741685897"
"2017-6287-27/05/2021","2 Metropolitan","CLEARVIEW","5085","CITY OF PORT ADELAIDE ENFIELD",2,0,0,0,0,2017,"June","Thursday","08:50 am","050","Cross Road","CURVED, VIEW OPEN","Level","Not Applicable","Sealed","Dry","Not Raining","Daylight","Right Angle","01","Driver Rider","1: PDO","Roundabout","","",1330058.7,1678379.28,"13300591678379"
"2017-6288-27/05/2021","2 Metropolitan","CHRISTIES BEACH","5165","CITY OF ONKAPARINGA",2,1,0,0,1,2017,"June","Wednesday","04:05 pm","060","T-Junction","Straight road","Level","Not Applicable","Sealed","Dry","Not Raining","Daylight","Hit Fixed Object","01","Driver Rider","2: MI","No Control","","",1317039.19,1648334.28,"13170391648334"
"2017-6289-27/05/2021","2 Metropolitan","HIGHBURY","5089","CITY OF TEA TREE GULLY",2,1,0,0,1,2017,"June","Thursday","04:35 pm","050","Not Divided","Straight road","Slope","Not Applicable","Sealed","Dry","Not Raining","Daylight","Hit Pedestrian","01","Driver Rider","2: MI","No Control","","",1338360.39,1678126.33,"13383601678126"
"2017-6290-27/05/2021","2 Metropolitan","WELLAND","5007","CITY OF CHARLES STURT",3,1,0,0,1,2017,"June","Thursday","05:25 pm","060","Cross Road","Straight road","Level","Not Applicable","Sealed","Dry","Not Raining","Night","Right Turn","02","Driver Rider","2: MI","Give Way Sign","","",1324861.82,1673188.4,"13248621673188"
"2017-6291-27/05/2021","2 Metropolitan","VIRGINIA","5120","CITY OF PLAYFORD.",2,0,0,0,0,2017,"June","Thursday","04:00 pm","110","Freeway","Straight road","Level","Not Applicable","Sealed","Dry","Not Raining","Daylight","Side Swipe","01","Driver Rider","1: PDO","No Control","","",1327800.97,1696341.7,"13278011696342"
"2017-6292-27/05/2021","2 Metropolitan","MAWSON LAKES","5095","CITY OF SALISBURY",2,1,0,0,1,2017,"June","Thursday","06:32 pm","050","Not Divided","Straight road","Level","Not Applicable","Sealed","Dry","Not Raining","Night","Rear End","02","Driver Rider","2: MI","No Control","","",1329146.53,1684820.39,"13291471684820"
"2017-6293-27/05/2021","3 Country","MILANG","5256","ALEXANDRINA COUNCIL",2,0,0,0,0,2017,"June","Thursday","03:30 pm","060","Not Divided","Straight road","Level","Not Applicable","Unsealed","Dry","Not Raining","Daylight","Hit Fixed Object","01","Driver Rider","1: PDO","No Control","","",1358293.4,1619976.36,"13582931619976"
"2017-6294-27/05/2021","2 Metropolitan","MODBURY","5092","CITY OF TEA TREE GULLY",2,0,0,0,0,2017,"June","Thursday","06:30 pm","060","Cross Road","Straight road","Level","Not Applicable","Sealed","Dry","Not Raining","Night","Right Turn","01","Driver Rider","1: PDO","Traffic Signals","","",1336876.15,1680848.77,"13368761680849"
"2017-6295-27/05/2021","2 Metropolitan","LONSDALE","5160","CITY OF ONKAPARINGA",2,1,0,0,1,2017,"June","Wednesday","04:50 pm","070","T-Junction","Straight road","Level","Not Applicable","Sealed","Dry","Not Raining","Daylight","Right Angle","02","Driver Rider","2: MI","No Control","","",1319356.19,1650978.71,"13193561650979"
"2017-6296-27/05/2021","2 Metropolitan","O'HALLORAN HILL","5158","CITY OF ONKAPARINGA",2,1,0,0,1,2017,"June","Thursday","03:22 pm","080","Divided Road","Straight road","Level","Not Applicable","Sealed","Dry","Not Raining","Daylight","Rear End","01","Driver Rider","2: MI","No Control","","",1324347.07,1656699.93,"13243471656700"
"2017-6297-27/05/2021","2 Metropolitan","HILTON","5033","CITY OF WEST TORRENS",2,0,0,0,0,2017,"June","Thursday","05:28 pm","060","Cross Road","Straight road","Level","Not Applicable","Sealed","Dry","Not Raining","Night","Right Turn","02","Driver Rider","1: PDO","Traffic Signals","","",1324946.26,1670065.12,"13249461670065"
"2017-6298-27/05/2021","1 City","NORTH ADELAIDE","5006","CITY OF ADELAIDE",2,1,0,1,0,2017,"June","Thursday","06:25 pm","050","Not Divided","Straight road","Level","Not Applicable","Sealed","Dry","Not Raining","Night","Hit Pedestrian","01","Driver Rider","3: SI","No Control","","",1328512.83,1672953.41,"13285131672953"
"2017-6299-27/05/2021","3 Country","LOXTON","5333","LOXTON WAIKERIE DISTRICT COUNCIL",2,0,0,0,0,2017,"June","Thursday","06:30 pm","060","Multiple","Straight road","Level","Not Applicable","Sealed","Dry","Not Raining","Night","Rear End","01","Driver Rider","1: PDO","Roundabout","","",1510927.87,1715381.25,"15109281715381"
"2017-6300-27/05/2021","2 Metropolitan","STEPNEY","5069","CC OF NORWOOD,PAYNEHAM & ST PETERS",2,0,0,0,0,2017,"June","Thursday","08:00 pm","060","Multiple","CURVED, VIEW OPEN","Level","Not Applicable","Sealed","Dry","Not Raining","Night","Right Angle","02","Driver Rider","1: PDO","Traffic Signals","","",1330600.73,1671714.93,"13306011671715"
"2017-6301-27/05/2021","2 Metropolitan","ELIZABETH","5112","CITY OF PLAYFORD.",2,0,0,0,0,2017,"June","Thursday","08:30 pm","050","Cross Road","Straight road","Level","Not Applicable","Sealed","Dry","Not Raining","Night","Right Angle","02","Driver Rider","1: PDO","Stop Sign","","",1335585.45,1693769.28,"13355851693769"
"2017-6302-27/05/2021","2 Metropolitan","SALISBURY PLAIN","5109","CITY OF SALISBURY",2,0,0,0,0,2017,"June","Thursday","06:00 pm","080","T-Junction","Straight road","Level","Not Applicable","Sealed","Dry","Not Raining","Night","Right Turn","01","Driver Rider","1: PDO","No Control","","",1334910.64,1687473.34,"13349111687473"
"2017-6303-27/05/2021","2 Metropolitan","WARRADALE","5046","CC MARION.                    ",3,0,0,0,0,2017,"June","Friday","12:30 am","060","Divided Road","Straight road","Level","Not Applicable","Sealed","Dry","Not Raining","Night","Hit Parked Vehicle","01","Driver Rider","1: PDO","No Control","","",1322282.33,1663036.77,"13222821663037"
"2017-6304-27/05/2021","1 City","NORTH ADELAIDE","5006","CITY OF ADELAIDE",2,0,0,0,0,2017,"June","Thursday","09:30 pm","050","Not Divided","Straight road","Level","Not Applicable","Sealed","Dry","Not Raining","Night","Hit Parked Vehicle","02","Driver Rider","1: PDO","No Control","","",1328599.84,1672418.5,"13286001672419"
"2017-6305-27/05/2021","2 Metropolitan","BEDFORD PARK","5042","CC MARION.                    ",2,0,0,0,0,2017,"June","Friday","08:15 am","070","Not Divided","Straight road","Level","Roadworks","Sealed","Dry","Not Raining","Daylight","Rear End","02","Driver Rider","1: PDO","No Control","","",1324945.56,1660215.86,"13249461660216"
"2017-6306-27/05/2021","3 Country","MOUNT COMPASS","5210","ALEXANDRINA COUNCIL",2,0,0,0,0,2017,"June","Wednesday","12:51 pm","100","Not Divided","CURVED, VIEW OBSCURED","Level","Not Applicable","Sealed","Dry","Not Raining","Daylight","Hit Fixed Object","01","Driver Rider","1: PDO","No Control","","",1330104.52,1623631.66,"13301051623632"
"2017-6307-27/05/2021","2 Metropolitan","LIGHTSVIEW","5085","CITY OF PORT ADELAIDE ENFIELD",2,0,0,0,0,2017,"June","Friday","09:11 am","050","Divided Road","Straight road","Level","Not Applicable","Sealed","Dry","Not Raining","Daylight","Hit Fixed Object","01","Driver Rider","1: PDO","No Control","","",1330648.41,1678051.01,"13306481678051"
"2017-6308-27/05/2021","2 Metropolitan","HENDON","5014","CITY OF CHARLES STURT",2,0,0,0,0,2017,"June","Friday","09:10 am","060","T-Junction","Straight road","Level","Not Applicable","Sealed","Dry","Not Raining","Daylight","Rear End","02","Driver Rider","1: PDO","No Control","","",1320680.6,1677496.48,"13206811677496"
"2017-6309-27/05/2021","2 Metropolitan","ELIZABETH PARK","5113","CITY OF PLAYFORD.",2,0,0,0,0,2017,"June","Friday","06:55 am","060","Not Divided","Straight road","Level","Not Applicable","Sealed","Dry","Not Raining","Night","Rear End","02","Driver Rider","1: PDO","No Control","","",1337432.21,1693974.49,"13374321693974"
"2017-6310-27/05/2021","2 Metropolitan","HOPE VALLEY","5090","CITY OF TEA TREE GULLY",2,1,0,0,1,2017,"June","Thursday","03:00 pm","050","T-Junction","Straight road","Level","Not Applicable","Sealed","Dry","Not Raining","Daylight","Right Turn","01","Driver Rider","2: MI","No Control","","",1337529.16,1679907.72,"13375291679908"
"2017-6311-27/05/2021","2 Metropolitan","NORTH PLYMPTON","5037","CITY OF WEST TORRENS",2,1,0,0,1,2017,"June","Friday","06:47 am","060","Divided Road","Straight road","Level","Median Opening (not at I/S)","Sealed","Dry","Not Raining","Night","Side Swipe","02","Driver Rider","2: MI","No Control","","",1324206.1,1667436.49,"13242061667436"
"2017-6312-27/05/2021","2 Metropolitan","GLENGOWRIE","5044","CC MARION.                    ",2,1,0,0,1,2017,"June","Friday","09:15 am","060","T-Junction","Straight road","Level","Not Applicable","Sealed","Dry","Not Raining","Daylight","Rear End","01","Driver Rider","2: MI","No Control","","",1322685.73,1663658.54,"13226861663659"
"2017-6313-27/05/2021","2 Metropolitan","CROYDON","5008","CITY OF CHARLES STURT",3,0,0,0,0,2017,"June","Friday","07:00 am","050","Not Divided","Straight road","Level","Driveway or Entrance","Sealed","Dry","Not Raining","Night","Hit Fixed Object","01","Driver Rider","1: PDO","No Control","","",1325544.83,1673898.58,"13255451673899"
"2017-6314-27/05/2021","2 Metropolitan","MYRTLE BANK","5064","CITY OF UNLEY",2,0,0,0,0,2017,"June","Friday","08:55 am","060","Cross Road","Straight road","Level","Not Applicable","Sealed","Dry","Not Raining","Daylight","Right Angle","01","Driver Rider","1: PDO","Traffic Signals","","",1330740.33,1667146.25,"13307401667146"
"2017-6315-27/05/2021","2 Metropolitan","KENSINGTON PARK","5068","CITY OF BURNSIDE",2,0,0,0,0,2017,"June","Thursday","08:08 am","060","T-Junction","Straight road","Level","Not Applicable","Sealed","Dry","Not Raining","Daylight","Hit Parked Vehicle","01","Driver Rider","1: PDO","Stop Sign","","",1333148.07,1671787.87,"13331481671788"
"2017-6316-27/05/2021","2 Metropolitan","GREENHILL","5140","THE ADELAIDE HILLS COUNCIL",2,1,0,0,1,2017,"June","Thursday","06:30 am","080","Not Divided","CURVED, VIEW OBSCURED","Slope","Not Applicable","Sealed","Dry","Not Raining","Night","Hit Animal","02","Animal","2: MI","No Control","","",1336860.99,1667652.88,"13368611667653"
"2017-6317-27/05/2021","2 Metropolitan","SALISBURY","5108","CITY OF SALISBURY",2,1,0,0,1,2017,"June","Friday","10:52 am","050","T-Junction","Straight road","Level","Not Applicable","Sealed","Dry","Not Raining","Daylight","Right Angle","02","Driver Rider","2: MI","Give Way Sign","","",1332728.57,1688571.7,"13327291688572"