"REPORT_ID","Stats Area","Suburb","Postcode","LGA Name","Total Units","Total Cas","Total Fats","Total SI","Total MI","Year","Month","Day","Time","Area Speed","Position Type","Horizontal Align","Vertical Align","Other Feat","Road Surface","Moisture Cond","Weather Cond","DayNight","Crash Type","Unit Resp","Entity Code","CSEF Severity","Traffic Ctrls","DUI Involved","Drugs Involved","ACCLOC_X","ACCLOC_Y","UNIQUE_LOC"
"2017-7295-27/05/2021","2 Metropolitan","PARA HILLS WEST","5096","CITY OF SALISBURY",2,0,0,0,0,2017,"July","Thursday","05:15 pm","050","Not Divided","Straight road","Level","Not Applicable","Sealed","Dry","Not Raining","Daylight","Side Swipe","01","Driver Rider","1: PDO","No Control","","",1332777.98,1684219.65,"13327781684220"
"2017-7296-27/05/2021","2 Metropolitan","GREENACRES","5086","CITY OF PORT ADELAIDE ENFIELD",2,0,0,0,0,2017,"July","Thursday","04:55 pm","060","T-Junction","Straight road","Level","Not Applicable","Sealed","Dry","Not Raining","Daylight","Right Angle","01","Driver Rider","1: PDO","No Control","","",1330430.11,1677200.82,"13304301677201"
"2017-7297-27/05/2021","2 Metropolitan","SALISBURY EAST","5109","CITY OF SALISBURY",2,1,0,0,1,2017,"July","Thursday","06:10 pm","060","T-Junction","Straight road","Level","Not Applicable","Sealed","Dry","Not Raining","Night","Right Turn","02","Driver Rider","2: MI","No Control","","",1333992.01,1684813.19,"13339921684813"
"2017-7298-27/05/2021","2 Metropolitan","INGLE FARM","5098","CITY OF SALISBURY",2,0,0,0,0,2017,"July","Thursday","01:50 pm","070","Cross Road","Straight road","Bottom of Hill","Not Applicable","Sealed","Dry","Not Raining","Daylight","Rear End","01","Driver Rider","1: PDO","Traffic Signals","","",1332120.96,1681780.41,"13321211681780"
"2017-7299-27/05/2021","2 Metropolitan","GLENSIDE","5065","CITY OF BURNSIDE",3,1,0,0,1,2017,"July","Thursday","05:30 pm","060","Divided Road","Straight road","Level","Not Applicable","Sealed","Dry","Not Raining","Night","Rear End","01","Driver Rider","2: MI","No Control","","",1330709.24,1668437.91,"13307091668438"
"2017-7300-27/05/2021","2 Metropolitan","FITZROY","5082","CITY OF PROSPECT",2,1,0,0,1,2017,"July","Thursday","05:30 pm","060","Cross Road","Straight road","Bottom of Hill","Not Applicable","Sealed","Dry","Not Raining","Night","Rear End","02","Driver Rider","2: MI","Traffic Signals","","",1327513.27,1673636.83,"13275131673637"
"2017-7301-27/05/2021","2 Metropolitan","MORPHETT VALE","5162","CITY OF ONKAPARINGA",2,0,0,0,0,2017,"July","Thursday","04:40 pm","060","Divided Road","Straight road","Level","Not Applicable","Sealed","Dry","Not Raining","Daylight","Rear End","02","Driver Rider","1: PDO","No Control","","",1320483.75,1648684.18,"13204841648684"
"2017-7302-27/05/2021","2 Metropolitan","HACKNEY","5069","CC OF NORWOOD,PAYNEHAM & ST PETERS",2,0,0,0,0,2017,"July","Thursday","01:50 pm","040","Divided Road","Straight road","Level","Roadworks","Sealed","Dry","Not Raining","Daylight","Side Swipe","01","Driver Rider","1: PDO","No Control","","",1329876.3,1671385.06,"13298761671385"
"2017-7303-27/05/2021","2 Metropolitan","MOUNT BARKER","5251","DC MT.BARKER.                 ",2,0,0,0,0,2017,"July","Tuesday","10:10 pm","050","T-Junction","Straight road","Level","Not Applicable","Sealed","Dry","Not Raining","Night","Right Angle","02","Driver Rider","1: PDO","Give Way Sign","","",1351554.74,1654042.51,"13515551654043"
"2017-7304-27/05/2021","2 Metropolitan","PARK HOLME","5043","CC MARION.                    ",2,0,0,0,0,2017,"July","Thursday","07:35 pm","060","Divided Road","CURVED, VIEW OPEN","Level","Driveway or Entrance","Sealed","Dry","Not Raining","Night","Right Angle","02","Driver Rider","1: PDO","No Control","","",1324160.66,1663207.61,"13241611663208"
"2017-7305-27/05/2021","2 Metropolitan","KURRALTA PARK","5037","CITY OF WEST TORRENS",2,0,0,0,0,2017,"July","Thursday","09:30 pm","060","Cross Road","Straight road","Level","Bridge, Culvert, Causeway","Sealed","Dry","Not Raining","Night","Right Turn","02","Driver Rider","1: PDO","Traffic Signals","","",1325778.61,1667717.09,"13257791667717"
"2017-7306-27/05/2021","2 Metropolitan","BUGLE RANGES","5251","DC MT.BARKER.                 ",2,0,0,0,0,2017,"July","Friday","02:40 pm","100","T-Junction","Straight road","Level","Not Applicable","Sealed","Dry","Not Raining","Daylight","Rear End","02","Driver Rider","1: PDO","No Control","","",1353593.72,1645257,"13535941645257"
"2017-7307-27/05/2021","3 Country","TAILEM BEND","5260","COORONG DISTRICT COUNCIL",2,0,0,0,0,2017,"July","Thursday","10:00 pm","110","T-Junction","Straight road","Level","Not Applicable","Sealed","Dry","Not Raining","Night","Rear End","02","Driver Rider","1: PDO","Give Way Sign","","",1407576.64,1627670.1,"14075771627670"
"2017-7308-27/05/2021","2 Metropolitan","EVANSTON SOUTH","5116","CT GAWLER.                    ",2,0,0,0,0,2017,"July","Friday","02:53 am","090","Cross Road","Straight road","Level","Not Applicable","Sealed","Dry","Not Raining","Night","Hit Fixed Object","01","Driver Rider","1: PDO","Traffic Signals","","",1340943.52,1701990.7,"13409441701991"
"2017-7309-27/05/2021","3 Country","KEPPOCH","5271","DC NARACOORTE & LUCINDALE.",2,0,0,0,0,2017,"July","Friday","04:00 am","110","Not Divided","Straight road","Level","Not Applicable","Sealed","Dry","Not Raining","Night","Hit Fixed Object","01","Driver Rider","1: PDO","No Control","","",1501040.53,1463422.72,"15010411463423"
"2017-7310-27/05/2021","2 Metropolitan","MARDEN","5070","CC OF NORWOOD,PAYNEHAM & ST PETERS",2,1,0,0,1,2017,"July","Thursday","10:58 am","060","Divided Road","Straight road","Slope","Not Applicable","Sealed","Dry","Not Raining","Daylight","Rear End","02","Driver Rider","2: MI","No Control","","",1332108.87,1673857.62,"13321091673858"
"2017-7311-27/05/2021","2 Metropolitan","PASADENA","5042","CC MITCHAM.                   ",2,1,0,0,1,2017,"July","Friday","08:50 am","060","T-Junction","Straight road","Slope","Not Applicable","Sealed","Dry","Not Raining","Daylight","Rear End","01","Driver Rider","2: MI","No Control","","",1326967.98,1661520.26,"13269681661520"
"2017-7312-27/05/2021","2 Metropolitan","CHRISTIES BEACH","5165","CITY OF ONKAPARINGA",2,0,0,0,0,2017,"July","Friday","08:15 am","050","Not Divided","Straight road","Level","Not Applicable","Sealed","Dry","Not Raining","Daylight","Hit Parked Vehicle","01","Driver Rider","1: PDO","No Control","","",1316906.84,1648108.13,"13169071648108"
"2017-7313-27/05/2021","3 Country","PORT LINCOLN","5606","CC PT.LINCOLN.                ",2,1,0,1,0,2017,"July","Tuesday","10:58 am","050","Not Divided","Straight road","Level","Not Applicable","Sealed","Wet","Not Raining","Daylight","Hit Pedestrian","02","Driver Rider","3: SI","No Control","","",1078903.77,1698219.46,"10789041698219"
"2017-7314-27/05/2021","2 Metropolitan","CHELTENHAM","5014","CITY OF CHARLES STURT",2,0,0,0,0,2017,"July","Thursday","04:15 pm","060","Not Divided","Straight road","Level","Not Applicable","Sealed","Dry","Not Raining","Daylight","Side Swipe","02","Driver Rider","1: PDO","No Control","","",1322265.02,1677673.11,"13222651677673"
"2017-7315-27/05/2021","2 Metropolitan","GREENACRES","5086","CITY OF PORT ADELAIDE ENFIELD",2,1,0,0,1,2017,"July","Thursday","08:50 pm","060","T-Junction","Straight road","Level","Driveway or Entrance","Sealed","Dry","Not Raining","Night","Rear End","02","Driver Rider","2: MI","No Control","","",1330436.68,1676934.85,"13304371676935"
"2017-7316-27/05/2021","2 Metropolitan","FULHAM GARDENS","5024","CITY OF CHARLES STURT",2,1,0,1,0,2017,"July","Friday","07:35 am","060","Divided Road","Straight road","Level","Median Opening (not at I/S)","Sealed","Dry","Not Raining","Daylight","Rear End","01","Driver Rider","3: SI","No Control","","",1320167.01,1673058.93,"13201671673059"
"2017-7317-27/05/2021","2 Metropolitan","HALLETT COVE","5158","CC MARION.                    ",2,0,0,0,0,2017,"July","Thursday","05:30 pm","080","T-Junction","Straight road","Level","Not Applicable","Sealed","Dry","Not Raining","Night","Side Swipe","01","Driver Rider","1: PDO","Traffic Signals","","",1320547.62,1654071.98,"13205481654072"
"2017-7318-27/05/2021","3 Country","POMPOOTA","5238","MID MURRAY DISTRICT COUNCIL",2,0,0,0,0,2017,"July","Friday","10:40 am","100","Not Divided","CURVED, VIEW OPEN","Slope","Not Applicable","Sealed","Dry","Not Raining","Daylight","Hit Fixed Object","01","Driver Rider","1: PDO","No Control","","",1398425.91,1661182.32,"13984261661182"
"2017-7319-27/05/2021","2 Metropolitan","KENSINGTON GARDENS","5068","CITY OF BURNSIDE",2,0,0,0,0,2017,"July","Friday","10:45 am","060","Cross Road","Straight road","Level","Not Applicable","Sealed","Dry","Not Raining","Daylight","Right Angle","01","Driver Rider","1: PDO","Give Way Sign","","",1334505.64,1671138.67,"13345061671139"
"2017-7320-27/05/2021","3 Country","MOUNT GAMBIER","5290","CC MT.GAMBIER.                ",2,0,0,0,0,2017,"July","Friday","09:30 am","050","Not Divided","Straight road","Crest of Hill","Not Applicable","Sealed","Dry","Not Raining","Daylight","Hit Parked Vehicle","01","Driver Rider","1: PDO","No Control","","",1509443.96,1341718.33,"15094441341718"
"2017-7321-27/05/2021","3 Country","STRATHALBYN","5255","ALEXANDRINA COUNCIL",2,1,0,1,0,2017,"July","Friday","11:14 am","080","Not Divided","Straight road","Level","Not Applicable","Sealed","Dry","Not Raining","Daylight","Hit Fixed Object","01","Driver Rider","3: SI","No Control","","",1351866.1,1637694.86,"13518661637695"
"2017-7322-27/05/2021","2 Metropolitan","TWO WELLS","5501","DC MALLALA.                   ",2,1,0,0,1,2017,"July","Friday","12:28 pm","110","T-Junction","Straight road","Level","Not Applicable","Sealed","Dry","Not Raining","Daylight","Right Angle","02","Driver Rider","2: MI","Give Way Sign","","",1321397.01,1707669.72,"13213971707670"
"2017-7323-27/05/2021","2 Metropolitan","SALISBURY EAST","5109","CITY OF SALISBURY",2,2,0,0,2,2017,"July","Friday","02:00 pm","080","Divided Road","Straight road","Level","Not Applicable","Sealed","Dry","Not Raining","Daylight","Rear End","02","Driver Rider","2: MI","No Control","","",1333542.99,1685680.22,"13335431685680"
"2017-7324-27/05/2021","2 Metropolitan","ST MARYS","5042","CC MITCHAM.                   ",2,1,0,0,1,2017,"July","Friday","12:30 pm","060","T-Junction","Straight road","Level","Not Applicable","Sealed","Dry","Not Raining","Daylight","Right Angle","01","Driver Rider","2: MI","No Control","","",1325966.77,1663096.2,"13259671663096"
"2017-7325-27/05/2021","2 Metropolitan","PORT NOARLUNGA","5167","CITY OF ONKAPARINGA",2,0,0,0,0,2017,"July","Friday","12:15 pm","060","Not Divided","Straight road","Slope","Not Applicable","Sealed","Dry","Not Raining","Daylight","Side Swipe","02","Driver Rider","1: PDO","No Control","","",1316937.94,1646597.9,"13169381646598"
"2017-7326-27/05/2021","3 Country","SNOWTOWN","5520","WAKEFIELD REGIONAL COUNCIL",2,1,0,0,1,2017,"July","Friday","05:30 am","110","Not Divided","CURVED, VIEW OBSCURED","Level","Not Applicable","Sealed","Dry","Not Raining","Night","Roll Over","01","Driver Rider","2: MI","No Control","Y","Y",1297125.28,1807792.61,"12971251807793"
"2017-7327-27/05/2021","2 Metropolitan","LEAWOOD GARDENS","5150","CC MITCHAM.                   ",1,1,0,0,1,2017,"July","Friday","02:45 pm","100","Ramp Off","Straight road","Slope","Not Applicable","Sealed","Dry","Not Raining","Daylight","Roll Over","01","Driver Rider","2: MI","No Control","","",1333800.12,1665576.06,"13338001665576"
"2017-7328-27/05/2021","2 Metropolitan","WILLASTON","5118","CT GAWLER.                    ",2,1,0,0,1,2017,"July","Thursday","01:30 pm","050","Cross Road","Straight road","Slope","Not Applicable","Sealed","Dry","Not Raining","Daylight","Right Angle","02","Driver Rider","2: MI","Give Way Sign","","",1342865.64,1707524.88,"13428661707525"
"2017-7329-27/05/2021","2 Metropolitan","SALISBURY DOWNS","5108","CITY OF SALISBURY",2,1,0,0,1,2017,"July","Friday","04:27 pm","060","T-Junction","Straight road","Level","Not Applicable","Sealed","Dry","Not Raining","Daylight","Rear End","01","Driver Rider","2: MI","No Control","","",1331535.05,1686923.1,"13315351686923"
"2017-7330-27/05/2021","2 Metropolitan","VIRGINIA","5120","CITY OF PLAYFORD.",2,1,0,0,1,2017,"July","Friday","03:45 pm","080","Cross Road","Straight road","Level","Not Applicable","Sealed","Dry","Not Raining","Daylight","Right Angle","02","Driver Rider","2: MI","Give Way Sign","","",1327795.16,1698211.19,"13277951698211"
"2017-7331-27/05/2021","2 Metropolitan","PARALOWIE","5108","CITY OF SALISBURY",2,2,0,0,2,2017,"July","Friday","04:36 pm","090","Divided Road","Straight road","Level","Not Applicable","Sealed","Dry","Not Raining","Daylight","Rear End","02","Driver Rider","2: MI","No Control","","",1328427.48,1688817.33,"13284271688817"
"2017-7332-27/05/2021","2 Metropolitan","WOODVILLE NORTH","5012","CITY OF CHARLES STURT",2,1,0,0,1,2017,"July","Friday","04:35 pm","060","Cross Road","Straight road","Level","Not Applicable","Sealed","Dry","Not Raining","Daylight","Hit Pedestrian","01","Driver Rider","2: MI","Traffic Signals","","",1323961.84,1676737.94,"13239621676738"
"2017-7333-27/05/2021","2 Metropolitan","SEAFORD RISE","5169","CITY OF ONKAPARINGA",2,0,0,0,0,2017,"July","Friday","03:33 pm","060","Cross Road","Straight road","Level","Not Applicable","Sealed","Dry","Not Raining","Daylight","Right Turn","02","Driver Rider","1: PDO","Traffic Signals","","",1316386.82,1641371.18,"13163871641371"
"2017-7334-27/05/2021","2 Metropolitan","OLD NOARLUNGA","5168","CITY OF ONKAPARINGA",2,0,0,0,0,2017,"July","Friday","04:20 pm","060","Divided Road","Straight road","Slope","Not Applicable","Sealed","Dry","Not Raining","Daylight","Rear End","02","Driver Rider","1: PDO","No Control","","",1318037.1,1642740.91,"13180371642741"
"2017-7335-27/05/2021","2 Metropolitan","SEACLIFF PARK","5049","CITY OF HOLDFAST BAY",2,0,0,0,0,2017,"July","Friday","03:45 pm","060","Cross Road","Straight road","Slope","Not Applicable","Sealed","Dry","Not Raining","Daylight","Right Angle","02","Driver Rider","1: PDO","Give Way Sign","","",1321197.69,1658904.98,"13211981658905"
"2017-7336-27/05/2021","2 Metropolitan","HAPPY VALLEY","5159","CITY OF ONKAPARINGA",2,0,0,0,0,2017,"July","Friday","05:25 pm","080","Divided Road","CURVED, VIEW OPEN","Slope","Not Applicable","Sealed","Dry","Not Raining","Daylight","Rear End","02","Driver Rider","1: PDO","No Control","","",1324364.78,1656172.64,"13243651656173"
"2017-7337-27/05/2021","2 Metropolitan","WATERLOO CORNER","5110","CITY OF PLAYFORD.",2,0,0,0,0,2017,"July","Friday","06:22 pm","090","Divided Road","Straight road","Level","Not Applicable","Sealed","Dry","Not Raining","Night","Rear End","02","Driver Rider","1: PDO","No Control","","",1326913.36,1694895.08,"13269131694895"
"2017-7338-27/05/2021","2 Metropolitan","ELIZABETH GROVE","5112","CITY OF PLAYFORD.",5,4,0,0,4,2017,"July","Friday","06:42 pm","080","Divided Road","Straight road","Level","Not Applicable","Sealed","Dry","Not Raining","Night","Rear End","01","Driver Rider","2: MI","No Control","","",1336115.42,1691652.28,"13361151691652"
"2017-7339-27/05/2021","2 Metropolitan","NOARLUNGA CENTRE","5168","CITY OF ONKAPARINGA",2,0,0,0,0,2017,"July","Friday","04:25 pm","060","T-Junction","Straight road","Level","Not Applicable","Sealed","Dry","Not Raining","Daylight","Right Turn","02","Driver Rider","1: PDO","Traffic Signals","","",1318788.81,1647471.6,"13187891647472"
"2017-7340-27/05/2021","3 Country","COOMBE","5267","COORONG DISTRICT COUNCIL",2,0,0,0,0,2017,"July","Friday","04:00 pm","110","Not Divided","Straight road","Level","Not Applicable","Sealed","Dry","Not Raining","Daylight","Head On","02","Driver Rider","1: PDO","No Control","","",1474334.63,1545888.75,"14743351545889"
"2017-7341-27/05/2021","2 Metropolitan","TRINITY GARDENS","5068","CC OF NORWOOD,PAYNEHAM & ST PETERS",3,0,0,0,0,2017,"July","Friday","04:04 pm","060","Divided Road","Straight road","Level","Not Applicable","Sealed","Dry","Not Raining","Daylight","Rear End","01","Driver Rider","1: PDO","No Control","","",1332231.21,1671885.83,"13322311671886"
"2017-7342-27/05/2021","2 Metropolitan","BOLIVAR","5110","CITY OF SALISBURY",3,0,0,0,0,2017,"July","Friday","03:30 pm","090","Divided Road","Straight road","Level","Not Applicable","Sealed","Dry","Not Raining","Daylight","Rear End","02","Driver Rider","1: PDO","No Control","","",1328099.45,1690080.55,"13280991690081"
"2017-7343-27/05/2021","2 Metropolitan","STONYFELL","5066","CITY OF BURNSIDE",2,0,0,0,0,2017,"July","Friday","04:11 pm","060","T-Junction","Straight road","Level","Not Applicable","Sealed","Dry","Not Raining","Daylight","Rear End","02","Driver Rider","1: PDO","No Control","","",1334724.01,1669803.13,"13347241669803"
"2017-7344-27/05/2021","2 Metropolitan","ELIZABETH GROVE","5112","CITY OF PLAYFORD.",2,0,0,0,0,2017,"July","Friday","07:45 pm","080","Divided Road","Straight road","Level","Not Applicable","Sealed","Dry","Not Raining","Night","Rear End","02","Driver Rider","1: PDO","No Control","","",1336103.83,1692062.66,"13361041692063"
"2017-7345-27/05/2021","2 Metropolitan","PARAFIELD GARDENS","5107","CITY OF SALISBURY",2,2,0,0,2,2017,"July","Friday","05:50 pm","060","T-Junction","Straight road","Level","Not Applicable","Sealed","Dry","Not Raining","Night","Right Turn","01","Driver Rider","2: MI","Give Way Sign","","",1331251.48,1686564.31,"13312511686564"
"2017-7346-27/05/2021","2 Metropolitan","ASCOT PARK","5043","CC MARION.                    ",2,1,0,0,1,2017,"July","Friday","06:42 pm","050","Not Divided","Straight road","Level","Not Applicable","Sealed","Dry","Not Raining","Night","Hit Parked Vehicle","01","Driver Rider","2: MI","No Control","","",1324567.45,1663400.57,"13245671663401"
"2017-7347-27/05/2021","2 Metropolitan","PENNINGTON","5013","CITY OF PORT ADELAIDE ENFIELD",2,0,0,0,0,2017,"July","Friday","07:10 pm","060","Divided Road","Straight road","Level","Not Applicable","Sealed","Dry","Not Raining","Night","Side Swipe","02","Driver Rider","1: PDO","No Control","","",1322544.76,1679121.22,"13225451679121"
"2017-7348-27/05/2021","1 City","NORTH ADELAIDE","5006","CITY OF ADELAIDE",2,1,0,0,1,2017,"July","Friday","06:40 pm","050","Cross Road","Straight road","Level","Not Applicable","Sealed","Dry","Not Raining","Night","Rear End","02","Driver Rider","2: MI","Give Way Sign","","",1327749.39,1672926.51,"13277491672927"
"2017-7349-27/05/2021","2 Metropolitan","POORAKA","5095","CITY OF SALISBURY",3,0,0,0,0,2017,"July","Friday","06:15 pm","070","Cross Road","Straight road","Level","Not Applicable","Sealed","Dry","Not Raining","Night","Rear End","02","Driver Rider","1: PDO","Traffic Signals","","",1330499.62,1681832.25,"13305001681832"
"2017-7350-27/05/2021","2 Metropolitan","HILLBANK","5112","CITY OF PLAYFORD.",2,0,0,0,0,2017,"July","Friday","08:27 pm","060","Not Divided","Straight road","Level","Not Applicable","Sealed","Dry","Not Raining","Night","Hit Fixed Object","01","Driver Rider","1: PDO","No Control","Y","",1336424.72,1689688.52,"13364251689689"
"2017-7351-27/05/2021","3 Country","BAROOTA","5495","DC MT.REMARKABLE.             ",1,0,0,0,0,2017,"July","Friday","07:05 pm","110","Not Divided","Straight road","Level","Not Applicable","Sealed","Dry","Not Raining","Night","Left Road - Out of Control","01","Driver Rider","1: PDO","No Control","","",1278252.47,1893129.02,"12782521893129"
"2017-7352-27/05/2021","2 Metropolitan","HILLIER","5116","CITY OF PLAYFORD.",1,0,0,0,0,2017,"July","Friday","08:00 pm","090","Not Divided","Straight road","Level","Not Applicable","Sealed","Dry","Not Raining","Night","Roll Over","01","Driver Rider","1: PDO","No Control","Y","",1336583.34,1702548.16,"13365831702548"
"2017-7353-27/05/2021","2 Metropolitan","TOTNESS","5250","DC MT.BARKER.                 ",2,0,0,0,0,2017,"July","Friday","05:35 pm","080","Cross Road","Straight road","Level","Not Applicable","Sealed","Dry","Not Raining","Night","Right Turn","02","Driver Rider","1: PDO","Traffic Signals","","",1350984.56,1655305.14,"13509851655305"
"2017-7354-27/05/2021","2 Metropolitan","SALISBURY DOWNS","5108","CITY OF SALISBURY",2,0,0,0,0,2017,"July","Friday","11:00 pm","060","Not Divided","Straight road","Level","Not Applicable","Sealed","Dry","Not Raining","Night","Hit Fixed Object","01","Driver Rider","1: PDO","No Control","","",1332228.44,1687371.12,"13322281687371"
"2017-7355-27/05/2021","2 Metropolitan","GREEN FIELDS","5107","CITY OF SALISBURY",2,0,0,0,0,2017,"July","Friday","04:30 pm","050","Not Divided","Straight road","Level","Driveway or Entrance","Sealed","Dry","Not Raining","Daylight","Right Angle","02","Driver Rider","1: PDO","No Control","","",1329264.48,1685397.67,"13292641685398"
"2017-7356-27/05/2021","3 Country","AUBURN","5451","CLARE AND GILBERT VALLEYS DISTRICT COUNCIL",1,1,0,0,1,2017,"July","Friday","02:35 pm","100","Not Divided","CURVED, VIEW OPEN","Level","Not Applicable","Sealed","Dry","Not Raining","Daylight","Roll Over","01","Driver Rider","2: MI","No Control","","",1339522.15,1768471.95,"13395221768472"
"2017-7357-27/05/2021","2 Metropolitan","MOUNT GEORGE","5155","THE ADELAIDE HILLS COUNCIL",3,0,0,0,0,2017,"July","Friday","07:15 pm","110","Freeway","Straight road","Level","Not Applicable","Sealed","Dry","Not Raining","Night","Other","02","Driver Rider","1: PDO","No Control","","",1343483.16,1661440.8,"13434831661441"
"2017-7358-27/05/2021","2 Metropolitan","RICHMOND","5033","CITY OF WEST TORRENS",2,0,0,0,0,2017,"July","Saturday","06:30 am","060","Multiple","CURVED, VIEW OPEN","Level","Not Applicable","Sealed","Dry","Not Raining","Night","Rear End","02","Driver Rider","1: PDO","Traffic Signals","","",1325784.87,1669462.42,"13257851669462"
"2017-7359-27/05/2021","2 Metropolitan","HEWETT","5118","LIGHT REGIONAL COUNCIL",2,0,0,0,0,2017,"July","Saturday","12:00 pm","080","T-Junction","Straight road","Level","Not Applicable","Sealed","Dry","Not Raining","Daylight","Right Turn","02","Driver Rider","1: PDO","Give Way Sign","","",1343223.02,1709324.57,"13432231709325"
"2017-7360-27/05/2021","2 Metropolitan","SUMMERTOWN","5141","THE ADELAIDE HILLS COUNCIL",1,0,0,0,0,2017,"July","Saturday","11:30 am","080","Not Divided","CURVED, VIEW OPEN","Slope","Not Applicable","Sealed","Dry","Not Raining","Daylight","Roll Over","01","Driver Rider","1: PDO","No Control","","",1339254.92,1667239.35,"13392551667239"
"2017-7361-27/05/2021","2 Metropolitan","ANGLE VALE","5117","CITY OF PLAYFORD.",2,1,0,0,1,2017,"July","Saturday","01:55 pm","110","Ramp Off","CURVED, VIEW OPEN","Slope","Not Applicable","Sealed","Dry","Not Raining","Daylight","Hit Fixed Object","01","Driver Rider","2: MI","No Control","","",1335924.03,1702401.5,"13359241702402"
"2017-7362-27/05/2021","2 Metropolitan","PLYMPTON","5038","CITY OF WEST TORRENS",2,1,0,0,1,2017,"July","Friday","05:00 pm","060","T-Junction","Straight road","Level","Not Applicable","Sealed","Dry","Not Raining","Daylight","Side Swipe","02","Driver Rider","2: MI","No Control","","",1324746.14,1666938.17,"13247461666938"
"2017-7363-27/05/2021","2 Metropolitan","MILE END","5031","CITY OF WEST TORRENS",2,1,0,0,1,2017,"July","Friday","06:34 pm","050","T-Junction","Straight road","Level","Not Applicable","Sealed","Dry","Not Raining","Night","Right Turn","01","Driver Rider","2: MI","No Control","","",1325466.99,1670975.64,"13254671670976"
"2017-7364-27/05/2021","2 Metropolitan","STURT","5047","CC MARION.                    ",2,0,0,0,0,2017,"July","Saturday","01:30 pm","060","Cross Road","Straight road","Level","Not Applicable","Sealed","Dry","Not Raining","Daylight","Rear End","01","Driver Rider","1: PDO","Traffic Signals","","",1324420.13,1660669.19,"13244201660669"
"2017-7365-27/05/2021","2 Metropolitan","PAYNEHAM","5070","CC OF NORWOOD,PAYNEHAM & ST PETERS",3,0,0,0,0,2017,"July","Saturday","01:27 pm","050","Cross Road","Straight road","Level","Not Applicable","Sealed","Dry","Not Raining","Daylight","Right Angle","02","Driver Rider","1: PDO","Stop Sign","","",1332733.34,1673383.67,"13327331673384"
"2017-7366-27/05/2021","2 Metropolitan","BOWDEN","5007","CITY OF CHARLES STURT",2,0,0,0,0,2017,"July","Friday","06:15 pm","050","Cross Road","Straight road","Level","Not Applicable","Sealed","Dry","Not Raining","Night","Right Angle","02","Driver Rider","1: PDO","No Control","","",1326489.86,1672950.14,"13264901672950"
"2017-7367-27/05/2021","2 Metropolitan","NORWOOD","5067","CC OF NORWOOD,PAYNEHAM & ST PETERS",2,0,0,0,0,2017,"July","Friday","04:45 pm","060","Cross Road","Straight road","Level","Not Applicable","Sealed","Dry","Not Raining","Daylight","Right Angle","02","Driver Rider","1: PDO","Stop Sign","","",1331874.28,1670398.69,"13318741670399"
"2017-7368-27/05/2021","2 Metropolitan","TORRENSVILLE","5031","CITY OF WEST TORRENS",2,0,0,0,0,2017,"July","Saturday","01:45 pm","060","Cross Road","Straight road","Level","Not Applicable","Sealed","Dry","Not Raining","Daylight","Right Turn","02","Driver Rider","1: PDO","Traffic Signals","","",1325746.75,1670993.57,"13257471670994"
"2017-7369-27/05/2021","2 Metropolitan","GAWLER EAST","5118","CT GAWLER.                    ",2,0,0,0,0,2017,"July","Saturday","03:30 pm","050","Not Divided","Straight road","Level","Not Applicable","Sealed","Dry","Not Raining","Daylight","Hit Parked Vehicle","01","Driver Rider","1: PDO","No Control","Y","",1344282.62,1705876.28,"13442831705876"
"2017-7370-27/05/2021","2 Metropolitan","HALLETT COVE","5158","CC MARION.                    ",3,2,0,0,2,2017,"July","Saturday","04:40 pm","060","Not Divided","Straight road","Level","Not Applicable","Sealed","Dry","Not Raining","Daylight","Rear End","01","Driver Rider","2: MI","No Control","","",1319398.9,1655529.51,"13193991655530"
"2017-7371-27/05/2021","1 City","NORTH ADELAIDE","5006","CITY OF ADELAIDE",2,0,0,0,0,2017,"July","Saturday","03:00 pm","060","Not Divided","CURVED, VIEW OPEN","Level","Not Applicable","Sealed","Dry","Not Raining","Daylight","Hit Parked Vehicle","02","Driver Rider","1: PDO","No Control","","",1327531.98,1671721.99,"13275321671722"
"2017-7372-27/05/2021","2 Metropolitan","WINGFIELD","5013","CITY OF PORT ADELAIDE ENFIELD",2,1,0,0,1,2017,"July","Saturday","01:30 pm","090","Freeway","Straight road","Level","Not Applicable","Sealed","Dry","Not Raining","Daylight","Hit Fixed Object","01","Driver Rider","2: MI","No Control","","",1323589.65,1681016.76,"13235901681017"
"2017-7373-27/05/2021","2 Metropolitan","BLAIR ATHOL","5084","CITY OF PORT ADELAIDE ENFIELD",2,1,0,0,1,2017,"July","Friday","09:30 pm","050","T-Junction","Straight road","Level","Not Applicable","Sealed","Dry","Not Raining","Night","Right Turn","02","Driver Rider","2: MI","No Control","","",1327998.08,1679147.48,"13279981679147"
"2017-7374-27/05/2021","2 Metropolitan","CAVAN","5094","CITY OF SALISBURY",2,1,0,0,1,2017,"July","Saturday","06:35 pm","080","Divided Road","Straight road","Level","Not Applicable","Sealed","Dry","Not Raining","Night","Rear End","02","Driver Rider","2: MI","No Control","","",1328727.2,1682067.52,"13287271682068"
"2017-7375-27/05/2021","2 Metropolitan","ALBERTON","5014","CITY OF PORT ADELAIDE ENFIELD",2,0,0,0,0,2017,"July","Saturday","07:01 pm","050","Not Divided","Straight road","Level","Not Applicable","Sealed","Dry","Not Raining","Night","Hit Parked Vehicle","01","Driver Rider","1: PDO","No Control","Y","",1321301,1678323.32,"13213011678323"