"REPORT_ID","Stats Area","Suburb","Postcode","LGA Name","Total Units","Total Cas","Total Fats","Total SI","Total MI","Year","Month","Day","Time","Area Speed","Position Type","Horizontal Align","Vertical Align","Other Feat","Road Surface","Moisture Cond","Weather Cond","DayNight","Crash Type","Unit Resp","Entity Code","CSEF Severity","Traffic Ctrls","DUI Involved","Drugs Involved","ACCLOC_X","ACCLOC_Y","UNIQUE_LOC"
"2017-8591-27/05/2021","3 Country","TUMBY BAY","5605","DC TUMBY BAY.                 ",2,2,0,0,2,2017,"August","Friday","08:45 am","110","Cross Road","Straight road","Level","Not Applicable","Sealed","Dry","Not Raining","Daylight","Right Angle","02","Driver Rider","2: MI","Give Way Sign","","",1099842.11,1739020.81,"10998421739021"
"2017-8592-27/05/2021","3 Country","WILLIAMSTOWN","5351","THE BAROSSA COUNCIL.",1,3,0,0,3,2017,"August","Friday","12:30 pm","100","Not Divided","CURVED, VIEW OBSCURED","Level","Not Applicable","Sealed","Dry","Not Raining","Daylight","Roll Over","01","Driver Rider","2: MI","No Control","","",1359307.3,1697665.42,"13593071697665"
"2017-8593-27/05/2021","3 Country","KORUNYE","5502","DC MALLALA.                   ",3,0,0,0,0,2017,"August","Friday","08:45 am","100","Rail Crossing","CURVED, VIEW OBSCURED","Level","Not Applicable","Sealed","Dry","Not Raining","Daylight","Hit Fixed Object","01","Driver Rider","1: PDO","Rail Xing - Boom","","",1321802.81,1716771.11,"13218031716771"
"2017-8594-27/05/2021","3 Country","ARKAROOLA","5732",,1,1,0,0,1,2017,"August","Friday","12:10 pm","100","Not Divided","CURVED, VIEW OBSCURED","Crest of Hill","Not Applicable","Unsealed","Dry","Not Raining","Daylight","Roll Over","01","Driver Rider","2: MI","No Control","","",1419587.94,2172157.2,"14195882172157"
"2017-8595-27/05/2021","3 Country","WHYALLA","5600","CC WHYALLA.                   ",2,0,0,0,0,2017,"August","Friday","01:50 pm","050","T-Junction","CURVED, VIEW OPEN","Slope","Not Applicable","Sealed","Dry","Not Raining","Daylight","Rear End","01","Driver Rider","1: PDO","Give Way Sign","Y","",1241107.27,1882159.05,"12411071882159"
"2017-8596-27/05/2021","2 Metropolitan","GEPPS CROSS","5094","CITY OF PORT ADELAIDE ENFIELD",2,0,0,0,0,2017,"August","Thursday","05:10 pm","060","Cross Road","Straight road","Level","Not Applicable","Sealed","Dry","Not Raining","Daylight","Rear End","02","Driver Rider","1: PDO","Traffic Signals","","",1330377.17,1679315.41,"13303771679315"
"2017-8597-27/05/2021","2 Metropolitan","MITCHELL PARK","5043","CC MARION.                    ",2,0,0,0,0,2017,"August","Friday","02:55 pm","060","Divided Road","Straight road","Level","Not Applicable","Sealed","Dry","Not Raining","Daylight","Rear End","01","Driver Rider","1: PDO","No Control","","",1324376.66,1661661.27,"13243771661661"
"2017-8598-27/05/2021","2 Metropolitan","TATACHILLA","5171","CITY OF ONKAPARINGA",2,1,0,0,1,2017,"August","Friday","03:30 pm","040","Not Divided","Straight road","Level","Not Applicable","Sealed","Dry","Not Raining","Daylight","Rear End","02","Driver Rider","2: MI","No Control","","",1317691.42,1636682.14,"13176911636682"
"2017-8599-27/05/2021","2 Metropolitan","MACDONALD PARK","5121","CITY OF PLAYFORD.",2,0,0,0,0,2017,"August","Friday","04:25 pm","110","Freeway","Straight road","Level","Not Applicable","Sealed","Dry","Not Raining","Daylight","Hit Fixed Object","01","Driver Rider","1: PDO","No Control","","",1334010.77,1698301.3,"13340111698301"
"2017-8600-27/05/2021","3 Country","MURRAY BRIDGE","5253","RC MURRAY BRIDGE.             ",2,0,0,0,0,2017,"August","Friday","02:25 pm","060","T-Junction","Straight road","Level","Not Applicable","Sealed","Dry","Not Raining","Daylight","Rear End","02","Driver Rider","1: PDO","No Control","","",1387877.91,1645783.32,"13878781645783"
"2017-8601-27/05/2021","2 Metropolitan","KENT TOWN","5067","CC OF NORWOOD,PAYNEHAM & ST PETERS",2,0,0,0,0,2017,"August","Friday","04:35 pm","060","T-Junction","Straight road","Level","Not Applicable","Sealed","Dry","Not Raining","Daylight","Side Swipe","02","Driver Rider","1: PDO","Roundabout","","",1330555.43,1670400.29,"13305551670400"
"2017-8602-27/05/2021","2 Metropolitan","NORWOOD","5067","CC OF NORWOOD,PAYNEHAM & ST PETERS",2,1,0,0,1,2017,"August","Thursday","05:06 pm","060","Multiple","Straight road","Level","Not Applicable","Sealed","Dry","Not Raining","Daylight","Right Turn","01","Driver Rider","2: MI","Traffic Signals","","",1330628.16,1671038.76,"13306281671039"
"2017-8603-27/05/2021","2 Metropolitan","PARKSIDE","5063","CITY OF UNLEY",2,0,0,0,0,2017,"August","Friday","03:15 pm","060","Cross Road","Straight road","Level","Not Applicable","Sealed","Dry","Not Raining","Daylight","Rear End","02","Driver Rider","1: PDO","Traffic Signals","","",1330707.08,1668319.59,"13307071668320"
"2017-8604-27/05/2021","2 Metropolitan","WOODVILLE NORTH","5012","CITY OF CHARLES STURT",2,0,0,0,0,2017,"August","Friday","05:10 pm","050","T-Junction","Straight road","Level","Not Applicable","Sealed","Dry","Not Raining","Daylight","Hit Parked Vehicle","01","Driver Rider","1: PDO","No Control","","",1323537.88,1677467.42,"13235381677467"
"2017-8605-27/05/2021","2 Metropolitan","GAWLER SOUTH","5118","CT GAWLER.                    ",2,0,0,0,0,2017,"August","Friday","03:30 pm","050","Cross Road","Straight road","Level","Not Applicable","Sealed","Dry","Not Raining","Daylight","Right Angle","01","Driver Rider","1: PDO","Give Way Sign","","",1343145.18,1705472.23,"13431451705472"
"2017-8606-27/05/2021","2 Metropolitan","BEVERLEY","5009","CITY OF CHARLES STURT",2,0,0,0,0,2017,"August","Friday","08:00 pm","050","Not Divided","Straight road","Level","Not Applicable","Sealed","Dry","Not Raining","Night","Hit Fixed Object","01","Driver Rider","1: PDO","No Control","","",1323530.74,1674678.57,"13235311674679"
"2017-8607-27/05/2021","2 Metropolitan","HALLETT COVE","5158","CC MARION.                    ",2,0,0,0,0,2017,"August","Friday","06:21 pm","050","T-Junction","Straight road","Bottom of Hill","Not Applicable","Sealed","Dry","Not Raining","Night","Hit Fixed Object","01","Driver Rider","1: PDO","Roundabout","","",1319173.16,1653367.22,"13191731653367"
"2017-8608-27/05/2021","2 Metropolitan","KANGARILLA","5157","DC MT.BARKER.                 ",2,2,0,0,2,2017,"August","Friday","04:50 pm","080","Not Divided","CURVED, VIEW OBSCURED","Slope","Not Applicable","Unsealed","Dry","Not Raining","Daylight","Head On","02","Driver Rider","2: MI","No Control","","",1338437.15,1646555.99,"13384371646556"
"2017-8609-27/05/2021","3 Country","HAYBOROUGH","5211","DC VICTOR HARBOR.             ",1,0,0,0,0,2017,"August","Friday","08:30 pm","060","Not Divided","Straight road","Slope","Driveway or Entrance","Sealed","Dry","Not Raining","Night","Left Road - Out of Control","01","Driver Rider","1: PDO","No Control","","",1329771.56,1602970.78,"13297721602971"
"2017-8610-27/05/2021","2 Metropolitan","DAVOREN PARK","5113","CITY OF PLAYFORD.",2,0,0,0,0,2017,"August","Saturday","02:23 am","040","Divided Road","Straight road","Level","Roadworks","Sealed","Dry","Not Raining","Night","Hit Fixed Object","01","Driver Rider","1: PDO","No Control","","",1335318.03,1695472.23,"13353181695472"
"2017-8611-27/05/2021","1 City","NORTH ADELAIDE","5006","CITY OF ADELAIDE",2,1,0,1,0,2017,"August","Saturday","01:50 am","050","Not Divided","Straight road","Level","Not Applicable","Sealed","Dry","Not Raining","Night","Hit Pedestrian","02","Pedestrian","3: SI","No Control","Y","",1329141.98,1672664.05,"13291421672664"
"2017-8612-27/05/2021","1 City","ADELAIDE","5000","CITY OF ADELAIDE",3,1,0,1,0,2017,"August","Saturday","01:51 am","050","Divided Road","Straight road","Level","Not Applicable","Sealed","Dry","Not Raining","Night","Hit Fixed Object","01","Driver Rider","3: SI","No Control","","",1328394.22,1670826.67,"13283941670827"
"2017-8613-27/05/2021","2 Metropolitan","MCLAREN VALE","5171","CITY OF ONKAPARINGA",2,0,0,0,0,2017,"August","Friday","11:00 pm","080","Cross Road","Straight road","Level","Not Applicable","Sealed","Dry","Not Raining","Night","Hit Fixed Object","01","Driver Rider","1: PDO","Give Way Sign","","",1322188.53,1641792.06,"13221891641792"
"2017-8614-27/05/2021","3 Country","WHYALLA NORRIE","5608","CC WHYALLA.                   ",1,0,0,0,0,2017,"August","Saturday","01:10 am","060","T-Junction","Straight road","Level","Not Applicable","Sealed","Dry","Not Raining","Night","Roll Over","01","Driver Rider","1: PDO","Give Way Sign","Y","",1237946.37,1884486.6,"12379461884487"
"2017-8615-27/05/2021","2 Metropolitan","SEMAPHORE","5019","CITY OF PORT ADELAIDE ENFIELD",2,0,0,0,0,2017,"August","Friday","02:35 pm","050","Divided Road","Straight road","Level","Not Applicable","Sealed","Dry","Not Raining","Daylight","Rear End","02","Driver Rider","1: PDO","No Control","","",1318425.86,1680582.27,"13184261680582"
"2017-8616-27/05/2021","3 Country","YACKA","5470","NORTHERN AREAS DISTRICT COUNCIL",2,0,0,0,0,2017,"August","Friday","05:00 pm","110","Not Divided","Straight road","Level","Not Applicable","Sealed","Dry","Not Raining","Daylight","Hit Fixed Object","09","Other","1: PDO","No Control","","",1319289.65,1827244.7,"13192901827245"
"2017-8617-27/05/2021","2 Metropolitan","SOUTH PLYMPTON","5038","CC MARION.                    ",2,1,0,0,1,2017,"August","Friday","09:15 pm","060","Divided Road","Straight road","Level","Not Applicable","Sealed","Dry","Not Raining","Night","Rear End","02","Driver Rider","2: MI","No Control","","",1324716.58,1666123.73,"13247171666124"
"2017-8618-27/05/2021","3 Country","PORT LINCOLN","5606","CC PT.LINCOLN.                ",2,0,0,0,0,2017,"August","Friday","08:25 pm","050","Not Divided","Straight road","Level","Not Applicable","Sealed","Dry","Unknown","Night","Hit Fixed Object","01","Driver Rider","1: PDO","No Control","","",1078210.81,1696391.61,"10782111696392"
"2017-8619-27/05/2021","2 Metropolitan","VALE PARK","5081","WALKERVILLE TOWN COUNCIL",2,1,0,0,1,2017,"August","Saturday","10:15 am","060","Divided Road","Straight road","Slope","Not Applicable","Sealed","Dry","Not Raining","Daylight","Rear End","02","Driver Rider","2: MI","No Control","","",1330702.67,1675397.15,"13307031675397"
"2017-8620-27/05/2021","2 Metropolitan","MODBURY","5092","CITY OF TEA TREE GULLY",2,0,0,0,0,2017,"August","Saturday","09:15 am","060","T-Junction","Straight road","Level","Not Applicable","Sealed","Dry","Not Raining","Daylight","Right Turn","01","Driver Rider","1: PDO","Traffic Signals","","",1337056.82,1680951.37,"13370571680951"
"2017-8621-27/05/2021","2 Metropolitan","NOARLUNGA DOWNS","5168","CITY OF ONKAPARINGA",2,0,0,0,0,2017,"August","Saturday","11:50 am","060","Divided Road","Straight road","Level","Driveway or Entrance","Sealed","Dry","Not Raining","Daylight","Right Angle","02","Driver Rider","1: PDO","No Control","","",1318141.08,1646799.61,"13181411646800"
"2017-8622-27/05/2021","2 Metropolitan","GLENELG EAST","5045","CC MARION.                    ",2,0,0,0,0,2017,"August","Saturday","11:33 am","060","Rail Crossing","Straight road","Level","Not Applicable","Sealed","Dry","Not Raining","Daylight","Hit Fixed Object","01","Driver Rider","1: PDO","Rail Xing-Traffic Signals","","",1322639.15,1665298.11,"13226391665298"
"2017-8623-27/05/2021","1 City","NORTH ADELAIDE","5006","CITY OF ADELAIDE",2,0,0,0,0,2017,"August","Saturday","10:50 am","060","Not Divided","Straight road","Level","Not Applicable","Sealed","Dry","Not Raining","Daylight","Rear End","01","Driver Rider","1: PDO","No Control","","",1327643.4,1673310.33,"13276431673310"
"2017-8624-27/05/2021","2 Metropolitan","TONSLEY","5042","CC MARION.                    ",2,0,0,0,0,2017,"August","Saturday","06:00 am","070","Not Divided","Straight road","Level","Driveway or Entrance","Sealed","Dry","Not Raining","Night","Rear End","02","Driver Rider","1: PDO","No Control","","",1325895.55,1661196.53,"13258961661197"
"2017-8625-27/05/2021","2 Metropolitan","TORRENS PARK","5062","CC MITCHAM.                   ",2,0,0,0,0,2017,"August","Friday","04:00 pm","060","T-Junction","Straight road","Level","Not Applicable","Sealed","Dry","Not Raining","Daylight","Right Angle","02","Driver Rider","1: PDO","Traffic Signals","","",1329171.51,1665029.05,"13291721665029"
"2017-8626-27/05/2021","2 Metropolitan","SOUTH PLYMPTON","5038","CC MARION.                    ",2,1,0,0,1,2017,"August","Friday","05:30 pm","060","T-Junction","Straight road","Level","Not Applicable","Sealed","Dry","Not Raining","Daylight","Hit Fixed Object","01","Driver Rider","2: MI","No Control","","",1324517.49,1666118.42,"13245171666118"
"2017-8627-27/05/2021","2 Metropolitan","PARALOWIE","5108","CITY OF SALISBURY",2,0,0,0,0,2017,"August","Saturday","04:00 pm","060","Not Divided","Straight road","Level","Not Applicable","Sealed","Dry","Not Raining","Daylight","Hit Fixed Object","01","Driver Rider","1: PDO","No Control","","",1329082.22,1689460.86,"13290821689461"
"2017-8628-27/05/2021","2 Metropolitan","TEA TREE GULLY","5091","CITY OF TEA TREE GULLY",3,1,0,0,1,2017,"August","Saturday","02:40 pm","060","Not Divided","CURVED, VIEW OPEN","Slope","Driveway or Entrance","Sealed","Dry","Not Raining","Daylight","Rear End","01","Driver Rider","2: MI","No Control","","",1340916.59,1681772.55,"13409171681773"
"2017-8629-27/05/2021","2 Metropolitan","KESWICK","5035","CITY OF WEST TORRENS",2,0,0,0,0,2017,"August","Friday","06:45 pm","060","Cross Road","Straight road","Level","Not Applicable","Sealed","Dry","Not Raining","Night","Right Angle","02","Driver Rider","1: PDO","Traffic Signals","","",1325798.69,1668947.66,"13257991668948"
"2017-8630-27/05/2021","3 Country","MILLICENT","5280","WATTLE RANGE COUNCIL",2,1,0,0,1,2017,"August","Saturday","04:15 pm","100","Not Divided","CURVED, VIEW OBSCURED","Level","Not Applicable","Unsealed","Wet","Raining","Daylight","Hit Fixed Object","01","Driver Rider","2: MI","No Control","Y","",1467348.24,1368300.72,"14673481368301"
"2017-8631-27/05/2021","2 Metropolitan","ELIZABETH NORTH","5113","CITY OF PLAYFORD.",2,1,0,0,1,2017,"August","Saturday","03:35 pm","050","Not Divided","Straight road","Level","Driveway or Entrance","Sealed","Dry","Not Raining","Daylight","Hit Fixed Object","01","Driver Rider","2: MI","No Control","","",1336214.11,1695399.81,"13362141695400"
"2017-8632-27/05/2021","2 Metropolitan","FIRLE","5070","CC OF NORWOOD,PAYNEHAM & ST PETERS",2,1,0,0,1,2017,"August","Friday","08:30 am","050","Not Divided","Straight road","Level","Not Applicable","Sealed","Dry","Not Raining","Daylight","Rear End","02","Driver Rider","2: MI","No Control","","",1333382.07,1672545.41,"13333821672545"
"2017-8633-27/05/2021","2 Metropolitan","SEAVIEW DOWNS","5049","CC MARION.                    ",3,0,0,0,0,2017,"August","Saturday","06:00 am","060","Divided Road","Straight road","Slope","Not Applicable","Sealed","Dry","Not Raining","Night","Hit Fixed Object","01","Driver Rider","1: PDO","No Control","","",1322820.64,1659192.59,"13228211659193"
"2017-8634-27/05/2021","2 Metropolitan","MAWSON LAKES","5095","CITY OF SALISBURY",2,0,0,0,0,2017,"August","Saturday","03:35 pm","050","Cross Road","Straight road","Level","Not Applicable","Sealed","Dry","Not Raining","Daylight","Hit Fixed Object","01","Driver Rider","1: PDO","Traffic Signals","Y","",1330496.17,1683915.05,"13304961683915"
"2017-8635-27/05/2021","2 Metropolitan","MUNNO PARA WEST","5115","CITY OF PLAYFORD.",3,0,0,0,0,2017,"August","Saturday","07:39 pm","060","Not Divided","Straight road","Level","Not Applicable","Sealed","Dry","Not Raining","Night","Hit Pedestrian","01","Pedestrian","1: PDO","No Control","","",1336227.24,1698941.59,"13362271698942"
"2017-8636-27/05/2021","2 Metropolitan","GOODWOOD","5034","CITY OF UNLEY",2,0,0,0,0,2017,"August","Saturday","06:30 pm","050","Not Divided","Straight road","Level","Not Applicable","Sealed","Dry","Not Raining","Night","Hit Fixed Object","01","Driver Rider","1: PDO","No Control","","",1327193.63,1667618.22,"13271941667618"
"2017-8637-27/05/2021","2 Metropolitan","ELIZABETH","5112","CITY OF PLAYFORD.",3,0,0,0,0,2017,"August","Saturday","08:45 pm","060","T-Junction","Straight road","Level","Not Applicable","Sealed","Dry","Not Raining","Night","Right Angle","01","Driver Rider","1: PDO","Traffic Signals","","",1335586.91,1693041.55,"13355871693042"
"2017-8638-27/05/2021","3 Country","WALLAROO","5556","COPPER COAST DISTRICT COUNCIL",2,1,0,0,1,2017,"August","Saturday","06:10 pm","050","Cross Road","Straight road","Level","Not Applicable","Sealed","Dry","Not Raining","Night","Hit Fixed Object","01","Driver Rider","2: MI","Give Way Sign","","",1241976.35,1783003.23,"12419761783003"
"2017-8639-27/05/2021","2 Metropolitan","VALE PARK","5081","WALKERVILLE TOWN COUNCIL",2,0,0,0,0,2017,"August","Sunday","01:50 am","050","Not Divided","Straight road","Level","Not Applicable","Sealed","Dry","Not Raining","Night","Hit Fixed Object","01","Driver Rider","1: PDO","No Control","","",1330723.08,1674866.4,"13307231674866"
"2017-8640-27/05/2021","2 Metropolitan","EDWARDSTOWN","5039","CC MARION.                    ",2,0,0,0,0,2017,"August","Sunday","05:40 am","050","Not Divided","Straight road","Level","Driveway or Entrance","Sealed","Wet","Not Raining","Night","Hit Fixed Object","01","Driver Rider","1: PDO","No Control","","",1325806.11,1664783.72,"13258061664784"
"2017-8641-27/05/2021","2 Metropolitan","KESWICK TERMINAL","5035","CITY OF WEST TORRENS",2,1,0,0,1,2017,"August","Sunday","07:30 am","060","Cross Road","Straight road","Level","Not Applicable","Sealed","Dry","Not Raining","Daylight","Right Turn","01","Driver Rider","2: MI","Traffic Signals","","",1326431.95,1668966.24,"13264321668966"
"2017-8642-27/05/2021","2 Metropolitan","MUNNO PARA","5115","CITY OF PLAYFORD.",2,0,0,0,0,2017,"August","Saturday","11:00 am","060","Cross Road","Straight road","Level","Not Applicable","Sealed","Dry","Not Raining","Daylight","Rear End","02","Driver Rider","1: PDO","Traffic Signals","","",1336692.66,1698550.18,"13366931698550"
"2017-8643-27/05/2021","1 City","NORTH ADELAIDE","5006","CITY OF ADELAIDE",2,0,0,0,0,2017,"August","Saturday","04:00 pm","050","Not Divided","Straight road","Level","Not Applicable","Sealed","Dry","Not Raining","Daylight","Side Swipe","02","Driver Rider","1: PDO","No Control","","",1328625.56,1672187.54,"13286261672188"
"2017-8644-27/05/2021","2 Metropolitan","MORPHETT VALE","5162","CITY OF ONKAPARINGA",1,1,0,0,1,2017,"July","Monday","04:30 pm","060","Not Divided","Straight road","Slope","Not Applicable","Sealed","Dry","Not Raining","Daylight","Roll Over","01","Driver Rider","2: MI","No Control","","",1321054.21,1649865.62,"13210541649866"
"2017-8645-27/05/2021","1 City","ADELAIDE","5000","CITY OF ADELAIDE",2,1,0,0,1,2017,"August","Sunday","09:58 am","050","Cross Road","Straight road","Level","Not Applicable","Sealed","Dry","Not Raining","Daylight","Right Angle","01","Driver Rider","2: MI","Traffic Signals","","",1329607.71,1669605.79,"13296081669606"
"2017-8646-27/05/2021","2 Metropolitan","SEMAPHORE","5019","CITY OF PORT ADELAIDE ENFIELD",2,0,0,0,0,2017,"August","Sunday","10:45 am","060","T-Junction","Straight road","Level","Not Applicable","Sealed","Dry","Not Raining","Daylight","Right Turn","01","Driver Rider","1: PDO","No Control","","",1318251.92,1680707.53,"13182521680708"
"2017-8647-27/05/2021","2 Metropolitan","GREEN FIELDS","5107","CITY OF SALISBURY",2,0,0,0,0,2017,"August","Sunday","10:30 am","070","T-Junction","Straight road","Level","Not Applicable","Sealed","Dry","Not Raining","Daylight","Right Angle","01","Driver Rider","1: PDO","No Control","","",1329681.88,1684597.96,"13296821684598"
"2017-8648-27/05/2021","2 Metropolitan","NAIRNE","5252","DC MT.BARKER.                 ",2,2,0,0,2,2017,"August","Sunday","11:41 am","050","T-Junction","Straight road","Slope","Not Applicable","Sealed","Wet","Raining","Daylight","Right Angle","01","Driver Rider","2: MI","No Control","","",1355685.88,1657389.27,"13556861657389"
"2017-8649-27/05/2021","3 Country","YORKETOWN","5576","YORKE PENINSULA COUNCIL",1,0,0,0,0,2017,"August","Saturday","12:27 pm","100","Not Divided","CURVED, VIEW OBSCURED","Crest of Hill","Not Applicable","Sealed","Wet","Raining","Daylight","Left Road - Out of Control","01","Driver Rider","1: PDO","No Control","","",1239208.45,1661442.91,"12392081661443"
"2017-8650-27/05/2021","2 Metropolitan","WAYVILLE","5034","CITY OF UNLEY",2,0,0,0,0,2017,"August","Sunday","11:50 am","060","Cross Road","Straight road","Level","Not Applicable","Sealed","Dry","Not Raining","Daylight","Hit Fixed Object","01","Driver Rider","1: PDO","Stop Sign","","",1327432.21,1668782.52,"13274321668783"
"2017-8651-27/05/2021","2 Metropolitan","ADELAIDE AIRPORT","5950","CITY OF WEST TORRENS",2,1,0,0,1,2017,"August","Sunday","08:15 am","050","Cross Road","Straight road","Level","Not Applicable","Sealed","Dry","Not Raining","Daylight","Side Swipe","02","Driver Rider","2: MI","Roundabout","","",1322516.26,1669812.8,"13225161669813"
"2017-8652-27/05/2021","2 Metropolitan","NOVAR GARDENS","5040","CITY OF WEST TORRENS",2,0,0,0,0,2017,"August","Saturday","10:30 pm","060","Not Divided","Straight road","Level","Not Applicable","Sealed","Dry","Not Raining","Night","Hit Fixed Object","01","Driver Rider","1: PDO","No Control","","",1322603.01,1666601.29,"13226031666601"
"2017-8653-27/05/2021","2 Metropolitan","SEATON","5023","CITY OF CHARLES STURT",2,0,0,0,0,2017,"August","Sunday","01:55 pm","060","Not Divided","Straight road","Level","Not Applicable","Sealed","Dry","Not Raining","Daylight","Hit Parked Vehicle","01","Driver Rider","1: PDO","No Control","","",1321177.78,1674695.01,"13211781674695"
"2017-8654-27/05/2021","2 Metropolitan","WINGFIELD","5013","CITY OF PORT ADELAIDE ENFIELD",1,0,0,0,0,2017,"August","Friday","06:40 pm","060","Cross Road","Straight road","Level","Not Applicable","Sealed","Dry","Not Raining","Night","Roll Over","09","Other","1: PDO","Traffic Signals","","",1325526.71,1679203.7,"13255271679204"
"2017-8655-27/05/2021","3 Country","MOUNT COMPASS","5210","ALEXANDRINA COUNCIL",4,1,0,0,1,2017,"August","Saturday","08:45 pm","060","Not Divided","Straight road","Slope","Not Applicable","Sealed","Dry","Not Raining","Night","Hit Parked Vehicle","01","Driver Rider","2: MI","No Control","Y","",1328849.46,1623490.8,"13288491623491"
"2017-8656-27/05/2021","3 Country","WARNERTOWN","5540","PT.PIRIE CITY & DIST. COUNCIL ",1,0,0,0,0,2017,"August","Sunday","02:30 pm","110","T-Junction","Straight road","Level","Not Applicable","Sealed","Dry","Not Raining","Daylight","Left Road - Out of Control","01","Driver Rider","1: PDO","No Control","","",1288822.05,1860694.84,"12888221860695"
"2017-8657-27/05/2021","3 Country","HINKS","5603","DC TUMBY BAY.                 ",2,1,0,1,0,2017,"August","Sunday","11:04 am","100","Not Divided","CURVED, VIEW OPEN","Level","Not Applicable","Unsealed","Unknown","Unknown","Daylight","Hit Fixed Object","01","Driver Rider","3: SI","No Control","","",1081493.89,1777759.93,"10814941777760"
"2017-8658-27/05/2021","2 Metropolitan","HIGHBURY","5089","CITY OF TEA TREE GULLY",2,1,0,0,1,2017,"August","Sunday","03:25 pm","060","Divided Road","Straight road","Slope","Not Applicable","Sealed","Dry","Not Raining","Daylight","Rear End","02","Driver Rider","2: MI","No Control","","",1337826.61,1678397.02,"13378271678397"
"2017-8659-27/05/2021","2 Metropolitan","ANDREWS FARM","5114","CITY OF PLAYFORD.",2,2,1,0,1,2017,"August","Sunday","03:30 pm","050","T-Junction","Straight road","Level","Not Applicable","Sealed","Dry","Not Raining","Daylight","Right Turn","02","Driver Rider","4: Fatal","No Control","","",1334601.94,1697530.38,"13346021697530"
"2017-8660-27/05/2021","2 Metropolitan","PARA HILLS","5096","CITY OF SALISBURY",2,1,0,0,1,2017,"August","Sunday","04:10 pm","060","T-Junction","Straight road","Level","Not Applicable","Sealed","Dry","Not Raining","Daylight","Right Angle","02","Driver Rider","2: MI","Roundabout","","",1334460.86,1682400.51,"13344611682401"
"2017-8661-27/05/2021","2 Metropolitan","KALBEEBA","5118","THE BAROSSA COUNCIL.",1,0,0,0,0,2017,"August","Sunday","06:30 am","080","Not Divided","CURVED, VIEW OBSCURED","Slope","Not Applicable","Unsealed","Dry","Not Raining","Night","Left Road - Out of Control","01","Driver Rider","1: PDO","No Control","","",1348084.7,1703551.32,"13480851703551"
"2017-8662-27/05/2021","2 Metropolitan","FELIXSTOW","5070","CC OF NORWOOD,PAYNEHAM & ST PETERS",2,0,0,0,0,2017,"August","Saturday","02:00 pm","050","Cross Road","Straight road","Level","Not Applicable","Sealed","Dry","Not Raining","Daylight","Hit Fixed Object","01","Driver Rider","1: PDO","Give Way Sign","","",1333247.39,1674519.76,"13332471674520"
"2017-8663-27/05/2021","2 Metropolitan","HOLDEN HILL","5088","CITY OF PORT ADELAIDE ENFIELD",2,0,0,0,0,2017,"August","Sunday","04:30 pm","060","Divided Road","Straight road","Level","Not Applicable","Sealed","Dry","Not Raining","Daylight","Rear End","01","Driver Rider","1: PDO","No Control","","",1334130.47,1678272.36,"13341301678272"
"2017-8664-27/05/2021","2 Metropolitan","DERNANCOURT","5075","CITY OF TEA TREE GULLY",3,0,0,0,0,2017,"August","Sunday","05:40 pm","060","Divided Road","Straight road","Slope","Not Applicable","Sealed","Dry","Not Raining","Daylight","Rear End","01","Driver Rider","1: PDO","No Control","","",1336469.22,1677655.23,"13364691677655"
"2017-8665-27/05/2021","2 Metropolitan","ROSEWATER","5013","CITY OF PORT ADELAIDE ENFIELD",3,0,0,0,0,2017,"August","Sunday","03:54 pm","050","Not Divided","Straight road","Level","Not Applicable","Sealed","Dry","Not Raining","Daylight","Hit Fixed Object","01","Driver Rider","1: PDO","No Control","Y","",1321752.63,1679327.68,"13217531679328"
"2017-8666-27/05/2021","2 Metropolitan","HAPPY VALLEY","5159","CITY OF ONKAPARINGA",2,1,0,0,1,2017,"August","Sunday","07:45 pm","080","Not Divided","CURVED, VIEW OPEN","Level","Not Applicable","Sealed","Dry","Not Raining","Night","Head On","02","Driver Rider","2: MI","No Control","Y","",1326422.66,1654084.28,"13264231654084"
"2017-8667-27/05/2021","2 Metropolitan","WOODSIDE","5244","THE ADELAIDE HILLS COUNCIL",2,0,0,0,0,2017,"August","Sunday","08:31 pm","100","Not Divided","CURVED, VIEW OPEN","Slope","Not Applicable","Sealed","Dry","Not Raining","Night","Hit Fixed Object","01","Driver Rider","1: PDO","No Control","Y","",1356388.79,1666132.35,"13563891666132"
"2017-8668-27/05/2021","3 Country","BERRI","5343","THE BERRI BARMERA COUNCIL",1,0,0,0,0,2017,"August","Sunday","08:50 pm","060","Not Divided","CURVED, VIEW OPEN","Level","Not Applicable","Sealed","Dry","Not Raining","Night","Roll Over","01","Driver Rider","1: PDO","No Control","","",1517028.58,1734109.48,"15170291734109"
"2017-8669-27/05/2021","2 Metropolitan","NAIRNE","5252","DC MT.BARKER.                 ",2,1,1,0,0,2017,"August","Sunday","03:10 pm","080","Not Divided","Straight road","Slope","Not Applicable","Sealed","Dry","Not Raining","Daylight","Hit Fixed Object","01","Driver Rider","4: Fatal","No Control","","",1354818.99,1656459.3,"13548191656459"
"2017-8670-27/05/2021","2 Metropolitan","HENLEY BEACH SOUTH","5022","CITY OF CHARLES STURT",2,0,0,0,0,2017,"August","Sunday","11:00 pm","050","Divided Road","Straight road","Level","Not Applicable","Sealed","Dry","Not Raining","Night","Hit Fixed Object","01","Driver Rider","1: PDO","No Control","","",1319425.4,1671009.98,"13194251671010"
"2017-8671-27/05/2021","2 Metropolitan","ENFIELD","5085","CITY OF PORT ADELAIDE ENFIELD",3,0,0,0,0,2017,"August","Sunday","12:00 pm","060","Divided Road","Straight road","Level","Not Applicable","Sealed","Dry","Not Raining","Daylight","Rear End","01","Driver Rider","1: PDO","No Control","","",1329095.91,1676447.42,"13290961676447"