"REPORT_ID","Stats Area","Suburb","Postcode","LGA Name","Total Units","Total Cas","Total Fats","Total SI","Total MI","Year","Month","Day","Time","Area Speed","Position Type","Horizontal Align","Vertical Align","Other Feat","Road Surface","Moisture Cond","Weather Cond","DayNight","Crash Type","Unit Resp","Entity Code","CSEF Severity","Traffic Ctrls","DUI Involved","Drugs Involved","ACCLOC_X","ACCLOC_Y","UNIQUE_LOC"
"2017-9155-27/05/2021","2 Metropolitan","BROADVIEW","5083","CITY OF PORT ADELAIDE ENFIELD",3,0,0,0,0,2017,"September","Friday","07:50 pm","060","Divided Road","Straight road","Level","Not Applicable","Sealed","Dry","Not Raining","Night","Hit Parked Vehicle","01","Driver Rider","1: PDO","No Control","","",1330083.57,1676464.24,"13300841676464"
"2017-9156-27/05/2021","2 Metropolitan","SMITHFIELD","5114","CITY OF PLAYFORD.",2,0,0,0,0,2017,"September","Thursday","01:30 pm","050","Not Divided","Straight road","Level","Driveway or Entrance","Sealed","Dry","Not Raining","Daylight","Rear End","02","Driver Rider","1: PDO","No Control","","",1337620.07,1697522.86,"13376201697523"
"2017-9157-27/05/2021","1 City","ADELAIDE","5000","CITY OF ADELAIDE",2,0,0,0,0,2017,"September","Friday","03:30 pm","050","Cross Road","Straight road","Level","Not Applicable","Sealed","Dry","Not Raining","Daylight","Right Turn","01","Driver Rider","1: PDO","Traffic Signals","","",1329056.26,1669586.88,"13290561669587"
"2017-9158-27/05/2021","2 Metropolitan","NORWOOD","5067","CC OF NORWOOD,PAYNEHAM & ST PETERS",2,0,0,0,0,2017,"September","Saturday","02:39 pm","050","Cross Road","Straight road","Level","Not Applicable","Sealed","Dry","Not Raining","Daylight","Right Angle","02","Driver Rider","1: PDO","Stop Sign","","",1332053.13,1671082.87,"13320531671083"
"2017-9159-27/05/2021","2 Metropolitan","HALLETT COVE","5158","CC MARION.                    ",2,0,0,0,0,2017,"September","Friday","06:18 pm","050","T-Junction","Straight road","Crest of Hill","Not Applicable","Sealed","Dry","Not Raining","Night","Hit Fixed Object","01","Driver Rider","1: PDO","No Control","","",1319969,1654128.56,"13199691654129"
"2017-9160-27/05/2021","2 Metropolitan","MYLOR","5153","THE ADELAIDE HILLS COUNCIL",2,0,0,0,0,2017,"September","Saturday","09:15 am","080","Not Divided","Straight road","Slope","Not Applicable","Sealed","Dry","Not Raining","Daylight","Hit Fixed Object","01","Driver Rider","1: PDO","No Control","","",1342506.25,1656417.78,"13425061656418"
"2017-9161-27/05/2021","2 Metropolitan","GREENHILL","5140","THE ADELAIDE HILLS COUNCIL",1,1,0,0,1,2017,"September","Saturday","01:45 pm","060","Not Divided","CURVED, VIEW OPEN","Slope","Not Applicable","Sealed","Dry","Not Raining","Daylight","Other","01","Driver Rider","2: MI","No Control","","",1335052.34,1667850.58,"13350521667851"
"2017-9162-27/05/2021","2 Metropolitan","STIRLING","5152","THE ADELAIDE HILLS COUNCIL",2,1,0,0,1,2017,"September","Saturday","03:05 pm","080","Cross Road","Straight road","Slope","Not Applicable","Sealed","Dry","Not Raining","Daylight","Right Angle","01","Driver Rider","2: MI","Give Way Sign","","",1338291.67,1661352.9,"13382921661353"
"2017-9163-27/05/2021","2 Metropolitan","MEDINDIE","5081","WALKERVILLE TOWN COUNCIL",3,1,0,0,1,2017,"September","Saturday","03:45 pm","060","Multiple","Straight road","Level","Not Applicable","Sealed","Dry","Not Raining","Daylight","Right Angle","01","Driver Rider","2: MI","Traffic Signals","","",1329427.23,1673281.86,"13294271673282"
"2017-9164-27/05/2021","2 Metropolitan","NOVAR GARDENS","5040","CITY OF WEST TORRENS",2,1,0,0,1,2017,"September","Saturday","04:05 pm","060","T-Junction","Straight road","Level","Not Applicable","Sealed","Dry","Not Raining","Daylight","Hit Fixed Object","01","Driver Rider","2: MI","No Control","","",1322613.53,1666191.01,"13226141666191"
"2017-9165-27/05/2021","2 Metropolitan","MAGILL","5072","CC CAMPBELLTOWN.              ",2,1,0,0,1,2017,"September","Saturday","05:55 pm","060","T-Junction","Straight road","Level","Not Applicable","Sealed","Dry","Not Raining","Daylight","Right Angle","02","Driver Rider","2: MI","No Control","","",1335456.06,1672873.54,"13354561672874"
"2017-9166-27/05/2021","2 Metropolitan","KENT TOWN","5067","CC OF NORWOOD,PAYNEHAM & ST PETERS",2,1,0,0,1,2017,"September","Thursday","09:15 am","060","Cross Road","Straight road","Level","Not Applicable","Sealed","Dry","Not Raining","Daylight","Rear End","02","Driver Rider","2: MI","Traffic Signals","","",1329936.66,1671050.38,"13299371671050"
"2017-9167-27/05/2021","2 Metropolitan","MARDEN","5070","CC OF NORWOOD,PAYNEHAM & ST PETERS",2,1,0,0,1,2017,"September","Friday","08:50 pm","060","T-Junction","Straight road","Slope","Not Applicable","Sealed","Dry","Not Raining","Night","Right Turn","01","Driver Rider","2: MI","Traffic Signals","","",1332496.75,1673949.58,"13324971673950"
"2017-9168-27/05/2021","2 Metropolitan","FULLARTON","5063","CITY OF UNLEY",2,0,0,0,0,2017,"September","Saturday","07:05 pm","060","Not Divided","Straight road","Level","Not Applicable","Sealed","Dry","Not Raining","Night","Hit Parked Vehicle","01","Driver Rider","1: PDO","No Control","","",1331067.18,1668044.21,"13310671668044"
"2017-9169-27/05/2021","2 Metropolitan","CLELAND","5152","THE ADELAIDE HILLS COUNCIL",2,0,0,0,0,2017,"September","Saturday","07:47 pm","080","Not Divided","CURVED, VIEW OBSCURED","Level","Not Applicable","Sealed","Dry","Not Raining","Night","Hit Fixed Object","01","Driver Rider","1: PDO","No Control","","",1338647.99,1666018.93,"13386481666019"
"2017-9170-27/05/2021","2 Metropolitan","BROADVIEW","5083","CITY OF PROSPECT",2,0,0,0,0,2017,"September","Sunday","12:30 am","060","T-Junction","Straight road","Level","Not Applicable","Sealed","Dry","Not Raining","Night","Hit Fixed Object","01","Driver Rider","1: PDO","Traffic Signals","","",1330480.23,1675204.79,"13304801675205"
"2017-9171-27/05/2021","2 Metropolitan","HARROGATE","5244","DC MT.BARKER.                 ",1,0,0,0,0,2017,"September","Friday","05:15 am","100","Not Divided","CURVED, VIEW OPEN","Slope","Not Applicable","Unsealed","Dry","Not Raining","Night","Roll Over","01","Driver Rider","1: PDO","No Control","","",1367124.76,1661932.8,"13671251661933"
"2017-9172-27/05/2021","3 Country","RENMARK","5341","DC RENMARK PARINGA            ",2,1,0,0,1,2017,"September","Sunday","12:35 am","050","Cross Road","Straight road","Level","Not Applicable","Sealed","Dry","Not Raining","Night","Hit Fixed Object","01","Driver Rider","2: MI","Give Way Sign","Y","",1529121.05,1744874.49,"15291211744874"
"2017-9173-27/05/2021","3 Country","COBDOGLA","5346","THE BERRI BARMERA COUNCIL",3,0,0,0,0,2017,"September","Friday","10:00 pm","100","Not Divided","Straight road","Level","Not Applicable","Sealed","Dry","Not Raining","Night","Hit Animal","02","Animal","1: PDO","No Control","","",1497177.28,1739727.98,"14971771739728"
"2017-9174-27/05/2021","3 Country","WAIKERIE","5330","LOXTON WAIKERIE DISTRICT COUNCIL",2,0,0,0,0,2017,"September","Saturday","01:10 pm","080","Not Divided","Straight road","Level","Not Applicable","Sealed","Dry","Not Raining","Daylight","Hit Fixed Object","01","Driver Rider","1: PDO","No Control","","",1455375.28,1749541.48,"14553751749541"
"2017-9175-27/05/2021","2 Metropolitan","ELIZABETH NORTH","5113","CITY OF PLAYFORD.",2,0,0,0,0,2017,"September","Saturday","12:50 pm","080","Divided Road","Straight road","Level","Not Applicable","Sealed","Dry","Not Raining","Daylight","Hit Fixed Object","01","Driver Rider","1: PDO","No Control","","",1336606.43,1694877.2,"13366061694877"
"2017-9176-27/05/2021","2 Metropolitan","MODBURY NORTH","5092","CITY OF TEA TREE GULLY",2,0,0,0,0,2017,"September","Saturday","11:00 pm","060","Cross Road","CURVED, VIEW OPEN","Level","Not Applicable","Sealed","Dry","Not Raining","Night","Right Angle","02","Driver Rider","1: PDO","Roundabout","","",1335688.29,1681182.79,"13356881681183"
"2017-9177-27/05/2021","2 Metropolitan","WOODVILLE PARK","5011","CITY OF CHARLES STURT",2,1,0,0,1,2017,"September","Sunday","09:30 am","060","Cross Road","Straight road","Level","Not Applicable","Sealed","Dry","Not Raining","Daylight","Hit Pedestrian","02","Pedestrian","2: MI","Give Way Sign","","",1324027.64,1675454.44,"13240281675454"
"2017-9178-27/05/2021","2 Metropolitan","RIDLEYTON","5008","CITY OF CHARLES STURT",2,0,0,0,0,2017,"September","Saturday","12:35 pm","040","Divided Road","Straight road","Level","Roadworks","Sealed","Dry","Not Raining","Daylight","Rear End","02","Driver Rider","1: PDO","No Control","","",1325657.84,1673989.17,"13256581673989"
"2017-9179-27/05/2021","2 Metropolitan","NEWTON","5074","CC CAMPBELLTOWN.              ",2,0,0,0,0,2017,"September","Sunday","10:58 am","060","T-Junction","Straight road","Level","Not Applicable","Sealed","Dry","Not Raining","Daylight","Rear End","01","Driver Rider","1: PDO","No Control","","",1335377.8,1675916.03,"13353781675916"
"2017-9180-27/05/2021","2 Metropolitan","BRIGHTON","5048","CITY OF HOLDFAST BAY",2,0,0,0,0,2017,"September","Saturday","02:40 pm","050","Not Divided","Straight road","Level","Not Applicable","Sealed","Dry","Not Raining","Daylight","Right Angle","02","Driver Rider","1: PDO","No Control","","",1320647.45,1660792.01,"13206471660792"
"2017-9181-27/05/2021","2 Metropolitan","NORTH PLYMPTON","5037","CITY OF WEST TORRENS",3,1,0,0,1,2017,"September","Sunday","10:15 am","060","Divided Road","Straight road","Level","Not Applicable","Sealed","Dry","Not Raining","Daylight","Rear End","01","Driver Rider","2: MI","No Control","","",1324206.18,1667433.38,"13242061667433"
"2017-9182-27/05/2021","2 Metropolitan","MORPHETT VALE","5162","CITY OF ONKAPARINGA",2,0,0,0,0,2017,"September","Saturday","05:00 pm","060","Cross Road","Straight road","Level","Not Applicable","Sealed","Dry","Not Raining","Daylight","Rear End","02","Driver Rider","1: PDO","Traffic Signals","","",1320810.01,1648695.32,"13208101648695"
"2017-9183-27/05/2021","2 Metropolitan","GLENELG","5045","CITY OF HOLDFAST BAY",2,1,0,0,1,2017,"September","Sunday","10:30 am","050","Not Divided","Straight road","Level","Not Applicable","Sealed","Dry","Not Raining","Daylight","Rear End","02","Driver Rider","2: MI","No Control","","",1320808.56,1664502.65,"13208091664503"
"2017-9184-27/05/2021","2 Metropolitan","KILBURN","5084","CITY OF PORT ADELAIDE ENFIELD",2,1,0,0,1,2017,"September","Sunday","12:50 pm","060","Cross Road","Straight road","Level","Not Applicable","Sealed","Dry","Not Raining","Daylight","Hit Pedestrian","02","Pedestrian","2: MI","No Control","","",1327197.5,1678215.09,"13271981678215"
"2017-9185-27/05/2021","2 Metropolitan","SALISBURY","5108","CITY OF SALISBURY",2,1,0,0,1,2017,"September","Friday","07:00 pm","060","T-Junction","Straight road","Level","Not Applicable","Sealed","Dry","Not Raining","Night","Right Turn","02","Driver Rider","2: MI","Stop Sign","","",1333598.3,1688752.7,"13335981688753"
"2017-9186-27/05/2021","2 Metropolitan","PORT ADELAIDE","5015","CITY OF PORT ADELAIDE ENFIELD",2,0,0,0,0,2017,"September","Sunday","01:49 pm","050","Multiple","Straight road","Level","Not Applicable","Sealed","Dry","Not Raining","Daylight","Right Angle","02","Driver Rider","1: PDO","Traffic Signals","","",1319913.15,1679917.94,"13199131679918"
"2017-9187-27/05/2021","2 Metropolitan","GEPPS CROSS","5094","CITY OF PORT ADELAIDE ENFIELD",3,0,0,0,0,2017,"September","Sunday","03:10 pm","060","Divided Road","Straight road","Level","Not Applicable","Sealed","Dry","Not Raining","Daylight","Rear End","02","Driver Rider","1: PDO","No Control","","",1328908.76,1679267.52,"13289091679268"
"2017-9188-27/05/2021","2 Metropolitan","WEST RICHMOND","5033","CITY OF WEST TORRENS",3,2,0,0,2,2017,"September","Sunday","02:30 pm","060","Cross Road","Straight road","Level","Not Applicable","Sealed","Dry","Not Raining","Daylight","Rear End","01","Driver Rider","2: MI","Give Way Sign","","",1324146.49,1669666.33,"13241461669666"
"2017-9189-27/05/2021","3 Country","KUITPO","5201","ALEXANDRINA COUNCIL",2,1,0,0,1,2017,"September","Sunday","02:45 pm","080","Not Divided","CURVED, VIEW OBSCURED","Level","Not Applicable","Unsealed","Dry","Not Raining","Daylight","Head On","01","Driver Rider","2: MI","No Control","","",1333459.98,1638715.06,"13334601638715"
"2017-9190-27/05/2021","1 City","NORTH ADELAIDE","5006","CITY OF ADELAIDE",2,1,0,0,1,2017,"September","Saturday","08:39 pm","050","Cross Road","Straight road","Level","Not Applicable","Sealed","Dry","Not Raining","Night","Right Turn","02","Driver Rider","2: MI","Traffic Signals","","",1329104.9,1672640.89,"13291051672641"
"2017-9191-27/05/2021","3 Country","COORONG","5264","COORONG DISTRICT COUNCIL",1,0,0,0,0,2017,"September","Sunday","04:15 pm","100","Not Divided","Straight road","Level","Not Applicable","Sealed","Dry","Not Raining","Daylight","Left Road - Out of Control","01","Other","1: PDO","No Control","","",1410396.61,1547994.11,"14103971547994"
"2017-9192-27/05/2021","3 Country","SALT CREEK","5264","COORONG DISTRICT COUNCIL",2,0,0,0,0,2017,"September","Sunday","05:30 pm","100","Not Divided","Straight road","Level","Not Applicable","Sealed","Dry","Not Raining","Daylight","Hit Animal","02","Animal","1: PDO","No Control","","",1416923.8,1536170.48,"14169241536170"
"2017-9193-27/05/2021","2 Metropolitan","CAMPBELLTOWN","5074","CC CAMPBELLTOWN.              ",2,1,0,0,1,2017,"September","Sunday","03:25 pm","060","T-Junction","Straight road","Level","Driveway or Entrance","Sealed","Dry","Not Raining","Daylight","Right Turn","02","Driver Rider","2: MI","Traffic Signals","","",1334476.64,1675729.32,"13344771675729"
"2017-9194-27/05/2021","2 Metropolitan","UNLEY","5061","CITY OF UNLEY",2,1,0,0,1,2017,"September","Sunday","05:00 pm","060","Cross Road","Straight road","Level","Not Applicable","Sealed","Dry","Not Raining","Daylight","Rear End","01","Driver Rider","2: MI","Traffic Signals","","",1328494.76,1668964.98,"13284951668965"
"2017-9195-27/05/2021","2 Metropolitan","ST PETERS","5069","CC OF NORWOOD,PAYNEHAM & ST PETERS",2,0,0,0,0,2017,"September","Sunday","06:45 pm","060","Not Divided","Straight road","Level","Not Applicable","Sealed","Dry","Not Raining","Night","Rear End","01","Driver Rider","1: PDO","No Control","","",1331465.76,1672868.51,"13314661672869"
"2017-9196-27/05/2021","3 Country","PAGES FLAT","5172","ALEXANDRINA COUNCIL",2,0,0,0,0,2017,"September","Sunday","03:45 am","100","Not Divided","CURVED, VIEW OBSCURED","Level","Not Applicable","Sealed","Dry","Not Raining","Night","Hit Object on Road","01","Driver Rider","1: PDO","No Control","","",1323412.46,1627147.41,"13234121627147"
"2017-9197-27/05/2021","3 Country","CARAWA","5680","DC CEDUNA                     ",1,2,0,2,0,2017,"September","Sunday","06:34 pm","110","Not Divided","Straight road","Level","Not Applicable","Sealed","Dry","Not Raining","Night","Roll Over","01","Driver Rider","3: SI","No Control","","",930043.43,1965807.08,"09300431965807"
"2017-9198-27/05/2021","2 Metropolitan","ALBERTON","5014","CITY OF PORT ADELAIDE ENFIELD",2,0,0,0,0,2017,"September","Sunday","08:55 pm","060","T-Junction","Straight road","Level","Not Applicable","Sealed","Dry","Not Raining","Night","Hit Fixed Object","01","Driver Rider","1: PDO","No Control","","",1320947.81,1677948.15,"13209481677948"
"2017-9199-27/05/2021","2 Metropolitan","PENFIELD","5121","CITY OF PLAYFORD.",2,0,0,0,0,2017,"September","Sunday","07:06 pm","080","Cross Road","Straight road","Level","Not Applicable","Sealed","Dry","Not Raining","Night","Right Angle","01","Driver Rider","1: PDO","Give Way Sign","","",1333441.32,1696359.08,"13334411696359"
"2017-9200-27/05/2021","2 Metropolitan","NORWOOD","5067","CC OF NORWOOD,PAYNEHAM & ST PETERS",3,1,0,1,0,2017,"September","Sunday","11:50 am","050","T-Junction","Straight road","Level","Not Applicable","Sealed","Dry","Not Raining","Daylight","Right Turn","01","Driver Rider","3: SI","No Control","","",1331953.96,1671070.62,"13319541671071"
"2017-9201-27/05/2021","2 Metropolitan","NORWOOD","5067","CC OF NORWOOD,PAYNEHAM & ST PETERS",2,0,0,0,0,2017,"September","Sunday","12:40 pm","050","T-Junction","Straight road","Level","Not Applicable","Sealed","Dry","Not Raining","Daylight","Rear End","02","Driver Rider","1: PDO","No Control","","",1331953.96,1671070.62,"13319541671071"
"2017-9202-27/05/2021","2 Metropolitan","WELLAND","5007","CITY OF CHARLES STURT",2,0,0,0,0,2017,"September","Monday","08:10 am","060","T-Junction","Straight road","Level","Not Applicable","Sealed","Dry","Not Raining","Daylight","Right Angle","02","Driver Rider","1: PDO","Give Way Sign","","",1324881.94,1673976.81,"13248821673977"
"2017-9203-27/05/2021","2 Metropolitan","REGENCY PARK","5010","CITY OF PORT ADELAIDE ENFIELD",3,0,0,0,0,2017,"September","Monday","08:30 am","060","Divided Road","Straight road","Level","Not Applicable","Sealed","Dry","Not Raining","Daylight","Side Swipe","01","Driver Rider","1: PDO","No Control","","",1326462.67,1679154.27,"13264631679154"
"2017-9204-27/05/2021","2 Metropolitan","EDWARDSTOWN","5039","CC MARION.                    ",2,0,0,0,0,2017,"September","Monday","08:30 am","060","Divided Road","Straight road","Slope","Bridge, Culvert, Causeway","Sealed","Dry","Not Raining","Daylight","Rear End","01","Driver Rider","1: PDO","No Control","","",1325884.97,1665759.37,"13258851665759"
"2017-9205-27/05/2021","2 Metropolitan","FINDON","5023","CITY OF CHARLES STURT",2,0,0,0,0,2017,"July","Wednesday","09:00 am","060","Divided Road","Straight road","Level","Not Applicable","Sealed","Wet","Not Raining","Daylight","Rear End","02","Driver Rider","1: PDO","No Control","","",1322384.12,1674553.6,"13223841674554"
"2017-9206-27/05/2021","2 Metropolitan","WOODVILLE WEST","5011","CITY OF CHARLES STURT",2,0,0,0,0,2017,"September","Sunday","06:30 pm","060","Multiple","Straight road","Level","Not Applicable","Sealed","Dry","Not Raining","Night","Right Turn","01","Driver Rider","1: PDO","Traffic Signals","","",1322387.2,1676199.15,"13223871676199"
"2017-9207-27/05/2021","2 Metropolitan","NORTH BRIGHTON","5048","CITY OF HOLDFAST BAY",2,1,0,0,1,2017,"September","Monday","09:35 am","060","Divided Road","Straight road","Level","Not Applicable","Sealed","Dry","Not Raining","Daylight","Hit Parked Vehicle","01","Driver Rider","2: MI","No Control","","",1321101.28,1662166.59,"13211011662167"
"2017-9208-27/05/2021","2 Metropolitan","TATACHILLA","5171","CITY OF ONKAPARINGA",2,0,0,0,0,2017,"September","Monday","10:30 am","100","Not Divided","Straight road","Level","Not Applicable","Sealed","Dry","Not Raining","Daylight","Side Swipe","02","Driver Rider","1: PDO","No Control","","",1320543.44,1637850.2,"13205431637850"
"2017-9209-27/05/2021","2 Metropolitan","EDWARDSTOWN","5039","CC MARION.                    ",2,0,0,0,0,2017,"September","Friday","08:00 pm","050","Not Divided","Straight road","Level","Not Applicable","Sealed","Dry","Not Raining","Night","Hit Fixed Object","01","Driver Rider","1: PDO","No Control","","",1325357.09,1665909.19,"13253571665909"
"2017-9210-27/05/2021","3 Country","GOOLWA","5214","ALEXANDRINA COUNCIL",2,0,0,0,0,2017,"September","Friday","11:35 am","050","Not Divided","Straight road","Level","Not Applicable","Sealed","Dry","Not Raining","Daylight","Hit Pedestrian","02","Pedestrian","1: PDO","No Control","","",1342957.92,1606281.14,"13429581606281"
"2017-9211-27/05/2021","3 Country","BAGOT WELL","5373","LIGHT REGIONAL COUNCIL",1,1,0,1,0,2017,"September","Monday","10:55 am","100","Not Divided","Straight road","Level","Not Applicable","Sealed","Dry","Not Raining","Daylight","Roll Over","01","Driver Rider","3: SI","No Control","","",1367968.64,1740126.72,"13679691740127"
"2017-9212-27/05/2021","2 Metropolitan","BEVERLEY","5009","CITY OF CHARLES STURT",2,0,0,0,0,2017,"September","Monday","10:56 am","060","Divided Road","Straight road","Unknown","Not Applicable","Sealed","Dry","Not Raining","Daylight","Side Swipe","02","Driver Rider","1: PDO","No Control","","",1324159.85,1674545.8,"13241601674546"
"2017-9213-27/05/2021","2 Metropolitan","PARA HILLS WEST","5096","CITY OF SALISBURY",3,2,0,0,2,2017,"September","Monday","11:35 am","060","Divided Road","Straight road","Level","Not Applicable","Sealed","Dry","Not Raining","Daylight","Rear End","01","Driver Rider","2: MI","No Control","","",1333793.12,1684138.08,"13337931684138"
"2017-9214-27/05/2021","3 Country","STOCKWELL","5355","THE BAROSSA COUNCIL.",2,0,0,0,0,2017,"September","Thursday","01:45 pm","080","Not Divided","Straight road","Level","Driveway or Entrance","Unsealed","Dry","Not Raining","Daylight","Hit Fixed Object","01","Driver Rider","1: PDO","No Control","","",1369754.21,1722551.57,"13697541722552"
"2017-9215-27/05/2021","2 Metropolitan","FULHAM GARDENS","5024","CITY OF CHARLES STURT",2,0,0,0,0,2017,"September","Monday","02:00 pm","060","Divided Road","Straight road","Level","Not Applicable","Sealed","Dry","Not Raining","Daylight","Side Swipe","01","Driver Rider","1: PDO","No Control","","",1320682.91,1672548.06,"13206831672548"
"2017-9216-27/05/2021","2 Metropolitan","WOODVILLE PARK","5011","CITY OF CHARLES STURT",2,0,0,0,0,2017,"September","Monday","02:50 pm","060","Not Divided","Straight road","Level","Not Applicable","Sealed","Dry","Not Raining","Daylight","Rear End","02","Driver Rider","1: PDO","No Control","","",1324007.31,1675355.97,"13240071675356"
"2017-9217-27/05/2021","2 Metropolitan","PARADISE","5075","CC CAMPBELLTOWN.              ",2,0,0,0,0,2017,"September","Monday","01:00 pm","060","T-Junction","Straight road","Level","Not Applicable","Sealed","Dry","Not Raining","Daylight","Right Turn","02","Driver Rider","1: PDO","Traffic Signals","","",1334461.82,1676974.32,"13344621676974"
"2017-9218-27/05/2021","2 Metropolitan","IRONBANK","5153","THE ADELAIDE HILLS COUNCIL",2,0,0,0,0,2017,"September","Monday","01:55 pm","060","Not Divided","CURVED, VIEW OBSCURED","Slope","Not Applicable","Sealed","Dry","Not Raining","Daylight","Hit Fixed Object","01","Passenger","1: PDO","No Control","","",1335998.77,1657374.75,"13359991657375"
"2017-9219-27/05/2021","2 Metropolitan","GLEN OSMOND","5064","CITY OF BURNSIDE",2,1,0,0,1,2017,"September","Monday","03:51 pm","060","Divided Road","Straight road","Slope","Not Applicable","Sealed","Dry","Not Raining","Daylight","Side Swipe","02","Driver Rider","2: MI","No Control","","",1332389.93,1666557.6,"13323901666558"
"2017-9220-27/05/2021","2 Metropolitan","VALE PARK","5081","WALKERVILLE TOWN COUNCIL",3,0,0,0,0,2017,"September","Monday","02:55 pm","050","Not Divided","Straight road","Level","Driveway or Entrance","Sealed","Dry","Not Raining","Daylight","Hit Parked Vehicle","01","Driver Rider","1: PDO","No Control","","",1331200.21,1675024.59,"13312001675025"
"2017-9221-27/05/2021","2 Metropolitan","BALHANNAH","5242","THE ADELAIDE HILLS COUNCIL",2,0,0,0,0,2017,"September","Friday","12:50 pm","050","Not Divided","Straight road","Level","Not Applicable","Sealed","Dry","Not Raining","Daylight","Hit Parked Vehicle","02","Driver Rider","1: PDO","No Control","","",1348719.18,1662919.53,"13487191662920"
"2017-9222-27/05/2021","2 Metropolitan","TRINITY GARDENS","5068","CITY OF BURNSIDE",2,0,0,0,0,2017,"September","Sunday","07:30 pm","060","Not Divided","Straight road","Level","Not Applicable","Sealed","Dry","Not Raining","Night","Hit Pedestrian","01","Pedestrian","1: PDO","No Control","","",1332797.53,1671777.68,"13327981671778"
"2017-9223-27/05/2021","2 Metropolitan","ELIZABETH","5112","CITY OF PLAYFORD.",2,0,0,0,0,2017,"September","Monday","04:20 pm","060","Not Divided","Straight road","Level","Not Applicable","Sealed","Dry","Not Raining","Daylight","Rear End","02","Driver Rider","1: PDO","No Control","","",1335504.09,1692920.79,"13355041692921"
"2017-9224-27/05/2021","3 Country","PORT LINCOLN","5606","CC PT.LINCOLN.                ",2,2,0,0,2,2017,"September","Monday","03:25 pm","060","Cross Road","Straight road","Slope","Not Applicable","Sealed","Dry","Not Raining","Daylight","Right Angle","02","Driver Rider","2: MI","Stop Sign","","",1078689.14,1697555.13,"10786891697555"
"2017-9225-27/05/2021","2 Metropolitan","ELIZABETH","5112","CITY OF PLAYFORD.",2,0,0,0,0,2017,"September","Monday","04:50 pm","050","Not Divided","Straight road","Level","Not Applicable","Sealed","Dry","Not Raining","Daylight","Hit Fixed Object","01","Driver Rider","1: PDO","No Control","","",1335611.57,1692665.24,"13356121692665"
"2017-9226-27/05/2021","2 Metropolitan","SOUTH PLYMPTON","5038","CC MARION.                    ",2,0,0,0,0,2017,"September","Monday","03:07 pm","060","Divided Road","Straight road","Level","Not Applicable","Sealed","Dry","Not Raining","Daylight","Hit Parked Vehicle","01","Driver Rider","1: PDO","No Control","","",1324279.06,1665152.46,"13242791665152"
"2017-9227-27/05/2021","2 Metropolitan","HILLCREST","5086","CITY OF PORT ADELAIDE ENFIELD",2,1,0,0,1,2017,"September","Monday","08:32 am","050","T-Junction","Straight road","Level","Not Applicable","Sealed","Dry","Not Raining","Daylight","Rear End","02","Driver Rider","2: MI","No Control","","",1332069.32,1677342.07,"13320691677342"
"2017-9228-27/05/2021","2 Metropolitan","PROSPECT","5082","CITY OF PROSPECT",3,0,0,0,0,2017,"September","Monday","03:10 pm","060","T-Junction","Straight road","Level","Not Applicable","Sealed","Dry","Not Raining","Daylight","Rear End","01","Driver Rider","1: PDO","No Control","","",1328859.85,1676555.32,"13288601676555"
"2017-9229-27/05/2021","2 Metropolitan","CROYDON PARK","5008","CITY OF PORT ADELAIDE ENFIELD",2,1,0,0,1,2017,"September","Monday","05:10 pm","050","Not Divided","Straight road","Level","Not Applicable","Sealed","Dry","Not Raining","Daylight","Hit Fixed Object","01","Driver Rider","2: MI","No Control","","",1325357.04,1675732.27,"13253571675732"
"2017-9230-27/05/2021","3 Country","MURTHO","5340","DC RENMARK PARINGA            ",1,1,0,0,1,2017,"September","Sunday","11:00 am","080","Not Divided","Straight road","Slope","Not Applicable","Unsealed","Dry","Not Raining","Daylight","Roll Over","01","Driver Rider","2: MI","No Control","","",1549106.53,1754564.99,"15491071754565"
"2017-9231-27/05/2021","2 Metropolitan","DRY CREEK","5094","CITY OF SALISBURY",3,0,0,0,0,2017,"September","Monday","05:00 pm","090","Divided Road","Straight road","Level","Not Applicable","Sealed","Dry","Not Raining","Daylight","Rear End","02","Driver Rider","1: PDO","No Control","","",1328273.46,1682823.08,"13282731682823"
"2017-9232-27/05/2021","1 City","ADELAIDE","5000","CITY OF ADELAIDE",2,0,0,0,0,2017,"September","Monday","05:30 pm","050","Not Divided","Straight road","Level","Not Applicable","Sealed","Dry","Not Raining","Daylight","Hit Parked Vehicle","02","Driver Rider","1: PDO","No Control","","",1329459.78,1671007.54,"13294601671008"
"2017-9233-27/05/2021","2 Metropolitan","ADELAIDE AIRPORT","5950","CITY OF WEST TORRENS",2,0,0,0,0,2017,"September","Monday","12:48 pm","080","Divided Road","Straight road","Level","Not Applicable","Sealed","Wet","Raining","Daylight","Hit Fixed Object","01","Driver Rider","1: PDO","No Control","","",1320916.58,1668843.15,"13209171668843"
"2017-9234-27/05/2021","2 Metropolitan","WALKERVILLE","5081","WALKERVILLE TOWN COUNCIL",2,1,0,0,1,2017,"September","Monday","07:10 pm","060","T-Junction","Straight road","Slope","Not Applicable","Sealed","Dry","Not Raining","Night","Hit Parked Vehicle","01","Driver Rider","2: MI","No Control","","",1329830.51,1673892.98,"13298311673893"
"2017-9235-27/05/2021","2 Metropolitan","NORTH HAVEN","5018","CITY OF PORT ADELAIDE ENFIELD",3,0,0,0,0,2017,"September","Monday","07:30 pm","050","Not Divided","Straight road","Level","Not Applicable","Sealed","Dry","Not Raining","Night","Hit Fixed Object","01","Driver Rider","1: PDO","No Control","","",1319836.42,1686548.76,"13198361686549"