"REPORT_ID","Stats Area","Suburb","Postcode","LGA Name","Total Units","Total Cas","Total Fats","Total SI","Total MI","Year","Month","Day","Time","Area Speed","Position Type","Horizontal Align","Vertical Align","Other Feat","Road Surface","Moisture Cond","Weather Cond","DayNight","Crash Type","Unit Resp","Entity Code","CSEF Severity","Traffic Ctrls","DUI Involved","Drugs Involved","ACCLOC_X","ACCLOC_Y","UNIQUE_LOC"
"2017-9476-27/05/2021","2 Metropolitan","PARAFIELD GARDENS","5107","CITY OF SALISBURY",2,0,0,0,0,2017,"September","Monday","08:50 am","060","T-Junction","CURVED, VIEW OPEN","Level","Not Applicable","Sealed","Dry","Not Raining","Daylight","Right Angle","01","Driver Rider","1: PDO","Give Way Sign","","",1329488.64,1685348.66,"13294891685349"
"2017-9477-27/05/2021","2 Metropolitan","WOODVILLE PARK","5011","CITY OF CHARLES STURT",2,0,0,0,0,2017,"September","Monday","08:00 am","060","Cross Road","Straight road","Level","Not Applicable","Sealed","Dry","Not Raining","Daylight","Side Swipe","02","Driver Rider","1: PDO","Traffic Signals","","",1324186.57,1676250.45,"13241871676250"
"2017-9478-27/05/2021","2 Metropolitan","GOODWOOD","5034","CITY OF UNLEY",3,0,0,0,0,2017,"September","Wednesday","04:50 pm","040","T-Junction","Straight road","Level","Not Applicable","Sealed","Dry","Not Raining","Daylight","Hit Fixed Object","01","Driver Rider","1: PDO","No Control","","",1326986.73,1668164.17,"13269871668164"
"2017-9479-27/05/2021","3 Country","MYPONGA","5202","DC YANKALILLA.                ",2,0,0,0,0,2017,"September","Monday","08:00 am","100","T-Junction","CURVED, VIEW OPEN","Level","Not Applicable","Sealed","Dry","Not Raining","Daylight","Rear End","02","Driver Rider","1: PDO","No Control","","",1314947.99,1620123.92,"13149481620124"
"2017-9480-27/05/2021","2 Metropolitan","WINDSOR GARDENS","5087","CITY OF PORT ADELAIDE ENFIELD",2,1,0,0,1,2017,"September","Monday","08:50 am","060","Divided Road","Straight road","Level","Roadworks","Sealed","Dry","Not Raining","Daylight","Rear End","02","Driver Rider","2: MI","No Control","","",1333767.75,1678043.97,"13337681678044"
"2017-9481-27/05/2021","3 Country","REEVES PLAINS","5502","DC MALLALA.                   ",2,1,0,1,0,2017,"September","Sunday","10:19 am","100","Not Divided","Straight road","Level","Not Applicable","Unsealed","Dry","Not Raining","Daylight","Hit Fixed Object","01","Driver Rider","3: SI","No Control","","",1330527.46,1713835.91,"13305271713836"
"2017-9482-27/05/2021","2 Metropolitan","MODBURY HEIGHTS","5092","CITY OF TEA TREE GULLY",2,1,0,0,1,2017,"September","Monday","08:29 am","060","T-Junction","Straight road","Bottom of Hill","Not Applicable","Sealed","Dry","Not Raining","Daylight","Right Angle","01","Driver Rider","2: MI","No Control","","",1336793.91,1683333.24,"13367941683333"
"2017-9483-27/05/2021","3 Country","MOUNT GAMBIER","5290","CC MT.GAMBIER.                ",2,2,0,0,2,2017,"September","Monday","11:50 am","050","T-Junction","Straight road","Level","Not Applicable","Sealed","Dry","Not Raining","Daylight","Right Angle","01","Driver Rider","2: MI","No Control","","",1508909.21,1341743.19,"15089091341743"
"2017-9484-27/05/2021","2 Metropolitan","OTTOWAY","5013","CITY OF PORT ADELAIDE ENFIELD",2,0,0,0,0,2017,"September","Monday","10:34 am","060","T-Junction","Straight road","Level","Not Applicable","Sealed","Wet","Raining","Daylight","Right Turn","01","Driver Rider","1: PDO","Traffic Signals","","",1323011.02,1679141.01,"13230111679141"
"2017-9485-27/05/2021","3 Country","PINNAROO","5304","SOUTHERN MALLEE DISTRICT COUNCIL",2,0,0,0,0,2017,"September","Wednesday","05:30 pm","100","Not Divided","Straight road","Level","Not Applicable","Sealed","Dry","Not Raining","Daylight","Hit Animal","02","Animal","1: PDO","No Control","","",1526661.29,1607829.63,"15266611607830"
"2017-9486-27/05/2021","2 Metropolitan","HINDMARSH","5007","CITY OF CHARLES STURT",2,0,0,0,0,2017,"August","Monday","08:25 am","060","T-Junction","Straight road","Level","Not Applicable","Sealed","Dry","Not Raining","Daylight","Side Swipe","01","Driver Rider","1: PDO","Stop Sign","","",1326341.61,1672778.39,"13263421672778"
"2017-9487-27/05/2021","2 Metropolitan","KILKENNY","5009","CITY OF CHARLES STURT",2,0,0,0,0,2017,"September","Monday","11:10 am","060","Divided Road","Straight road","Level","Not Applicable","Sealed","Wet","Raining","Daylight","Rear End","02","Driver Rider","1: PDO","No Control","","",1324298.72,1676163.19,"13242991676163"
"2017-9488-27/05/2021","2 Metropolitan","CROYDON","5008","CITY OF CHARLES STURT",2,1,0,0,1,2017,"September","Monday","11:15 am","060","Divided Road","Straight road","Level","Driveway or Entrance","Sealed","Wet","Raining","Daylight","Right Angle","01","Driver Rider","2: MI","No Control","","",1325189.56,1673774.22,"13251901673774"
"2017-9489-27/05/2021","2 Metropolitan","MILE END","5031","CITY OF WEST TORRENS",2,0,0,0,0,2017,"September","Monday","12:45 pm","050","Not Divided","Straight road","Level","Not Applicable","Sealed","Dry","Not Raining","Daylight","Hit Parked Vehicle","02","Driver Rider","1: PDO","No Control","","",1324903.62,1670560.31,"13249041670560"
"2017-9490-27/05/2021","2 Metropolitan","WOODSIDE","5244","THE ADELAIDE HILLS COUNCIL",2,1,0,1,0,2017,"September","Sunday","05:30 pm","080","Not Divided","Straight road","Level","Not Applicable","Sealed","Dry","Not Raining","Daylight","Hit Animal","02","Animal","3: SI","No Control","","",1354936.58,1667401.33,"13549371667401"
"2017-9491-27/05/2021","1 City","NORTH ADELAIDE","5006","CITY OF ADELAIDE",2,1,0,0,1,2017,"September","Monday","08:45 am","050","T-Junction","Straight road","Level","Not Applicable","Sealed","Dry","Not Raining","Daylight","Right Turn","02","Driver Rider","2: MI","No Control","","",1328487.57,1671852.81,"13284881671853"
"2017-9492-27/05/2021","3 Country","STRUAN","5271","DC NARACOORTE & LUCINDALE.",2,1,0,1,0,2017,"September","Monday","01:15 pm","110","Not Divided","Straight road","Level","Not Applicable","Sealed","Wet","Raining","Daylight","Hit Fixed Object","01","Driver Rider","3: SI","No Control","","",1515511.91,1420651.02,"15155121420651"
"2017-9493-27/05/2021","2 Metropolitan","ATHELSTONE","5076","CC CAMPBELLTOWN.              ",2,0,0,0,0,2017,"September","Thursday","12:25 pm","060","T-Junction","Straight road","Level","Not Applicable","Sealed","Dry","Not Raining","Daylight","Hit Fixed Object","01","Driver Rider","1: PDO","Roundabout","","",1338128.2,1677136.86,"13381281677137"
"2017-9494-27/05/2021","2 Metropolitan","NORTON SUMMIT","5136","THE ADELAIDE HILLS COUNCIL",2,0,0,0,0,2017,"September","Monday","10:50 am","060","Not Divided","CURVED, VIEW OBSCURED","Slope","Not Applicable","Sealed","Wet","Raining","Daylight","Head On","02","Driver Rider","1: PDO","No Control","","",1339455.42,1670470.4,"13394551670470"
"2017-9495-27/05/2021","1 City","ADELAIDE","5000","CITY OF ADELAIDE",2,0,0,0,0,2017,"September","Saturday","10:00 pm","050","Cross Road","Straight road","Level","Not Applicable","Sealed","Dry","Not Raining","Night","Hit Pedestrian","02","Pedestrian","1: PDO","Traffic Signals","","",1328464.72,1670670.91,"13284651670671"
"2017-9496-27/05/2021","3 Country","WHITE SANDS","5253","RC MURRAY BRIDGE.             ",2,0,0,0,0,2017,"September","Monday","03:40 pm","100","Not Divided","Straight road","Crest of Hill","Not Applicable","Sealed","Dry","Not Raining","Daylight","Right Turn","01","Driver Rider","1: PDO","No Control","","",1390618.84,1638410.25,"13906191638410"
"2017-9497-27/05/2021","2 Metropolitan","BURTON","5110","CITY OF SALISBURY",2,2,0,0,2,2017,"September","Saturday","06:18 am","060","Cross Road","Straight road","Level","Not Applicable","Sealed","Dry","Not Raining","Daylight","Right Angle","02","Driver Rider","2: MI","Roundabout","","",1330155.51,1690824.15,"13301561690824"
"2017-9498-27/05/2021","1 City","ADELAIDE","5000","CITY OF ADELAIDE",2,0,0,0,0,2017,"September","Monday","03:18 pm","050","Cross Road","Straight road","Level","Not Applicable","Sealed","Dry","Not Raining","Daylight","Right Angle","02","Driver Rider","1: PDO","Traffic Signals","","",1327947.46,1669708.15,"13279471669708"
"2017-9499-27/05/2021","2 Metropolitan","LEWISTON","5501","DC MALLALA.                   ",2,1,0,0,1,2017,"September","Monday","05:00 pm","100","Cross Road","Straight road","Level","Not Applicable","Sealed","Dry","Not Raining","Daylight","Right Angle","02","Driver Rider","2: MI","Give Way Sign","","",1332364.3,1704157.57,"13323641704158"
"2017-9500-27/05/2021","2 Metropolitan","MANNINGHAM","5086","CITY OF PORT ADELAIDE ENFIELD",2,0,0,0,0,2017,"September","Monday","04:10 pm","060","T-Junction","Straight road","Level","Not Applicable","Sealed","Dry","Not Raining","Daylight","Rear End","02","Driver Rider","1: PDO","Traffic Signals","","",1330468.73,1675456.59,"13304691675457"
"2017-9501-27/05/2021","2 Metropolitan","ROSE PARK","5067","CITY OF BURNSIDE",3,1,0,1,0,2017,"September","Monday","05:30 pm","060","Divided Road","Straight road","Level","Not Applicable","Sealed","Dry","Not Raining","Daylight","Rear End","01","Driver Rider","3: SI","No Control","","",1330644.17,1670174.83,"13306441670175"
"2017-9502-27/05/2021","2 Metropolitan","MEDINDIE","5081","WALKERVILLE TOWN COUNCIL",2,1,0,0,1,2017,"September","Monday","05:26 pm","060","T-Junction","Straight road","Level","Not Applicable","Sealed","Dry","Not Raining","Daylight","Right Angle","01","Driver Rider","2: MI","No Control","","",1329459.65,1673964.96,"13294601673965"
"2017-9503-27/05/2021","2 Metropolitan","EDWARDSTOWN","5039","CC MARION.                    ",2,0,0,0,0,2017,"September","Monday","05:05 pm","050","Cross Road","Straight road","Level","Not Applicable","Sealed","Dry","Not Raining","Daylight","Hit Pedestrian","02","Pedestrian","1: PDO","Give Way Sign","","",1325286.61,1664868.08,"13252871664868"
"2017-9504-27/05/2021","1 City","NORTH ADELAIDE","5006","CITY OF ADELAIDE",2,0,0,0,0,2017,"September","Monday","05:45 pm","050","Not Divided","Straight road","Level","Not Applicable","Sealed","Dry","Not Raining","Daylight","Hit Parked Vehicle","02","Driver Rider","1: PDO","No Control","","",1329204.68,1672522.45,"13292051672522"
"2017-9505-27/05/2021","2 Metropolitan","BEDFORD PARK","5042","CC MITCHAM.                   ",2,0,0,0,0,2017,"September","Monday","04:45 pm","070","Divided Road","Straight road","Level","Not Applicable","Sealed","Dry","Not Raining","Daylight","Side Swipe","01","Driver Rider","1: PDO","No Control","","",1325771.05,1661047.36,"13257711661047"
"2017-9506-27/05/2021","3 Country","PORT GERMEIN","5495","DC MT.REMARKABLE.             ",2,1,0,0,1,2017,"September","Monday","05:48 pm","100","Not Divided","CURVED, VIEW OPEN","Level","Not Applicable","Sealed","Dry","Not Raining","Daylight","Hit Fixed Object","01","Driver Rider","2: MI","No Control","","",1287138.11,1887030.27,"12871381887030"
"2017-9507-27/05/2021","3 Country","RISDON PARK","5540","PT.PIRIE CITY & DIST. COUNCIL ",3,1,0,0,1,2017,"September","Monday","08:50 pm","050","Cross Road","CURVED, VIEW OPEN","Level","Not Applicable","Sealed","Dry","Not Raining","Night","Right Angle","01","Driver Rider","2: MI","Roundabout","","",1279464.92,1864530.55,"12794651864531"
"2017-9508-27/05/2021","3 Country","HINDMARSH TIERS","5202","DC VICTOR HARBOR.             ",3,0,0,0,0,2017,"September","Monday","05:30 am","100","Not Divided","Straight road","Level","Not Applicable","Sealed","Dry","Not Raining","Night","Hit Object on Road","01","Driver Rider","1: PDO","No Control","","",1322754.79,1616258.68,"13227551616259"
"2017-9509-27/05/2021","2 Metropolitan","HALLETT COVE","5158","CC MARION.                    ",2,0,0,0,0,2017,"September","Monday","12:05 pm","050","Not Divided","Straight road","Level","Driveway or Entrance","Sealed","Wet","Raining","Daylight","Right Turn","02","Driver Rider","1: PDO","No Control","","",1319710.38,1654354.4,"13197101654354"
"2017-9510-27/05/2021","2 Metropolitan","COLONEL LIGHT GARDENS","5041","CC MITCHAM.                   ",2,0,0,0,0,2017,"September","Monday","12:45 pm","050","Not Divided","Straight road","Level","Not Applicable","Sealed","Wet","Raining","Daylight","Hit Parked Vehicle","02","Driver Rider","1: PDO","No Control","","",1328295.73,1664809.97,"13282961664810"
"2017-9511-27/05/2021","2 Metropolitan","NORWOOD","5067","CC OF NORWOOD,PAYNEHAM & ST PETERS",3,0,0,0,0,2017,"September","Monday","08:40 am","060","Multiple","Straight road","Level","Not Applicable","Sealed","Dry","Not Raining","Daylight","Rear End","02","Driver Rider","1: PDO","Traffic Signals","","",1330628.16,1671038.76,"13306281671039"
"2017-9512-27/05/2021","3 Country","STRATHALBYN","5255","ALEXANDRINA COUNCIL",1,2,0,1,1,2017,"September","Tuesday","08:10 am","100","Not Divided","Straight road","Level","Not Applicable","Sealed","Dry","Not Raining","Daylight","Roll Over","01","Driver Rider","3: SI","No Control","","",1352025.76,1630056.53,"13520261630057"
"2017-9513-27/05/2021","2 Metropolitan","WOODVILLE NORTH","5012","CITY OF CHARLES STURT",2,1,0,0,1,2017,"September","Monday","09:20 am","060","T-Junction","Straight road","Level","Not Applicable","Sealed","Dry","Not Raining","Daylight","Side Swipe","01","Driver Rider","2: MI","Traffic Signals","","",1323971.81,1676431.87,"13239721676432"
"2017-9514-27/05/2021","3 Country","MAGGEA","5311","LOXTON WAIKERIE DISTRICT COUNCIL",1,2,0,0,2,2017,"August","Friday","05:00 pm","110","Not Divided","Straight road","Level","Not Applicable","Sealed","Dry","Not Raining","Daylight","Left Road - Out of Control","01","Driver Rider","2: MI","No Control","","",1462411.99,1715125.52,"14624121715126"
"2017-9515-27/05/2021","2 Metropolitan","NOARLUNGA DOWNS","5168","CITY OF ONKAPARINGA",2,1,0,0,1,2017,"September","Tuesday","10:20 am","060","T-Junction","CURVED, VIEW OPEN","Slope","Not Applicable","Sealed","Dry","Not Raining","Daylight","Right Angle","01","Driver Rider","2: MI","Roundabout","","",1318895.69,1646333.3,"13188961646333"
"2017-9516-27/05/2021","2 Metropolitan","PROSPECT","5082","CITY OF PROSPECT",2,0,0,0,0,2017,"September","Tuesday","08:24 am","060","Cross Road","Straight road","Level","Not Applicable","Sealed","Dry","Not Raining","Daylight","Rear End","02","Driver Rider","1: PDO","Traffic Signals","","",1328862.28,1676441.72,"13288621676442"
"2017-9517-27/05/2021","2 Metropolitan","MARRYATVILLE","5068","CC OF NORWOOD,PAYNEHAM & ST PETERS",2,2,0,0,2,2017,"September","Tuesday","09:15 am","060","Cross Road","Straight road","Level","Not Applicable","Sealed","Dry","Not Raining","Daylight","Rear End","02","Driver Rider","2: MI","Traffic Signals","","",1332280.78,1670410.05,"13322811670410"
"2017-9518-27/05/2021","2 Metropolitan","MUNNO PARA","5115","CITY OF PLAYFORD.",2,1,0,0,1,2017,"September","Tuesday","11:20 am","060","Cross Road","Straight road","Level","Not Applicable","Sealed","Dry","Not Raining","Daylight","Right Turn","01","Driver Rider","2: MI","Traffic Signals","","",1336684.28,1698535.93,"13366841698536"
"2017-9519-27/05/2021","1 City","NORTH ADELAIDE","5006","CITY OF ADELAIDE",4,0,0,0,0,2017,"September","Tuesday","10:15 am","050","Not Divided","Straight road","Level","Not Applicable","Sealed","Dry","Not Raining","Daylight","Hit Fixed Object","01","Driver Rider","1: PDO","No Control","","",1328003.96,1672671.19,"13280041672671"
"2017-9520-27/05/2021","2 Metropolitan","NAIRNE","5252","DC MT.BARKER.                 ",2,0,0,0,0,2017,"September","Tuesday","10:35 am","050","Not Divided","CURVED, VIEW OBSCURED","Level","Driveway or Entrance","Sealed","Wet","Raining","Daylight","Rear End","02","Driver Rider","1: PDO","No Control","","",1355511.28,1657322.34,"13555111657322"
"2017-9521-27/05/2021","2 Metropolitan","EVERARD PARK","5035","CITY OF UNLEY",3,1,0,0,1,2017,"September","Tuesday","12:13 pm","060","Divided Road","Straight road","Level","Not Applicable","Sealed","Dry","Not Raining","Daylight","Rear End","01","Driver Rider","2: MI","No Control","","",1326248.31,1668056.41,"13262481668056"
"2017-9522-27/05/2021","2 Metropolitan","MAGILL","5072","CC CAMPBELLTOWN.              ",2,1,0,0,1,2017,"September","Tuesday","11:50 am","060","Cross Road","Straight road","Level","Not Applicable","Sealed","Dry","Not Raining","Daylight","Right Angle","02","Driver Rider","2: MI","Stop Sign","","",1335465.31,1672528.65,"13354651672529"
"2017-9523-27/05/2021","2 Metropolitan","KESWICK","5035","CITY OF WEST TORRENS",2,1,0,0,1,2017,"September","Tuesday","12:30 pm","060","Cross Road","Straight road","Level","Not Applicable","Sealed","Dry","Not Raining","Daylight","Rear End","02","Driver Rider","2: MI","Traffic Signals","","",1325798.69,1668947.66,"13257991668948"
"2017-9524-27/05/2021","2 Metropolitan","ABERFOYLE PARK","5159","CITY OF ONKAPARINGA",2,0,0,0,0,2017,"September","Tuesday","11:50 am","050","T-Junction","CURVED, VIEW OPEN","Slope","Not Applicable","Sealed","Dry","Not Raining","Daylight","Hit Fixed Object","01","Other","1: PDO","Roundabout","","",1327056.63,1654225.69,"13270571654226"
"2017-9525-27/05/2021","2 Metropolitan","PAYNEHAM","5070","CC OF NORWOOD,PAYNEHAM & ST PETERS",2,1,0,0,1,2017,"September","Monday","08:25 am","060","Cross Road","Straight road","Level","Not Applicable","Sealed","Dry","Not Raining","Daylight","Rear End","02","Driver Rider","2: MI","Traffic Signals","","",1332176.1,1673782.43,"13321761673782"
"2017-9526-27/05/2021","2 Metropolitan","MODBURY","5092","CITY OF TEA TREE GULLY",2,0,0,0,0,2017,"September","Tuesday","02:49 pm","060","T-Junction","Straight road","Level","Driveway or Entrance","Sealed","Dry","Not Raining","Daylight","Right Angle","02","Driver Rider","1: PDO","No Control","","",1336881.79,1680741.25,"13368821680741"
"2017-9527-27/05/2021","2 Metropolitan","PARACOMBE","5132","THE ADELAIDE HILLS COUNCIL",2,1,0,0,1,2017,"September","Tuesday","02:30 pm","080","Not Divided","CURVED, VIEW OBSCURED","Level","Not Applicable","Sealed","Dry","Not Raining","Daylight","Hit Fixed Object","01","Driver Rider","2: MI","No Control","","Y",1342449.52,1679571.44,"13424501679571"
"2017-9528-27/05/2021","2 Metropolitan","DAW PARK","5041","CC MITCHAM.                   ",2,0,0,0,0,2017,"September","Tuesday","02:15 pm","050","Not Divided","Straight road","Level","Not Applicable","Sealed","Dry","Not Raining","Daylight","Hit Fixed Object","01","Driver Rider","1: PDO","No Control","","",1327041.12,1663375.1,"13270411663375"
"2017-9529-27/05/2021","2 Metropolitan","CHELTENHAM","5014","CITY OF CHARLES STURT",4,0,0,0,0,2017,"September","Tuesday","02:30 pm","060","T-Junction","Straight road","Level","Not Applicable","Sealed","Dry","Not Raining","Daylight","Rear End","02","Driver Rider","1: PDO","Give Way Sign","","",1321424.72,1676962,"13214251676962"
"2017-9530-27/05/2021","2 Metropolitan","MEDINDIE","5081","WALKERVILLE TOWN COUNCIL",2,1,0,0,1,2017,"September","Tuesday","04:25 pm","060","Not Divided","Straight road","Level","Not Applicable","Sealed","Dry","Not Raining","Daylight","Hit Fixed Object","01","Driver Rider","2: MI","No Control","","",1329457.66,1673924.97,"13294581673925"
"2017-9531-27/05/2021","2 Metropolitan","CAVAN","5094","CITY OF SALISBURY",2,0,0,0,0,2017,"September","Tuesday","04:20 pm","070","Divided Road","Straight road","Level","Not Applicable","Sealed","Dry","Not Raining","Daylight","Side Swipe","02","Driver Rider","1: PDO","No Control","","",1328728.24,1681253.93,"13287281681254"
"2017-9532-27/05/2021","2 Metropolitan","ONE TREE HILL","5114","CITY OF PLAYFORD.",2,1,0,0,1,2017,"September","Tuesday","08:20 am","100","Not Divided","Straight road","Level","Not Applicable","Sealed","Dry","Not Raining","Daylight","Hit Animal","02","Animal","2: MI","No Control","","",1342320.47,1693221.81,"13423201693222"
"2017-9533-27/05/2021","2 Metropolitan","MAWSON LAKES","5095","CITY OF SALISBURY",3,1,0,0,1,2017,"September","Tuesday","05:09 pm","090","Divided Road","Straight road","Crest of Hill","Bridge, Culvert, Causeway","Sealed","Dry","Not Raining","Daylight","Rear End","02","Driver Rider","2: MI","No Control","","",1328682.3,1683329.18,"13286821683329"
"2017-9534-27/05/2021","2 Metropolitan","WOODCROFT","5162","CITY OF ONKAPARINGA",2,0,0,0,0,2017,"September","Tuesday","08:30 am","060","Cross Road","Straight road","Bottom of Hill","Not Applicable","Sealed","Dry","Not Raining","Daylight","Rear End","02","Driver Rider","1: PDO","Traffic Signals","","",1323058.74,1651081.96,"13230591651082"
"2017-9535-27/05/2021","2 Metropolitan","ABERFOYLE PARK","5159","CITY OF ONKAPARINGA",2,0,0,0,0,2017,"September","Tuesday","03:20 pm","050","Not Divided","Straight road","Slope","Driveway or Entrance","Sealed","Dry","Not Raining","Daylight","Right Angle","02","Driver Rider","1: PDO","No Control","","",1327282.43,1653724.59,"13272821653725"
"2017-9536-27/05/2021","3 Country","MYPONGA","5202","DC YANKALILLA.                ",2,0,0,0,0,2017,"September","Friday","06:30 am","100","Not Divided","CURVED, VIEW OBSCURED","Slope","Not Applicable","Sealed","Wet","Raining","Daylight","Hit Animal","02","Animal","1: PDO","No Control","","",1312564.82,1617977.31,"13125651617977"
"2017-9537-27/05/2021","3 Country","LOCHABER","5271","DC NARACOORTE & LUCINDALE.",2,1,0,0,1,2017,"September","Tuesday","05:15 pm","110","Not Divided","Straight road","Level","Not Applicable","Sealed","Dry","Not Raining","Daylight","Rear End","02","Driver Rider","2: MI","No Control","","",1508599.67,1444623.47,"15086001444623"
"2017-9538-27/05/2021","3 Country","MUNDULLA","5270","DC TATIARA.                   ",2,1,0,0,1,2017,"September","Tuesday","05:00 pm","110","Not Divided","Straight road","Level","Not Applicable","Sealed","Dry","Not Raining","Daylight","Hit Fixed Object","01","Driver Rider","2: MI","No Control","","",1510502.9,1503265.44,"15105031503265"
"2017-9539-27/05/2021","2 Metropolitan","SEAFORD MEADOWS","5169","CITY OF ONKAPARINGA",2,0,0,0,0,2017,"September","Tuesday","07:00 pm","070","Divided Road","Straight road","Level","Not Applicable","Sealed","Dry","Not Raining","Night","Right Angle","02","Driver Rider","1: PDO","No Control","","",1316307.73,1643797.47,"13163081643797"
"2017-9540-27/05/2021","2 Metropolitan","MAWSON LAKES","5095","CITY OF SALISBURY",2,1,0,0,1,2017,"September","Tuesday","03:15 pm","050","Not Divided","Straight road","Level","Not Applicable","Sealed","Dry","Not Raining","Daylight","Hit Pedestrian","02","Driver Rider","2: MI","No Control","","",1329490.73,1682559.76,"13294911682560"
"2017-9541-27/05/2021","3 Country","MONTEITH","5254","RC MURRAY BRIDGE.             ",2,1,1,0,0,2017,"September","Tuesday","01:27 pm","110","T-Junction","Straight road","Level","Not Applicable","Sealed","Dry","Not Raining","Daylight","Right Angle","01","Driver Rider","4: Fatal","Give Way Sign","","",1393901.39,1643643.46,"13939011643643"
"2017-9542-27/05/2021","2 Metropolitan","CROYDON PARK","5008","CITY OF PORT ADELAIDE ENFIELD",3,0,0,0,0,2017,"September","Tuesday","07:30 pm","050","Not Divided","Straight road","Level","Not Applicable","Sealed","Dry","Not Raining","Night","Hit Fixed Object","01","Driver Rider","1: PDO","No Control","","",1325769,1676253.31,"13257691676253"
"2017-9543-27/05/2021","2 Metropolitan","ONE TREE HILL","5114","CITY OF PLAYFORD.",4,1,0,0,1,2017,"September","Tuesday","06:35 am","100","Not Divided","Straight road","Crest of Hill","Not Applicable","Sealed","Dry","Not Raining","Daylight","Side Swipe","02","Driver Rider","2: MI","No Control","","",1340628.21,1691918.16,"13406281691918"
"2017-9544-27/05/2021","2 Metropolitan","GUMERACHA","5233","THE ADELAIDE HILLS COUNCIL",2,1,0,1,0,2017,"September","Tuesday","11:30 am","080","Not Divided","Straight road","Slope","Not Applicable","Sealed","Dry","Not Raining","Daylight","Hit Fixed Object","01","Driver Rider","3: SI","No Control","","",1356525.94,1681477.39,"13565261681477"
"2017-9545-27/05/2021","2 Metropolitan","MAWSON LAKES","5095","CITY OF SALISBURY",2,1,0,0,1,2017,"September","Wednesday","07:40 am","080","Divided Road","Straight road","Level","Not Applicable","Sealed","Dry","Not Raining","Daylight","Rear End","02","Driver Rider","2: MI","No Control","","",1328685.23,1683703.49,"13286851683703"
"2017-9546-27/05/2021","2 Metropolitan","KENT TOWN","5067","CC OF NORWOOD,PAYNEHAM & ST PETERS",2,0,0,0,0,2017,"September","Wednesday","07:30 am","060","T-Junction","Straight road","Level","Not Applicable","Sealed","Dry","Not Raining","Daylight","Right Angle","02","Driver Rider","1: PDO","Roundabout","","",1330555.43,1670400.29,"13305551670400"
"2017-9547-27/05/2021","2 Metropolitan","BRAHMA LODGE","5109","CITY OF SALISBURY",1,1,0,0,1,2017,"September","Wednesday","06:30 am","050","T-Junction","Straight road","Level","Not Applicable","Sealed","Dry","Not Raining","Daylight","Left Road - Out of Control","01","Driver Rider","2: MI","No Control","","",1333652.15,1686558.97,"13336521686559"
"2017-9548-27/05/2021","2 Metropolitan","NORWOOD","5067","CC OF NORWOOD,PAYNEHAM & ST PETERS",2,0,0,0,0,2017,"September","Wednesday","08:45 am","060","Multiple","Straight road","Level","Not Applicable","Sealed","Dry","Not Raining","Daylight","Right Turn","02","Driver Rider","1: PDO","Traffic Signals","","",1330628.16,1671038.76,"13306281671039"
"2017-9549-27/05/2021","2 Metropolitan","HACKNEY","5069","CC OF NORWOOD,PAYNEHAM & ST PETERS",2,0,0,0,0,2017,"September","Wednesday","08:45 am","040","Divided Road","Straight road","Level","Roadworks","Sealed","Dry","Not Raining","Daylight","Side Swipe","02","Driver Rider","1: PDO","No Control","","",1329750.07,1672288.1,"13297501672288"
"2017-9550-27/05/2021","2 Metropolitan","WOODVILLE SOUTH","5011","CITY OF CHARLES STURT",2,0,0,0,0,2017,"September","Tuesday","12:55 pm","050","Not Divided","Straight road","Level","Driveway or Entrance","Sealed","Dry","Not Raining","Daylight","Hit Fixed Object","01","Driver Rider","1: PDO","No Control","","",1323233.58,1675338.27,"13232341675338"
"2017-9551-27/05/2021","3 Country","PROSPECT HILL","5201","ALEXANDRINA COUNCIL",2,0,0,0,0,2017,"September","Tuesday","02:30 pm","080","Not Divided","CURVED, VIEW OBSCURED","Unknown","Not Applicable","Unsealed","Dry","Not Raining","Daylight","Head On","01","Driver Rider","1: PDO","No Control","","",1338634.41,1634056.63,"13386341634057"
"2017-9552-27/05/2021","2 Metropolitan","CHRISTIES BEACH","5165","CITY OF ONKAPARINGA",2,0,0,0,0,2017,"September","Wednesday","11:00 am","060","Cross Road","Straight road","Level","Not Applicable","Sealed","Dry","Not Raining","Daylight","Right Angle","02","Driver Rider","1: PDO","Roundabout","","",1317355.86,1648343.09,"13173561648343"
"2017-9553-27/05/2021","2 Metropolitan","HAZELWOOD PARK","5066","CITY OF BURNSIDE",2,0,0,0,0,2017,"September","Tuesday","02:05 pm","060","Cross Road","CURVED, VIEW OPEN","Level","Not Applicable","Sealed","Dry","Not Raining","Daylight","Right Angle","02","Driver Rider","1: PDO","Roundabout","","",1333935.99,1669099.19,"13339361669099"
"2017-9554-27/05/2021","2 Metropolitan","WINGFIELD","5013","CITY OF PORT ADELAIDE ENFIELD",2,1,0,0,1,2017,"September","Tuesday","02:20 pm","060","Cross Road","Straight road","Level","Not Applicable","Sealed","Dry","Not Raining","Daylight","Rear End","01","Driver Rider","2: MI","Traffic Signals","","",1325562.16,1679187.23,"13255621679187"