"REPORT_ID","Stats Area","Suburb","Postcode","LGA Name","Total Units","Total Cas","Total Fats","Total SI","Total MI","Year","Month","Day","Time","Area Speed","Position Type","Horizontal Align","Vertical Align","Other Feat","Road Surface","Moisture Cond","Weather Cond","DayNight","Crash Type","Unit Resp","Entity Code","CSEF Severity","Traffic Ctrls","DUI Involved","Drugs Involved","ACCLOC_X","ACCLOC_Y","UNIQUE_LOC"
"2017-10037-27/05/2021","2 Metropolitan","MODBURY","5092","CITY OF TEA TREE GULLY",2,2,0,0,2,2017,"October","Wednesday","03:10 pm","060","Not Divided","Straight road","Level","Driveway or Entrance","Sealed","Dry","Not Raining","Daylight","Right Turn","01","Driver Rider","2: MI","No Control","","",1336861.81,1681115.65,"13368621681116"
"2017-10038-27/05/2021","2 Metropolitan","MELROSE PARK","5039","CC MITCHAM.                   ",2,1,0,0,1,2017,"October","Wednesday","04:05 pm","050","Not Divided","Straight road","Level","Not Applicable","Sealed","Dry","Not Raining","Daylight","Hit Fixed Object","01","Driver Rider","2: MI","No Control","","",1326482.88,1664693.94,"13264831664694"
"2017-10039-27/05/2021","2 Metropolitan","PORT ADELAIDE","5015","CITY OF PORT ADELAIDE ENFIELD",3,0,0,0,0,2017,"October","Wednesday","05:15 pm","060","Cross Road","Straight road","Level","Not Applicable","Sealed","Dry","Not Raining","Daylight","Side Swipe","02","Driver Rider","1: PDO","Traffic Signals","","",1321034.56,1680321.35,"13210351680321"
"2017-10040-27/05/2021","3 Country","WILLUNGA HILL","5172","ALEXANDRINA COUNCIL",2,0,0,0,0,2017,"October","Tuesday","10:00 pm","100","T-Junction","Straight road","Level","Not Applicable","Sealed","Dry","Not Raining","Night","Right Angle","01","Driver Rider","1: PDO","No Control","","",1325456.97,1628139.29,"13254571628139"
"2017-10041-27/05/2021","2 Metropolitan","FULHAM GARDENS","5024","CITY OF CHARLES STURT",2,0,0,0,0,2017,"October","Tuesday","10:00 pm","050","Not Divided","Straight road","Level","Not Applicable","Sealed","Dry","Not Raining","Night","Hit Parked Vehicle","01","Driver Rider","1: PDO","No Control","","",1320492.93,1672103.18,"13204931672103"
"2017-10042-27/05/2021","2 Metropolitan","LOBETHAL","5241","THE ADELAIDE HILLS COUNCIL",1,1,0,0,1,2017,"October","Tuesday","04:00 pm","080","Not Divided","CURVED, VIEW OBSCURED","Slope","Not Applicable","Sealed","Dry","Not Raining","Daylight","Roll Over","01","Driver Rider","2: MI","No Control","","",1351754.04,1671638.15,"13517541671638"
"2017-10043-27/05/2021","2 Metropolitan","HENDON","5014","CITY OF CHARLES STURT",2,0,0,0,0,2017,"October","Wednesday","06:32 pm","060","Not Divided","Straight road","Level","Not Applicable","Sealed","Dry","Not Raining","Daylight","Rear End","01","Driver Rider","1: PDO","No Control","","",1320671.44,1677522.66,"13206711677523"
"2017-10044-27/05/2021","3 Country","PENRICE","5353","THE BAROSSA COUNCIL.",1,0,0,0,0,2017,"October","Tuesday","05:50 pm","080","Not Divided","CURVED, VIEW OBSCURED","Bottom of Hill","Not Applicable","Sealed","Dry","Not Raining","Daylight","Roll Over","01","Driver Rider","1: PDO","No Control","Y","",1370393.36,1718289.51,"13703931718290"
"2017-10045-27/05/2021","2 Metropolitan","FLAXLEY","5153","DC MT.BARKER.                 ",2,0,0,0,0,2017,"October","Wednesday","09:00 pm","080","Not Divided","Straight road","Slope","Not Applicable","Sealed","Dry","Not Raining","Night","Hit Fixed Object","01","Driver Rider","1: PDO","No Control","","",1350072.41,1646985.51,"13500721646986"
"2017-10046-27/05/2021","2 Metropolitan","ST AGNES","5097","CITY OF TEA TREE GULLY",2,0,0,0,0,2017,"October","Thursday","12:00 am","060","Cross Road","Straight road","Level","Not Applicable","Sealed","Wet","Raining","Night","Hit Fixed Object","01","Driver Rider","1: PDO","Roundabout","","",1338614.98,1680677.78,"13386151680678"
"2017-10047-27/05/2021","2 Metropolitan","GEPPS CROSS","5094","CITY OF PORT ADELAIDE ENFIELD",2,1,0,0,1,2017,"October","Wednesday","01:00 pm","060","Divided Road","Straight road","Level","Not Applicable","Sealed","Dry","Not Raining","Daylight","Rear End","02","Driver Rider","2: MI","No Control","","",1328891.06,1679384.71,"13288911679385"
"2017-10048-27/05/2021","2 Metropolitan","NORWOOD","5067","CC OF NORWOOD,PAYNEHAM & ST PETERS",3,0,0,0,0,2017,"October","Wednesday","09:35 am","050","Divided Road","Straight road","Level","Not Applicable","Sealed","Dry","Not Raining","Daylight","Side Swipe","02","Driver Rider","1: PDO","No Control","","",1331898,1671073.44,"13318981671073"
"2017-10049-27/05/2021","2 Metropolitan","MAGILL","5072","CC CAMPBELLTOWN.              ",4,4,0,0,4,2017,"October","Wednesday","10:56 am","060","T-Junction","Straight road","Level","Not Applicable","Sealed","Dry","Not Raining","Daylight","Rear End","01","Driver Rider","2: MI","No Control","","",1335475.74,1672116.69,"13354761672117"
"2017-10050-27/05/2021","2 Metropolitan","PARACOMBE","5132","THE ADELAIDE HILLS COUNCIL",2,0,0,0,0,2017,"October","Wednesday","07:00 pm","080","Not Divided","Straight road","Slope","Not Applicable","Sealed","Dry","Not Raining","Daylight","Hit Fixed Object","01","Driver Rider","1: PDO","No Control","","",1342775.24,1680099.22,"13427751680099"
"2017-10051-27/05/2021","3 Country","GREENOCK","5360","LIGHT REGIONAL COUNCIL",2,2,0,1,1,2017,"October","Thursday","06:30 am","110","Divided Road","Straight road","Level","Median Opening (not at I/S)","Sealed","Dry","Not Raining","Night","Head On","01","Driver Rider","3: SI","No Control","","",1360658.73,1720411.96,"13606591720412"
"2017-10052-27/05/2021","2 Metropolitan","BRIGHTON","5048","CITY OF HOLDFAST BAY",3,1,0,0,1,2017,"October","Wednesday","10:35 am","060","Divided Road","Straight road","Level","Not Applicable","Sealed","Dry","Not Raining","Daylight","Rear End","01","Driver Rider","2: MI","No Control","","",1321141.71,1660782,"13211421660782"
"2017-10053-27/05/2021","2 Metropolitan","OVINGHAM","5082","CITY OF PROSPECT",2,1,0,0,1,2017,"October","Wednesday","02:15 pm","050","Divided Road","Straight road","Level","Roadworks","Sealed","Dry","Not Raining","Daylight","Rear End","02","Driver Rider","2: MI","No Control","","",1327277.52,1674013.57,"13272781674014"
"2017-10054-27/05/2021","2 Metropolitan","HACKHAM WEST","5163","CITY OF ONKAPARINGA",2,0,0,0,0,2017,"October","Thursday","09:30 am","060","T-Junction","Straight road","Slope","Not Applicable","Sealed","Dry","Not Raining","Daylight","Right Angle","01","Driver Rider","1: PDO","No Control","","",1320851.88,1646895.66,"13208521646896"
"2017-10055-27/05/2021","2 Metropolitan","ADELAIDE","5000","CITY OF UNLEY",2,0,0,0,0,2017,"October","Thursday","09:50 am","060","Cross Road","Straight road","Level","Not Applicable","Sealed","Dry","Not Raining","Daylight","Rear End","02","Driver Rider","1: PDO","Traffic Signals","","",1327425.52,1668934.69,"13274261668935"
"2017-10056-27/05/2021","3 Country","ANGASTON","5353","THE BAROSSA COUNCIL.",2,0,0,0,0,2017,"October","Thursday","07:55 am","080","T-Junction","CURVED, VIEW OPEN","Bottom of Hill","Not Applicable","Sealed","Wet","Unknown","Daylight","Rear End","01","Driver Rider","1: PDO","No Control","","",1368703.05,1715784.73,"13687031715785"
"2017-10057-27/05/2021","2 Metropolitan","WOODVILLE","5011","CITY OF CHARLES STURT",2,1,0,0,1,2017,"October","Tuesday","04:25 pm","050","T-Junction","Straight road","Level","Not Applicable","Sealed","Dry","Not Raining","Daylight","Rear End","02","Driver Rider","2: MI","No Control","","",1322916.39,1676045.4,"13229161676045"
"2017-10058-27/05/2021","1 City","ADELAIDE","5000","CITY OF ADELAIDE",2,0,0,0,0,2017,"October","Thursday","07:00 am","050","Cross Road","Straight road","Level","Not Applicable","Sealed","Dry","Not Raining","Daylight","Side Swipe","01","Driver Rider","1: PDO","Traffic Signals","","",1329034.22,1670362.17,"13290341670362"
"2017-10059-27/05/2021","2 Metropolitan","GLYNDE","5070","CC OF NORWOOD,PAYNEHAM & ST PETERS",3,0,0,0,0,2017,"October","Thursday","08:20 am","060","Divided Road","Straight road","Level","Not Applicable","Sealed","Dry","Not Raining","Daylight","Rear End","01","Driver Rider","1: PDO","No Control","","",1333109.82,1674213.85,"13331101674214"
"2017-10060-27/05/2021","2 Metropolitan","GOODWOOD","5034","CITY OF UNLEY",2,1,0,0,1,2017,"July","Wednesday","01:00 pm","040","Not Divided","Straight road","Level","Not Applicable","Sealed","Dry","Not Raining","Daylight","Rear End","02","Driver Rider","2: MI","No Control","","",1327299.79,1667974.26,"13273001667974"
"2017-10061-27/05/2021","2 Metropolitan","HOLDEN HILL","5088","CITY OF PORT ADELAIDE ENFIELD",2,0,0,0,0,2017,"October","Thursday","12:25 pm","060","Divided Road","Straight road","Level","Not Applicable","Sealed","Dry","Not Raining","Daylight","Rear End","01","Driver Rider","1: PDO","No Control","","",1334620.39,1678489.38,"13346201678489"
"2017-10062-27/05/2021","3 Country","STUART","5320","MID MURRAY DISTRICT COUNCIL",2,2,0,1,1,2017,"October","Wednesday","03:20 pm","110","Not Divided","Straight road","Level","Not Applicable","Sealed","Dry","Not Raining","Daylight","Hit Animal","02","Animal","3: SI","No Control","","",1443711.83,1766261.79,"14437121766262"
"2017-10063-27/05/2021","3 Country","PORT LINCOLN","5606","CC PT.LINCOLN.                ",2,0,0,0,0,2017,"October","Thursday","12:00 pm","050","Cross Road","Straight road","Level","Not Applicable","Sealed","Dry","Not Raining","Daylight","Right Angle","02","Driver Rider","1: PDO","Give Way Sign","","",1079312.51,1697462.66,"10793131697463"
"2017-10064-27/05/2021","3 Country","COULTA","5607","DC LOWER EYRE PENINSULA       ",1,1,0,0,1,2017,"July","Saturday","02:00 am","110","Not Divided","CURVED, VIEW OPEN","Unknown","Not Applicable","Sealed","Dry","Not Raining","Night","Roll Over","01","Driver Rider","2: MI","No Control","Y","",1043138.55,1738364.13,"10431391738364"
"2017-10065-27/05/2021","2 Metropolitan","NORWOOD","5067","CC OF NORWOOD,PAYNEHAM & ST PETERS",2,0,0,0,0,2017,"October","Thursday","10:30 am","060","Cross Road","Straight road","Level","Not Applicable","Sealed","Dry","Not Raining","Daylight","Right Angle","02","Driver Rider","1: PDO","Roundabout","","",1330623.32,1670361.88,"13306231670362"
"2017-10066-27/05/2021","1 City","NORTH ADELAIDE","5006","CITY OF ADELAIDE",2,0,0,0,0,2017,"October","Thursday","09:30 am","050","Cross Road","Straight road","Slope","Not Applicable","Sealed","Dry","Not Raining","Daylight","Hit Pedestrian","01","Pedestrian","1: PDO","Traffic Signals","","",1328227.4,1672725.75,"13282271672726"
"2017-10067-27/05/2021","2 Metropolitan","ROSSLYN PARK","5072","CITY OF BURNSIDE",2,1,0,0,1,2017,"October","Wednesday","12:15 pm","060","Cross Road","Straight road","Level","Not Applicable","Sealed","Dry","Not Raining","Daylight","Right Angle","02","Driver Rider","2: MI","Roundabout","","",1335500.57,1671157.55,"13355011671158"
"2017-10068-27/05/2021","2 Metropolitan","MCLAREN VALE","5171","CITY OF ONKAPARINGA",2,0,0,0,0,2017,"October","Thursday","12:05 pm","050","Not Divided","Straight road","Level","Driveway or Entrance","Sealed","Dry","Not Raining","Daylight","Right Angle","01","Driver Rider","1: PDO","No Control","","",1321807.1,1638759.13,"13218071638759"
"2017-10069-27/05/2021","2 Metropolitan","SEACOMBE GARDENS","5047","CC MARION.                    ",2,0,0,0,0,2017,"October","Thursday","01:20 pm","060","Divided Road","Straight road","Level","Not Applicable","Sealed","Dry","Not Raining","Daylight","Side Swipe","02","Driver Rider","1: PDO","No Control","","",1323284.7,1660644.07,"13232851660644"
"2017-10070-27/05/2021","2 Metropolitan","SALISBURY NORTH","5108","CITY OF SALISBURY",2,0,0,0,0,2017,"September","Wednesday","04:30 pm","050","Not Divided","Straight road","Level","Not Applicable","Sealed","Dry","Not Raining","Daylight","Hit Parked Vehicle","02","Driver Rider","1: PDO","No Control","","",1331928.8,1690972.62,"13319291690973"
"2017-10071-27/05/2021","2 Metropolitan","ELIZABETH VALE","5112","CITY OF PLAYFORD.",3,0,0,0,0,2017,"October","Thursday","10:30 am","050","T-Junction","CURVED, VIEW OPEN","Level","Not Applicable","Sealed","Dry","Not Raining","Daylight","Hit Parked Vehicle","01","Driver Rider","1: PDO","No Control","","",1334728.53,1690013.09,"13347291690013"
"2017-10072-27/05/2021","3 Country","KOONAMORE","5440",,1,0,0,0,0,2017,"October","Wednesday","04:00 pm","100","Not Divided","Straight road","Level","Not Applicable","Unsealed","Dry","Not Raining","Daylight","Left Road - Out of Control","09","Other","1: PDO","No Control","","",1420579.65,1999301.76,"14205801999302"
"2017-10073-27/05/2021","3 Country","PIKE RIVER","5340","DC RENMARK PARINGA            ",2,1,0,0,1,2017,"October","Wednesday","11:30 am","110","Not Divided","Straight road","Level","Not Applicable","Sealed","Dry","Not Raining","Daylight","Roll Over","01","Driver Rider","2: MI","No Control","","",1530296.9,1734632.51,"15302971734633"
"2017-10074-27/05/2021","2 Metropolitan","MAWSON LAKES","5095","CITY OF SALISBURY",2,0,0,0,0,2017,"October","Thursday","03:36 pm","080","Divided Road","Straight road","Level","Not Applicable","Sealed","Dry","Not Raining","Daylight","Rear End","02","Driver Rider","1: PDO","No Control","","",1328653.27,1684856.09,"13286531684856"
"2017-10075-27/05/2021","2 Metropolitan","NEWTON","5074","CC CAMPBELLTOWN.              ",2,1,0,0,1,2017,"October","Thursday","03:28 pm","060","T-Junction","Straight road","Level","Not Applicable","Sealed","Dry","Not Raining","Daylight","Right Angle","02","Driver Rider","2: MI","No Control","","",1335377.72,1675919.88,"13353781675920"
"2017-10076-27/05/2021","2 Metropolitan","KESWICK","5035","CITY OF WEST TORRENS",2,0,0,0,0,2017,"October","Thursday","08:15 am","060","T-Junction","Straight road","Level","Not Applicable","Sealed","Dry","Not Raining","Daylight","Rear End","01","Driver Rider","1: PDO","No Control","","",1326559.92,1668496.69,"13265601668497"
"2017-10077-27/05/2021","2 Metropolitan","HINDMARSH","5007","CITY OF CHARLES STURT",2,0,0,0,0,2017,"October","Thursday","02:22 pm","060","Divided Road","CURVED, VIEW OPEN","Level","Median Opening (not at I/S)","Sealed","Dry","Not Raining","Daylight","Side Swipe","02","Driver Rider","1: PDO","No Control","","",1325700.28,1673269.28,"13257001673269"
"2017-10078-27/05/2021","2 Metropolitan","FOREST RANGE","5139","THE ADELAIDE HILLS COUNCIL",1,1,0,0,1,2017,"October","Monday","02:00 pm","080","Not Divided","CURVED, VIEW OPEN","Level","Not Applicable","Sealed","Dry","Not Raining","Daylight","Roll Over","09","Other","2: MI","No Control","","",1345110.58,1668352.95,"13451111668353"
"2017-10079-27/05/2021","2 Metropolitan","WOODVILLE PARK","5011","CITY OF CHARLES STURT",2,1,0,0,1,2017,"October","Thursday","05:15 pm","060","Not Divided","Straight road","Level","Not Applicable","Sealed","Dry","Not Raining","Daylight","Rear End","02","Driver Rider","2: MI","No Control","","",1324174.45,1676195.73,"13241741676196"
"2017-10080-27/05/2021","2 Metropolitan","MAYLANDS","5069","CC OF NORWOOD,PAYNEHAM & ST PETERS",2,0,0,0,0,2017,"October","Thursday","05:55 pm","060","Cross Road","Straight road","Level","Not Applicable","Sealed","Dry","Not Raining","Daylight","Right Turn","02","Driver Rider","1: PDO","Traffic Signals","","",1332227.63,1671761.35,"13322281671761"
"2017-10081-27/05/2021","2 Metropolitan","SALISBURY DOWNS","5108","CITY OF SALISBURY",2,1,0,0,1,2017,"October","Thursday","06:00 pm","050","Not Divided","CURVED, VIEW OPEN","Level","Not Applicable","Sealed","Dry","Not Raining","Daylight","Hit Fixed Object","01","Driver Rider","2: MI","No Control","","",1330893.99,1688030.51,"13308941688031"
"2017-10082-27/05/2021","2 Metropolitan","MITCHELL PARK","5043","CC MARION.                    ",2,0,0,0,0,2017,"October","Thursday","06:30 pm","060","T-Junction","Straight road","Level","Not Applicable","Sealed","Dry","Not Raining","Daylight","Side Swipe","02","Driver Rider","1: PDO","Give Way Sign","","",1324756.56,1660682.64,"13247571660683"
"2017-10083-27/05/2021","2 Metropolitan","SOUTH PLYMPTON","5038","CC MARION.                    ",2,0,0,0,0,2017,"October","Thursday","03:35 pm","060","Divided Road","Straight road","Level","Not Applicable","Sealed","Dry","Not Raining","Daylight","Rear End","02","Driver Rider","1: PDO","No Control","Y","",1324270.7,1665371.62,"13242711665372"
"2017-10084-27/05/2021","3 Country","CURRENCY CREEK","5214","ALEXANDRINA COUNCIL",2,0,0,0,0,2017,"October","Wednesday","09:30 pm","100","Not Divided","Straight road","Bottom of Hill","Not Applicable","Sealed","Dry","Not Raining","Night","Hit Fixed Object","01","Driver Rider","1: PDO","No Control","","",1337580.4,1613061.79,"13375801613062"
"2017-10085-27/05/2021","2 Metropolitan","WINGFIELD","5013","CITY OF PORT ADELAIDE ENFIELD",3,0,0,0,0,2017,"October","Thursday","09:45 am","090","Freeway","CURVED, VIEW OPEN","Slope","Not Applicable","Sealed","Dry","Not Raining","Daylight","Other","02","Driver Rider","1: PDO","No Control","","",1327050.05,1681021.91,"13270501681022"
"2017-10086-27/05/2021","2 Metropolitan","LOCKLEYS","5032","CITY OF WEST TORRENS",2,0,0,0,0,2017,"October","Thursday","10:30 pm","060","Not Divided","CURVED, VIEW OBSCURED","Level","Not Applicable","Sealed","Dry","Not Raining","Night","Hit Fixed Object","09","Other","1: PDO","No Control","","",1322637.74,1670894.44,"13226381670894"
"2017-10087-27/05/2021","3 Country","WORROLONG","5291","DISTRICT COUNCIL OF GRANT",2,2,0,1,1,2017,"October","Thursday","05:00 pm","080","Not Divided","Straight road","Unknown","Unknown","Unknown","Unknown","Unknown","Daylight","Hit Fixed Object","01","Driver Rider","3: SI","No Control","Y","",1516033.9,1340654.07,"15160341340654"
"2017-10088-27/05/2021","2 Metropolitan","SEAFORD MEADOWS","5169","CITY OF ONKAPARINGA",2,2,1,0,1,2017,"October","Friday","04:51 am","060","Cross Road","Straight road","Slope","Not Applicable","Sealed","Dry","Not Raining","Night","Hit Fixed Object","01","Driver Rider","4: Fatal","Traffic Signals","","Y",1318091.98,1642826.26,"13180921642826"
"2017-10089-27/05/2021","2 Metropolitan","BRUKUNGA","5252","DC MT.BARKER.                 ",2,0,0,0,0,2017,"October","Thursday","09:05 am","080","Not Divided","CURVED, VIEW OPEN","Slope","Not Applicable","Unsealed","Dry","Not Raining","Daylight","Hit Fixed Object","01","Driver Rider","1: PDO","No Control","","",1360742.84,1660992.07,"13607431660992"
"2017-10090-27/05/2021","2 Metropolitan","BURTON","5110","CITY OF SALISBURY",2,0,0,0,0,2017,"October","Tuesday","12:30 pm","060","Not Divided","Straight road","Level","Not Applicable","Sealed","Dry","Not Raining","Daylight","Right Angle","02","Driver Rider","1: PDO","No Control","","",1328160.42,1690901.19,"13281601690901"
"2017-10091-27/05/2021","2 Metropolitan","WALKERVILLE","5081","WALKERVILLE TOWN COUNCIL",2,0,0,0,0,2017,"October","Thursday","06:45 pm","050","Cross Road","Straight road","Level","Not Applicable","Sealed","Dry","Not Raining","Daylight","Right Angle","02","Driver Rider","1: PDO","Stop Sign","","",1329846.43,1674150.61,"13298461674151"
"2017-10092-27/05/2021","2 Metropolitan","CUMBERLAND PARK","5041","CC MITCHAM.                   ",2,0,0,0,0,2017,"October","Friday","07:59 am","060","T-Junction","Straight road","Level","Not Applicable","Sealed","Dry","Not Raining","Daylight","Right Angle","02","Driver Rider","1: PDO","No Control","","",1327129.92,1664983.2,"13271301664983"
"2017-10093-27/05/2021","2 Metropolitan","GLANDORE","5037","CITY OF UNLEY",2,0,0,0,0,2017,"October","Thursday","08:00 am","060","Divided Road","Straight road","Level","Not Applicable","Sealed","Dry","Not Raining","Daylight","Side Swipe","01","Driver Rider","1: PDO","No Control","","",1325866.26,1666817.94,"13258661666818"
"2017-10094-27/05/2021","2 Metropolitan","WARRADALE","5046","CC MARION.                    ",2,0,0,0,0,2017,"October","Thursday","03:45 pm","060","Cross Road","Straight road","Level","Not Applicable","Sealed","Dry","Not Raining","Daylight","Rear End","02","Driver Rider","1: PDO","Traffic Signals","","",1322704.43,1663065.16,"13227041663065"
"2017-10095-27/05/2021","2 Metropolitan","MAGILL","5072","CC CAMPBELLTOWN.              ",1,0,0,0,0,2017,"October","Friday","09:40 am","050","Not Divided","Straight road","Level","Not Applicable","Sealed","Dry","Not Raining","Daylight","Other","01","Driver Rider","1: PDO","No Control","","",1335099.12,1672186.6,"13350991672187"
"2017-10096-27/05/2021","2 Metropolitan","PARK HOLME","5043","CC MARION.                    ",2,1,0,0,1,2017,"October","Friday","11:10 am","060","Pedestrian Crossing","Straight road","Level","Not Applicable","Sealed","Dry","Not Raining","Daylight","Right Angle","02","Driver Rider","2: MI","Traffic Signals","","",1324322.35,1663136.54,"13243221663137"
"2017-10097-27/05/2021","2 Metropolitan","REGENCY PARK","5010","CITY OF PORT ADELAIDE ENFIELD",2,0,0,0,0,2017,"October","Thursday","05:35 pm","060","Divided Road","Straight road","Level","Not Applicable","Sealed","Dry","Not Raining","Daylight","Rear End","02","Driver Rider","1: PDO","No Control","","",1326318.74,1676380.96,"13263191676381"
"2017-10098-27/05/2021","2 Metropolitan","CAMPBELLTOWN","5074","CC CAMPBELLTOWN.              ",2,0,0,0,0,2017,"October","Friday","09:30 am","060","T-Junction","Straight road","Level","Not Applicable","Sealed","Dry","Not Raining","Daylight","Rear End","02","Driver Rider","1: PDO","No Control","","",1335389.27,1675318.98,"13353891675319"
"2017-10099-27/05/2021","2 Metropolitan","BUGLE RANGES","5251","DC MT.BARKER.                 ",2,0,0,0,0,2017,"October","Friday","11:40 am","080","T-Junction","CURVED, VIEW OPEN","Level","Not Applicable","Unsealed","Dry","Not Raining","Daylight","Hit Fixed Object","01","Driver Rider","1: PDO","No Control","","",1349966.33,1647184.98,"13499661647185"
"2017-10100-27/05/2021","2 Metropolitan","STIRLING","5152","THE ADELAIDE HILLS COUNCIL",2,0,0,0,0,2017,"October","Friday","11:30 am","050","Not Divided","Straight road","Slope","Driveway or Entrance","Sealed","Dry","Not Raining","Daylight","Right Angle","02","Driver Rider","1: PDO","No Control","","",1338915.53,1661342.39,"13389161661342"
"2017-10101-27/05/2021","3 Country","DUBLIN","5501","DC MALLALA.                   ",2,0,0,0,0,2017,"October","Friday","12:00 pm","110","Divided Road","Straight road","Level","Not Applicable","Sealed","Dry","Not Raining","Daylight","Hit Fixed Object","01","Driver Rider","1: PDO","No Control","","",1306928.06,1724752.61,"13069281724753"
"2017-10102-27/05/2021","2 Metropolitan","THEBARTON","5031","CITY OF WEST TORRENS",2,0,0,0,0,2017,"October","Thursday","07:25 pm","060","Divided Road","Straight road","Level","Not Applicable","Sealed","Dry","Not Raining","Night","Side Swipe","02","Driver Rider","1: PDO","No Control","","",1326557.79,1671853.9,"13265581671854"
"2017-10103-27/05/2021","2 Metropolitan","MOUNT GEORGE","5155","THE ADELAIDE HILLS COUNCIL",2,0,0,0,0,2017,"October","Thursday","04:30 pm","060","Not Divided","Straight road","Slope","Not Applicable","Sealed","Dry","Not Raining","Daylight","Hit Fixed Object","01","Driver Rider","1: PDO","No Control","","",1342275.6,1662963.43,"13422761662963"
"2017-10104-27/05/2021","2 Metropolitan","CHRISTIE DOWNS","5164","CITY OF ONKAPARINGA",2,0,0,0,0,2017,"October","Thursday","08:15 pm","070","T-Junction","CURVED, VIEW OPEN","Level","Not Applicable","Sealed","Dry","Not Raining","Night","Right Angle","01","Driver Rider","1: PDO","No Control","","",1318062.84,1648616.43,"13180631648616"
"2017-10105-27/05/2021","2 Metropolitan","MEDINDIE","5081","WALKERVILLE TOWN COUNCIL",2,0,0,0,0,2017,"October","Friday","07:55 am","060","T-Junction","CURVED, VIEW OPEN","Level","Not Applicable","Sealed","Dry","Not Raining","Daylight","Side Swipe","02","Driver Rider","1: PDO","Traffic Signals","","",1328923.59,1674231.38,"13289241674231"
"2017-10106-27/05/2021","2 Metropolitan","STEPNEY","5069","CC OF NORWOOD,PAYNEHAM & ST PETERS",2,0,0,0,0,2017,"October","Friday","03:30 pm","060","Cross Road","Straight road","Level","Not Applicable","Sealed","Dry","Not Raining","Daylight","Right Turn","01","Driver Rider","1: PDO","Traffic Signals","","",1331106.72,1672391.46,"13311071672391"
"2017-10107-27/05/2021","3 Country","BORDERTOWN","5268","DC TATIARA.                   ",2,0,0,0,0,2017,"October","Friday","02:00 pm","080","Not Divided","Straight road","Level","Not Applicable","Sealed","Dry","Not Raining","Daylight","Side Swipe","02","Driver Rider","1: PDO","No Control","","",1517894.13,1509494.37,"15178941509494"
"2017-10108-27/05/2021","2 Metropolitan","WEST HINDMARSH","5007","CITY OF CHARLES STURT",2,0,0,0,0,2017,"October","Friday","03:40 pm","060","T-Junction","Straight road","Level","Not Applicable","Sealed","Dry","Not Raining","Daylight","Right Turn","01","Driver Rider","1: PDO","No Control","","",1325178.14,1673178.98,"13251781673179"
"2017-10109-27/05/2021","2 Metropolitan","WOODVILLE PARK","5011","CITY OF CHARLES STURT",2,0,0,0,0,2017,"October","Friday","09:45 am","060","Not Divided","Straight road","Level","Not Applicable","Sealed","Dry","Not Raining","Daylight","Rear End","02","Driver Rider","1: PDO","No Control","","",1324020.16,1675418.53,"13240201675419"
"2017-10110-27/05/2021","2 Metropolitan","PARK HOLME","5043","CC MARION.                    ",2,0,0,0,0,2017,"September","Wednesday","01:45 pm","050","T-Junction","Straight road","Level","Not Applicable","Sealed","Dry","Not Raining","Daylight","Hit Parked Vehicle","01","Driver Rider","1: PDO","No Control","","",1323810.48,1663426.79,"13238101663427"
"2017-10111-27/05/2021","3 Country","GREENOCK","5360","LIGHT REGIONAL COUNCIL",2,0,0,0,0,2017,"October","Friday","03:30 pm","110","Divided Road","Straight road","Slope","Not Applicable","Sealed","Dry","Not Raining","Daylight","Hit Fixed Object","01","Driver Rider","1: PDO","No Control","","",1357832.02,1720471.98,"13578321720472"
"2017-10112-27/05/2021","2 Metropolitan","CHANDLERS HILL","5159","CITY OF ONKAPARINGA",2,0,0,0,0,2017,"October","Thursday","06:10 pm","080","Not Divided","CURVED, VIEW OPEN","Slope","Not Applicable","Sealed","Dry","Not Raining","Daylight","Hit Object on Road","01","Driver Rider","1: PDO","No Control","","",1328754.01,1651348.65,"13287541651349"
"2017-10113-27/05/2021","2 Metropolitan","GREEN FIELDS","5107","CITY OF SALISBURY",2,1,0,0,1,2017,"October","Friday","04:50 pm","070","Divided Road","Straight road","Level","Not Applicable","Sealed","Dry","Not Raining","Daylight","Rear End","02","Driver Rider","2: MI","No Control","","",1329848.97,1684808.61,"13298491684809"
"2017-10114-27/05/2021","2 Metropolitan","WOODVILLE NORTH","5012","CITY OF CHARLES STURT",2,0,0,0,0,2017,"October","Friday","05:40 pm","060","T-Junction","Straight road","Level","Not Applicable","Sealed","Dry","Not Raining","Daylight","Right Angle","02","Driver Rider","1: PDO","No Control","","",1323952.4,1677157.01,"13239521677157"
"2017-10115-27/05/2021","2 Metropolitan","HINDMARSH","5007","CITY OF CHARLES STURT",2,1,0,0,1,2017,"October","Friday","02:30 pm","060","Divided Road","Straight road","Level","Not Applicable","Sealed","Dry","Not Raining","Daylight","Side Swipe","01","Driver Rider","2: MI","No Control","","",1325920.12,1673145.58,"13259201673146"
"2017-10116-27/05/2021","2 Metropolitan","PAYNEHAM","5070","CC OF NORWOOD,PAYNEHAM & ST PETERS",2,1,0,0,1,2017,"October","Friday","06:45 pm","060","Divided Road","Straight road","Level","Not Applicable","Sealed","Dry","Not Raining","Daylight","Side Swipe","01","Driver Rider","2: MI","No Control","","",1332189.18,1673485.08,"13321891673485"