"REPORT_ID","Stats Area","Suburb","Postcode","LGA Name","Total Units","Total Cas","Total Fats","Total SI","Total MI","Year","Month","Day","Time","Area Speed","Position Type","Horizontal Align","Vertical Align","Other Feat","Road Surface","Moisture Cond","Weather Cond","DayNight","Crash Type","Unit Resp","Entity Code","CSEF Severity","Traffic Ctrls","DUI Involved","Drugs Involved","ACCLOC_X","ACCLOC_Y","UNIQUE_LOC"
"2017-11158-27/05/2021","3 Country","PALMER","5237","MID MURRAY DISTRICT COUNCIL",2,0,0,0,0,2017,"November","Sunday","07:10 am","100","Not Divided","Straight road","Level","Not Applicable","Sealed","Dry","Not Raining","Daylight","Hit Fixed Object","09","Other","1: PDO","No Control","","",1379896.46,1674827.7,"13798961674828"
"2017-11159-27/05/2021","3 Country","NALYAPPA","5558","YORKE PENINSULA COUNCIL",2,0,0,0,0,2017,"November","Saturday","06:30 pm","060","T-Junction","Straight road","Unknown","Not Applicable","Unsealed","Dry","Unknown","Daylight","Hit Fixed Object","01","Driver Rider","1: PDO","No Control","","",1236480.27,1760764.71,"12364801760765"
"2017-11160-27/05/2021","2 Metropolitan","WOODVILLE NORTH","5012","CITY OF CHARLES STURT",2,0,0,0,0,2017,"November","Saturday","11:30 pm","060","Divided Road","Straight road","Level","Not Applicable","Sealed","Dry","Not Raining","Night","Hit Parked Vehicle","01","Driver Rider","1: PDO","No Control","","",1323746.84,1676610.55,"13237471676611"
"2017-11161-27/05/2021","3 Country","MALLALA","5502","DC MALLALA.                   ",2,0,0,0,0,2017,"November","Saturday","11:00 am","080","Cross Road","Straight road","Level","Not Applicable","Unsealed","Dry","Not Raining","Daylight","Right Angle","02","Driver Rider","1: PDO","Give Way Sign","","",1324260.12,1728231.27,"13242601728231"
"2017-11162-27/05/2021","2 Metropolitan","KURRALTA PARK","5037","CITY OF WEST TORRENS",2,0,0,0,0,2017,"November","Sunday","07:40 am","050","Not Divided","Straight road","Level","Not Applicable","Sealed","Dry","Not Raining","Daylight","Hit Parked Vehicle","01","Driver Rider","1: PDO","No Control","","",1325657.7,1668328.88,"13256581668329"
"2017-11163-27/05/2021","2 Metropolitan","HOLDEN HILL","5088","CITY OF PORT ADELAIDE ENFIELD",2,0,0,0,0,2017,"November","Sunday","11:00 am","060","Divided Road","Straight road","Level","Not Applicable","Sealed","Dry","Not Raining","Daylight","Rear End","02","Driver Rider","1: PDO","No Control","","",1334225.09,1678297.9,"13342251678298"
"2017-11164-27/05/2021","2 Metropolitan","KILBURN","5084","CITY OF PORT ADELAIDE ENFIELD",2,1,0,0,1,2017,"October","Saturday","11:15 am","050","Not Divided","Straight road","Level","Not Applicable","Sealed","Dry","Not Raining","Daylight","Hit Parked Vehicle","02","Driver Rider","2: MI","No Control","","",1327960.04,1677152.5,"13279601677153"
"2017-11165-27/05/2021","2 Metropolitan","PLYMPTON PARK","5038","CC MARION.                    ",2,0,0,0,0,2017,"November","Sunday","10:10 am","060","T-Junction","Straight road","Level","Not Applicable","Sealed","Dry","Not Raining","Daylight","Right Angle","01","Driver Rider","1: PDO","Stop Sign","","",1324274.52,1664983.76,"13242751664984"
"2017-11166-27/05/2021","1 City","ADELAIDE","5000","CITY OF ADELAIDE",2,1,0,0,1,2017,"November","Friday","05:00 pm","050","Not Divided","Straight road","Level","Not Applicable","Sealed","Dry","Not Raining","Daylight","Side Swipe","01","Driver Rider","2: MI","No Control","","",1329355.76,1669903.23,"13293561669903"
"2017-11167-27/05/2021","2 Metropolitan","MITCHELL PARK","5043","CC MARION.                    ",2,0,0,0,0,2017,"November","Sunday","01:40 pm","060","Divided Road","Straight road","Level","Not Applicable","Sealed","Dry","Not Raining","Daylight","Rear End","02","Driver Rider","1: PDO","No Control","","",1324372,1661811.12,"13243721661811"
"2017-11168-27/05/2021","2 Metropolitan","CAMPBELLTOWN","5074","CC CAMPBELLTOWN.              ",2,1,0,0,1,2017,"November","Sunday","11:43 am","060","T-Junction","Straight road","Level","Not Applicable","Sealed","Dry","Not Raining","Daylight","Right Angle","01","Driver Rider","2: MI","Traffic Signals","","",1334476.64,1675729.32,"13344771675729"
"2017-11169-27/05/2021","2 Metropolitan","MORPHETT VALE","5162","CITY OF ONKAPARINGA",3,0,0,0,0,2017,"November","Sunday","01:45 pm","060","Divided Road","Straight road","Level","Not Applicable","Sealed","Dry","Not Raining","Daylight","Other","01","Driver Rider","1: PDO","No Control","","",1320747.68,1650315.3,"13207481650315"
"2017-11170-27/05/2021","2 Metropolitan","TOTNESS","5250","DC MT.BARKER.                 ",2,2,0,0,2,2017,"November","Sunday","01:35 pm","060","T-Junction","Straight road","Slope","Not Applicable","Sealed","Dry","Not Raining","Daylight","Right Angle","01","Driver Rider","2: MI","No Control","","",1351004.33,1655605.84,"13510041655606"
"2017-11171-27/05/2021","3 Country","MURRAY BRIDGE","5253","RC MURRAY BRIDGE.             ",2,1,0,0,1,2017,"November","Sunday","02:25 pm","050","Cross Road","Straight road","Level","Not Applicable","Sealed","Dry","Not Raining","Daylight","Right Angle","01","Driver Rider","2: MI","Give Way Sign","","",1387692.3,1646922.74,"13876921646923"
"2017-11172-27/05/2021","3 Country","SOLOMONTOWN","5540","PT.PIRIE CITY & DIST. COUNCIL ",2,1,0,0,1,2017,"November","Sunday","03:02 pm","100","Not Divided","Straight road","Level","Not Applicable","Sealed","Dry","Not Raining","Daylight","Hit Fixed Object","01","Driver Rider","2: MI","No Control","","",1282358.5,1865261.95,"12823591865262"
"2017-11173-27/05/2021","2 Metropolitan","STIRLING","5152","THE ADELAIDE HILLS COUNCIL",2,0,0,0,0,2017,"November","Saturday","04:24 pm","080","Not Divided","Straight road","Level","Not Applicable","Sealed","Dry","Not Raining","Daylight","Head On","02","Driver Rider","1: PDO","No Control","","",1338258.82,1660804.6,"13382591660805"
"2017-11174-27/05/2021","2 Metropolitan","GLOBE DERBY PARK","5110","CITY OF SALISBURY",2,0,0,0,0,2017,"November","Sunday","01:50 pm","060","Not Divided","CURVED, VIEW OPEN","Level","Not Applicable","Sealed","Dry","Not Raining","Daylight","Hit Fixed Object","01","Driver Rider","1: PDO","No Control","","",1328297.14,1685543.2,"13282971685543"
"2017-11175-27/05/2021","2 Metropolitan","PORT NOARLUNGA SOUTH","5167","CITY OF ONKAPARINGA",3,0,0,0,0,2017,"November","Sunday","02:59 pm","070","Not Divided","Straight road","Level","Not Applicable","Sealed","Dry","Not Raining","Daylight","Hit Fixed Object","01","Driver Rider","1: PDO","No Control","","",1316296.79,1644176.3,"13162971644176"
"2017-11176-27/05/2021","2 Metropolitan","WARRADALE","5046","CC MARION.                    ",2,0,0,0,0,2017,"November","Sunday","04:05 pm","060","T-Junction","Straight road","Level","Not Applicable","Sealed","Dry","Not Raining","Daylight","Rear End","02","Driver Rider","1: PDO","No Control","","",1321955.46,1662915.93,"13219551662916"
"2017-11177-27/05/2021","3 Country","FOUNTAIN","5607","DC LOWER EYRE PENINSULA       ",2,0,0,0,0,2017,"November","Sunday","04:00 pm","110","Not Divided","Straight road","Level","Not Applicable","Sealed","Dry","Not Raining","Daylight","Hit Animal","01","Driver Rider","1: PDO","No Control","","",1059507.79,1711523.67,"10595081711524"
"2017-11178-27/05/2021","2 Metropolitan","BEDFORD PARK","5042","CC MITCHAM.                   ",2,0,0,0,0,2017,"November","Sunday","03:30 pm","040","T-Junction","Straight road","Slope","Not Applicable","Sealed","Dry","Not Raining","Daylight","Hit Fixed Object","01","Driver Rider","1: PDO","No Control","","",1325143.68,1659966.71,"13251441659967"
"2017-11179-27/05/2021","2 Metropolitan","MCLAREN VALE","5171","CITY OF ONKAPARINGA",2,0,0,0,0,2017,"November","Sunday","04:40 pm","050","Cross Road","Straight road","Level","Not Applicable","Sealed","Dry","Not Raining","Daylight","Right Angle","02","Driver Rider","1: PDO","Give Way Sign","","",1322296.89,1638305.98,"13222971638306"
"2017-11180-27/05/2021","3 Country","MENINGIE WEST","5264","COORONG DISTRICT COUNCIL",2,0,0,0,0,2017,"November","Saturday","09:58 pm","100","Not Divided","Straight road","Level","Not Applicable","Sealed","Dry","Not Raining","Night","Hit Fixed Object","01","Driver Rider","1: PDO","No Control","","",1380762.34,1585899.55,"13807621585900"
"2017-11181-27/05/2021","3 Country","MOUNT BRYAN","5418","REGIONAL COUNCIL OF GOYDER",2,1,0,0,1,2017,"November","Sunday","06:05 pm","110","T-Junction","Straight road","Level","Not Applicable","Sealed","Dry","Not Raining","Daylight","Hit Fixed Object","01","Driver Rider","2: MI","No Control","","",1360398.48,1815968.13,"13603981815968"
"2017-11182-27/05/2021","2 Metropolitan","ALDINGA","5173","CITY OF ONKAPARINGA",2,0,0,0,0,2017,"November","Sunday","11:55 pm","060","Not Divided","Straight road","Level","Roadworks","Sealed","Dry","Not Raining","Night","Rear End","02","Driver Rider","1: PDO","No Control","","",1316071.13,1632002.49,"13160711632002"
"2017-11183-27/05/2021","3 Country","BERRI","5343","THE BERRI BARMERA COUNCIL",2,0,0,0,0,2017,"November","Monday","08:20 am","060","Divided Road","CURVED, VIEW OPEN","Slope","Driveway or Entrance","Sealed","Dry","Not Raining","Daylight","Side Swipe","02","Driver Rider","1: PDO","No Control","","",1514218.71,1733978.57,"15142191733979"
"2017-11184-27/05/2021","2 Metropolitan","MILE END SOUTH","5031","CITY OF WEST TORRENS",2,0,0,0,0,2017,"November","Monday","08:35 am","060","T-Junction","Straight road","Level","Not Applicable","Sealed","Dry","Not Raining","Daylight","Right Angle","02","Driver Rider","1: PDO","No Control","","",1325877.51,1670088.48,"13258781670088"
"2017-11185-27/05/2021","2 Metropolitan","MAYLANDS","5069","CC OF NORWOOD,PAYNEHAM & ST PETERS",2,0,0,0,0,2017,"November","Monday","08:35 am","060","T-Junction","Straight road","Level","Not Applicable","Sealed","Dry","Not Raining","Daylight","Rear End","02","Driver Rider","1: PDO","No Control","","",1332218.78,1672447.75,"13322191672448"
"2017-11186-27/05/2021","2 Metropolitan","PARALOWIE","5108","CITY OF SALISBURY",2,0,0,0,0,2017,"November","Monday","10:00 am","060","T-Junction","Straight road","Level","Not Applicable","Sealed","Dry","Not Raining","Daylight","Hit Pedestrian","01","Driver Rider","1: PDO","Traffic Signals","","",1331067.07,1690098.86,"13310671690099"
"2017-11187-27/05/2021","2 Metropolitan","TORRENSVILLE","5031","CITY OF WEST TORRENS",2,2,0,0,2,2017,"November","Monday","08:50 am","050","Cross Road","Straight road","Level","Not Applicable","Sealed","Dry","Not Raining","Daylight","Right Angle","01","Driver Rider","2: MI","Give Way Sign","","Y",1324746.26,1671390.05,"13247461671390"
"2017-11188-27/05/2021","2 Metropolitan","EASTWOOD","5063","CITY OF BURNSIDE",2,0,0,0,0,2017,"November","Saturday","01:00 pm","060","T-Junction","Straight road","Slope","Not Applicable","Sealed","Dry","Not Raining","Daylight","Right Angle","01","Driver Rider","1: PDO","No Control","","",1330696.83,1668482.82,"13306971668483"
"2017-11189-27/05/2021","3 Country","GREENWAYS","5272","DC ROBE.                      ",2,0,0,0,0,2017,"November","Monday","07:30 am","110","Not Divided","CURVED, VIEW OPEN","Level","Not Applicable","Sealed","Dry","Not Raining","Daylight","Side Swipe","02","Driver Rider","1: PDO","No Control","","",1455671.48,1403371.35,"14556711403371"
"2017-11190-27/05/2021","2 Metropolitan","DULWICH","5065","CITY OF BURNSIDE",2,1,0,0,1,2017,"November","Monday","09:25 am","060","T-Junction","Straight road","Level","Not Applicable","Sealed","Dry","Not Raining","Daylight","Rear End","01","Driver Rider","2: MI","No Control","","",1330656.29,1669532.66,"13306561669533"
"2017-11191-27/05/2021","2 Metropolitan","WATERLOO CORNER","5110","CITY OF PLAYFORD.",1,0,0,0,0,2017,"November","Monday","07:26 am","090","Freeway","Straight road","Slope","Not Applicable","Sealed","Dry","Not Raining","Daylight","Other","01","Driver Rider","1: PDO","No Control","","",1326733.16,1695660.35,"13267331695660"
"2017-11192-27/05/2021","2 Metropolitan","DOVER GARDENS","5048","CC MARION.                    ",2,1,0,0,1,2017,"November","Monday","11:45 am","050","Cross Road","Straight road","Level","Not Applicable","Sealed","Dry","Not Raining","Daylight","Hit Pedestrian","02","Driver Rider","2: MI","Give Way Sign","","",1322711.79,1659834.12,"13227121659834"
"2017-11193-27/05/2021","2 Metropolitan","WALKERVILLE","5081","WALKERVILLE TOWN COUNCIL",4,1,0,0,1,2017,"November","Monday","11:00 am","060","Cross Road","Straight road","Slope","Not Applicable","Sealed","Dry","Not Raining","Daylight","Rear End","01","Driver Rider","2: MI","Traffic Signals","","",1329934.16,1673775.13,"13299341673775"
"2017-11194-27/05/2021","2 Metropolitan","HENLEY BEACH","5022","CITY OF CHARLES STURT",2,0,0,0,0,2017,"November","Monday","12:40 pm","050","Cross Road","Straight road","Level","Not Applicable","Sealed","Dry","Not Raining","Daylight","Right Angle","01","Driver Rider","1: PDO","Give Way Sign","","",1319819.85,1672943.36,"13198201672943"
"2017-11195-27/05/2021","2 Metropolitan","MODBURY NORTH","5092","CITY OF TEA TREE GULLY",2,1,0,0,1,2017,"November","Monday","08:20 am","080","Cross Road","Straight road","Slope","Not Applicable","Sealed","Dry","Not Raining","Daylight","Rear End","02","Driver Rider","2: MI","Traffic Signals","","",1336150.87,1681195.09,"13361511681195"
"2017-11196-27/05/2021","1 City","ADELAIDE","5000","CITY OF ADELAIDE",2,1,0,0,1,2017,"September","Friday","11:00 pm","050","Not Divided","Straight road","Slope","Not Applicable","Sealed","Dry","Not Raining","Night","Roll Over","01","Driver Rider","2: MI","No Control","","",1328470.58,1671655.07,"13284711671655"
"2017-11197-27/05/2021","2 Metropolitan","GULFVIEW HEIGHTS","5096","CITY OF SALISBURY",2,0,0,0,0,2017,"November","Monday","02:15 pm","060","T-Junction","Straight road","Level","Not Applicable","Sealed","Dry","Not Raining","Daylight","Right Angle","02","Driver Rider","1: PDO","Stop Sign","","",1334497.15,1685053.83,"13344971685054"
"2017-11198-27/05/2021","2 Metropolitan","MODBURY NORTH","5092","CITY OF TEA TREE GULLY",2,0,0,0,0,2017,"November","Monday","02:40 pm","080","Cross Road","Straight road","Bottom of Hill","Not Applicable","Sealed","Dry","Not Raining","Daylight","Side Swipe","02","Driver Rider","1: PDO","Traffic Signals","","",1336155.78,1681195.22,"13361561681195"
"2017-11199-27/05/2021","2 Metropolitan","DRY CREEK","5094","CITY OF SALISBURY",2,1,0,0,1,2017,"November","Monday","06:50 am","080","T-Junction","Straight road","Level","Not Applicable","Sealed","Dry","Not Raining","Daylight","Rear End","01","Driver Rider","2: MI","Traffic Signals","","",1328672.58,1683237.82,"13286731683238"
"2017-11200-27/05/2021","2 Metropolitan","WOODVILLE NORTH","5012","CITY OF CHARLES STURT",2,0,0,0,0,2017,"November","Monday","04:12 pm","060","T-Junction","Straight road","Level","Median Opening (not at I/S)","Sealed","Dry","Not Raining","Daylight","Right Turn","01","Driver Rider","1: PDO","No Control","","",1323975.82,1676568.77,"13239761676569"
"2017-11201-27/05/2021","2 Metropolitan","WEST LAKES SHORE","5020","CITY OF CHARLES STURT",2,0,0,0,0,2017,"October","Tuesday","05:20 pm","060","Divided Road","CURVED, VIEW OPEN","Level","Not Applicable","Sealed","Dry","Not Raining","Daylight","Side Swipe","02","Driver Rider","1: PDO","No Control","","",1317766.24,1677580.18,"13177661677580"
"2017-11202-27/05/2021","3 Country","FLINDERS RANGES","5434",,2,1,0,0,1,2017,"November","Sunday","01:30 pm","040","Not Divided","CURVED, VIEW OPEN","Level","Not Applicable","Sealed","Dry","Not Raining","Daylight","Hit Fixed Object","01","Driver Rider","2: MI","No Control","","",1342026.23,2047012.71,"13420262047013"
"2017-11203-27/05/2021","3 Country","BERRI","5343","THE BERRI BARMERA COUNCIL",2,0,0,0,0,2017,"November","Monday","08:10 am","060","Cross Road","CURVED, VIEW OPEN","Bottom of Hill","Not Applicable","Sealed","Dry","Not Raining","Daylight","Side Swipe","01","Driver Rider","1: PDO","Roundabout","","",1515230.7,1735123.52,"15152311735124"
"2017-11204-27/05/2021","2 Metropolitan","HAWTHORN","5062","CC MITCHAM.                   ",2,1,0,0,1,2017,"November","Monday","05:03 pm","050","Cross Road","Straight road","Level","Not Applicable","Sealed","Dry","Not Raining","Daylight","Right Angle","01","Driver Rider","2: MI","Stop Sign","","",1328438.8,1666027.66,"13284391666028"
"2017-11205-27/05/2021","2 Metropolitan","ST MARYS","5042","CC MITCHAM.                   ",2,0,0,0,0,2017,"November","Monday","08:45 am","060","Divided Road","Straight road","Level","Not Applicable","Sealed","Dry","Not Raining","Daylight","Side Swipe","01","Driver Rider","1: PDO","No Control","","",1325957,1663261.64,"13259571663262"
"2017-11206-27/05/2021","2 Metropolitan","ELIZABETH VALE","5112","CITY OF PLAYFORD.",2,0,0,0,0,2017,"November","Monday","07:30 am","080","T-Junction","CURVED, VIEW OPEN","Level","Not Applicable","Sealed","Dry","Not Raining","Daylight","Side Swipe","02","Driver Rider","1: PDO","Traffic Signals","","",1336141.79,1690279.18,"13361421690279"
"2017-11207-27/05/2021","2 Metropolitan","MCLAREN VALE","5171","CITY OF ONKAPARINGA",2,0,0,0,0,2017,"October","Monday","05:45 am","060","Not Divided","Straight road","Level","Not Applicable","Sealed","Wet","Not Raining","Night","Hit Fixed Object","01","Driver Rider","1: PDO","No Control","","",1326996.06,1637020.26,"13269961637020"
"2017-11208-27/05/2021","3 Country","NARACOORTE","5271","DC NARACOORTE & LUCINDALE.",2,0,0,0,0,2017,"November","Monday","05:25 pm","060","Cross Road","Straight road","Bottom of Hill","Not Applicable","Sealed","Dry","Not Raining","Daylight","Right Angle","02","Driver Rider","1: PDO","Roundabout","","",1511991.53,1436389.41,"15119921436389"
"2017-11209-27/05/2021","2 Metropolitan","LINDEN PARK","5065","CITY OF BURNSIDE",2,1,0,0,1,2017,"November","Monday","06:18 pm","050","Not Divided","Straight road","Level","Unknown","Sealed","Dry","Not Raining","Daylight","Hit Fixed Object","01","Driver Rider","2: MI","No Control","","",1332828.22,1668897.73,"13328281668898"
"2017-11210-27/05/2021","2 Metropolitan","FULHAM GARDENS","5024","CITY OF CHARLES STURT",2,0,0,0,0,2017,"November","Monday","05:26 pm","060","Divided Road","Straight road","Level","Not Applicable","Sealed","Dry","Not Raining","Daylight","Side Swipe","02","Driver Rider","1: PDO","No Control","","",1320757.23,1671529.88,"13207571671530"
"2017-11211-27/05/2021","2 Metropolitan","WARRADALE","5046","CC MARION.                    ",2,1,0,0,1,2017,"November","Monday","06:35 pm","060","Cross Road","Straight road","Level","Not Applicable","Sealed","Dry","Not Raining","Daylight","Right Turn","01","Driver Rider","2: MI","Traffic Signals","","",1322704.43,1663065.16,"13227041663065"
"2017-11212-27/05/2021","2 Metropolitan","GEPPS CROSS","5094","CITY OF PORT ADELAIDE ENFIELD",3,0,0,0,0,2017,"November","Monday","03:20 pm","070","Divided Road","Straight road","Level","Not Applicable","Sealed","Dry","Not Raining","Daylight","Rear End","01","Driver Rider","1: PDO","No Control","","",1328235.18,1680250.13,"13282351680250"
"2017-11213-27/05/2021","2 Metropolitan","CUDLEE CREEK","5232","THE ADELAIDE HILLS COUNCIL",2,1,0,0,1,2017,"November","Monday","06:53 pm","080","Not Divided","CURVED, VIEW OBSCURED","Level","Not Applicable","Sealed","Dry","Not Raining","Daylight","Head On","01","Driver Rider","2: MI","No Control","","",1348349.33,1679472.75,"13483491679473"
"2017-11214-27/05/2021","2 Metropolitan","DRY CREEK","5094","CITY OF PORT ADELAIDE ENFIELD",2,0,0,0,0,2017,"November","Monday","05:39 pm","060","T-Junction","CURVED, VIEW OPEN","Level","Not Applicable","Sealed","Dry","Not Raining","Daylight","Right Angle","01","Driver Rider","1: PDO","No Control","","",1327273.38,1679362.04,"13272731679362"
"2017-11215-27/05/2021","2 Metropolitan","GREENWITH","5125","CITY OF TEA TREE GULLY",2,0,0,0,0,2017,"November","Monday","06:00 pm","060","T-Junction","Straight road","Level","Not Applicable","Sealed","Dry","Not Raining","Daylight","Right Angle","01","Driver Rider","1: PDO","No Control","","",1339417.26,1688406.59,"13394171688407"
"2017-11216-27/05/2021","2 Metropolitan","SALISBURY DOWNS","5108","CITY OF SALISBURY",2,0,0,0,0,2017,"November","Monday","11:30 pm","030","Not Divided","Straight road","Level","Not Applicable","Sealed","Dry","Not Raining","Night","Hit Fixed Object","01","Driver Rider","1: PDO","No Control","","",1331547.27,1687663.02,"13315471687663"
"2017-11217-27/05/2021","2 Metropolitan","HOLDEN HILL","5088","CITY OF TEA TREE GULLY",2,0,0,0,0,2017,"November","Tuesday","06:15 am","060","Divided Road","CURVED, VIEW OPEN","Slope","Not Applicable","Sealed","Wet","Raining","Daylight","Rear End","02","Driver Rider","1: PDO","No Control","","",1335277.25,1679364.67,"13352771679365"
"2017-11218-27/05/2021","2 Metropolitan","POORAKA","5095","CITY OF SALISBURY",2,0,0,0,0,2017,"November","Tuesday","07:59 am","070","Divided Road","Straight road","Level","Not Applicable","Sealed","Dry","Not Raining","Daylight","Rear End","01","Driver Rider","1: PDO","No Control","","",1330589.51,1681943.7,"13305901681944"
"2017-11219-27/05/2021","2 Metropolitan","HENLEY BEACH","5022","CITY OF CHARLES STURT",2,0,0,0,0,2017,"November","Tuesday","08:25 am","050","Cross Road","Straight road","Level","Not Applicable","Sealed","Dry","Not Raining","Daylight","Right Angle","01","Driver Rider","1: PDO","Give Way Sign","","",1319260.22,1673036.37,"13192601673036"
"2017-11220-27/05/2021","2 Metropolitan","SOUTH PLYMPTON","5038","CC MARION.                    ",2,0,0,0,0,2017,"November","Monday","07:45 am","060","Divided Road","Straight road","Level","Not Applicable","Sealed","Dry","Not Raining","Daylight","Side Swipe","02","Driver Rider","1: PDO","No Control","","",1324269.27,1665413.61,"13242691665414"
"2017-11221-27/05/2021","2 Metropolitan","TROTT PARK","5158","CC MARION.                    ",2,0,0,0,0,2017,"November","Tuesday","08:45 am","080","T-Junction","Straight road","Level","Not Applicable","Sealed","Dry","Not Raining","Daylight","Rear End","02","Driver Rider","1: PDO","Traffic Signals","","",1322095.93,1656549.56,"13220961656550"
"2017-11222-27/05/2021","2 Metropolitan","FULHAM GARDENS","5024","CITY OF CHARLES STURT",2,0,0,0,0,2017,"November","Tuesday","07:00 am","060","Divided Road","Straight road","Level","Not Applicable","Sealed","Dry","Not Raining","Daylight","Side Swipe","02","Driver Rider","1: PDO","No Control","","",1320635.74,1672242.32,"13206361672242"
"2017-11223-27/05/2021","2 Metropolitan","GLEN OSMOND","5064","CITY OF BURNSIDE",2,0,0,0,0,2017,"November","Monday","12:30 pm","050","Not Divided","Straight road","Slope","Not Applicable","Sealed","Dry","Not Raining","Daylight","Rear End","01","Driver Rider","1: PDO","No Control","","",1332811.96,1667031.99,"13328121667032"
"2017-11224-27/05/2021","2 Metropolitan","GREENACRES","5086","CITY OF PORT ADELAIDE ENFIELD",2,1,0,0,1,2017,"November","Monday","04:25 pm","050","T-Junction","Straight road","Level","Not Applicable","Sealed","Dry","Not Raining","Daylight","Rear End","02","Driver Rider","2: MI","No Control","","",1332071.63,1677281.87,"13320721677282"
"2017-11225-27/05/2021","2 Metropolitan","OLD NOARLUNGA","5168","CITY OF ONKAPARINGA",3,1,0,0,1,2017,"November","Tuesday","09:50 am","060","T-Junction","Straight road","Slope","Not Applicable","Sealed","Dry","Not Raining","Daylight","Rear End","01","Driver Rider","2: MI","No Control","","",1318007.28,1642059.97,"13180071642060"
"2017-11226-27/05/2021","2 Metropolitan","HOLDEN HILL","5088","CITY OF PORT ADELAIDE ENFIELD",2,1,0,0,1,2017,"November","Tuesday","08:30 am","060","Divided Road","Straight road","Level","Not Applicable","Sealed","Dry","Not Raining","Daylight","Rear End","02","Driver Rider","2: MI","No Control","","",1334627.99,1678493.51,"13346281678494"
"2017-11227-27/05/2021","2 Metropolitan","MODBURY","5092","CITY OF TEA TREE GULLY",2,1,0,0,1,2017,"November","Tuesday","12:00 pm","060","T-Junction","Straight road","Level","Not Applicable","Sealed","Dry","Not Raining","Daylight","Rear End","02","Driver Rider","2: MI","Traffic Signals","","",1336192.6,1680407.52,"13361931680408"
"2017-11228-27/05/2021","1 City","ADELAIDE","5000","CITY OF ADELAIDE",2,1,0,0,1,2017,"November","Tuesday","12:18 pm","050","Divided Road","Straight road","Level","Not Applicable","Sealed","Dry","Not Raining","Daylight","Hit Pedestrian","02","Pedestrian","2: MI","No Control","","",1328755.4,1670837.18,"13287551670837"
"2017-11229-27/05/2021","2 Metropolitan","MAGILL","5072","CC CAMPBELLTOWN.              ",2,0,0,0,0,2017,"November","Tuesday","11:15 am","060","Cross Road","Straight road","Level","Not Applicable","Sealed","Dry","Not Raining","Daylight","Right Angle","01","Driver Rider","1: PDO","Traffic Signals","","",1335483.19,1671847.51,"13354831671848"
"2017-11230-27/05/2021","2 Metropolitan","DRY CREEK","5094","CITY OF PORT ADELAIDE ENFIELD",2,0,0,0,0,2017,"November","Tuesday","12:20 pm","060","T-Junction","Straight road","Level","Not Applicable","Sealed","Dry","Not Raining","Daylight","Right Angle","01","Driver Rider","1: PDO","No Control","","",1327273.38,1679362.04,"13272731679362"
"2017-11231-27/05/2021","3 Country","GILLENTOWN","5453","CLARE AND GILBERT VALLEYS DISTRICT COUNCIL",2,2,0,0,2,2017,"November","Monday","06:35 pm","100","Not Divided","CURVED, VIEW OBSCURED","Slope","Not Applicable","Unsealed","Dry","Not Raining","Daylight","Head On","01","Driver Rider","2: MI","No Control","","",1331561.68,1787408.28,"13315621787408"
"2017-11232-27/05/2021","2 Metropolitan","CLARENCE GARDENS","5039","CC MITCHAM.                   ",2,0,0,0,0,2017,"November","Tuesday","09:30 am","060","Rail Xing","Straight road","Level","Not Applicable","Sealed","Dry","Not Raining","Daylight","Hit Fixed Object","01","Driver Rider","1: PDO","Traffic Signals","","",1325860.68,1666155.91,"13258611666156"
"2017-11233-27/05/2021","1 City","ADELAIDE","5000","CITY OF ADELAIDE",2,0,0,0,0,2017,"November","Monday","03:30 pm","050","Divided Road","Straight road","Level","Not Applicable","Sealed","Dry","Not Raining","Daylight","Side Swipe","01","Driver Rider","1: PDO","No Control","","",1329138.79,1670848.43,"13291391670848"
"2017-11234-27/05/2021","2 Metropolitan","GEPPS CROSS","5094","CITY OF PORT ADELAIDE ENFIELD",3,1,0,0,1,2017,"November","Monday","02:50 pm","070","Divided Road","Straight road","Level","Not Applicable","Sealed","Dry","Not Raining","Daylight","Rear End","02","Driver Rider","2: MI","No Control","","",1327920.89,1679960.5,"13279211679961"
"2017-11235-27/05/2021","2 Metropolitan","BROMPTON","5007","CITY OF CHARLES STURT",2,0,0,0,0,2017,"November","Tuesday","08:05 am","040","Cross Road","Straight road","Level","Not Applicable","Sealed","Dry","Not Raining","Daylight","Right Angle","02","Driver Rider","1: PDO","Give Way Sign","","",1326521.77,1673563.42,"13265221673563"
"2017-11236-27/05/2021","2 Metropolitan","CROYDON","5008","CITY OF CHARLES STURT",2,2,0,0,2,2017,"November","Tuesday","10:00 am","060","Not Divided","Straight road","Level","Not Applicable","Sealed","Dry","Not Raining","Daylight","Rear End","02","Driver Rider","2: MI","No Control","","",1325544.78,1673667.86,"13255451673668"
"2017-11237-27/05/2021","1 City","ADELAIDE","5000","CITY OF ADELAIDE",2,0,0,0,0,2017,"November","Tuesday","01:15 pm","050","Divided Road","Straight road","Level","Not Applicable","Sealed","Dry","Not Raining","Daylight","Hit Parked Vehicle","02","Driver Rider","1: PDO","No Control","","",1328312.19,1670511.85,"13283121670512"