"REPORT_ID","Stats Area","Suburb","Postcode","LGA Name","Total Units","Total Cas","Total Fats","Total SI","Total MI","Year","Month","Day","Time","Area Speed","Position Type","Horizontal Align","Vertical Align","Other Feat","Road Surface","Moisture Cond","Weather Cond","DayNight","Crash Type","Unit Resp","Entity Code","CSEF Severity","Traffic Ctrls","DUI Involved","Drugs Involved","ACCLOC_X","ACCLOC_Y","UNIQUE_LOC"
"2017-11638-27/05/2021","3 Country","CUMMINS","5631","DC LOWER EYRE PENINSULA       ",2,0,0,0,0,2017,"November","Friday","06:30 pm","110","Not Divided","Straight road","Level","Not Applicable","Sealed","Dry","Not Raining","Daylight","Rear End","02","Driver Rider","1: PDO","No Control","","",1065727.76,1743649.77,"10657281743650"
"2017-11639-27/05/2021","1 City","ADELAIDE","5000","CITY OF ADELAIDE",2,0,0,0,0,2017,"November","Friday","03:30 pm","050","Not Divided","Straight road","Level","Not Applicable","Sealed","Dry","Not Raining","Daylight","Side Swipe","01","Driver Rider","1: PDO","No Control","","",1328417.14,1670669.52,"13284171670670"
"2017-11640-27/05/2021","2 Metropolitan","SEATON","5023","CITY OF CHARLES STURT",2,0,0,0,0,2017,"November","Saturday","09:45 am","060","Cross Road","Straight road","Level","Not Applicable","Sealed","Dry","Not Raining","Daylight","Right Angle","02","Driver Rider","1: PDO","Give Way Sign","","",1320734.83,1675266.2,"13207351675266"
"2017-11641-27/05/2021","1 City","NORTH ADELAIDE","5006","CITY OF ADELAIDE",2,0,0,0,0,2017,"November","Thursday","05:30 pm","050","Not Divided","Straight road","Level","Not Applicable","Sealed","Dry","Not Raining","Daylight","Rear End","02","Driver Rider","1: PDO","No Control","","",1328605.16,1672117.87,"13286051672118"
"2017-11642-27/05/2021","2 Metropolitan","BEDFORD PARK","5042","CC MITCHAM.                   ",2,0,0,0,0,2017,"November","Saturday","01:00 pm","060","Divided Road","Straight road","Level","Not Applicable","Sealed","Dry","Not Raining","Daylight","Rear End","02","Driver Rider","1: PDO","No Control","","",1325790.85,1660709.74,"13257911660710"
"2017-11643-27/05/2021","2 Metropolitan","PARIS CREEK","5201","DC MT.BARKER.                 ",2,2,0,0,2,2017,"November","Saturday","07:00 am","080","T-Junction","Straight road","Slope","Not Applicable","Sealed","Wet","Raining","Daylight","Right Angle","02","Driver Rider","2: MI","Stop Sign","","",1343089.69,1640060.74,"13430901640061"
"2017-11644-27/05/2021","2 Metropolitan","MONTACUTE","5134","THE ADELAIDE HILLS COUNCIL",2,0,0,0,0,2017,"November","Friday","11:00 pm","070","Not Divided","CURVED, VIEW OPEN","Slope","Not Applicable","Sealed","Wet","Not Raining","Night","Hit Fixed Object","01","Driver Rider","1: PDO","No Control","","",1341575.55,1677570.75,"13415761677571"
"2017-11645-27/05/2021","2 Metropolitan","SEACLIFF PARK","5049","CC MARION.                    ",2,0,0,0,0,2017,"November","Saturday","02:40 pm","060","Divided Road","CURVED, VIEW OPEN","Slope","Not Applicable","Sealed","Dry","Not Raining","Daylight","Hit Fixed Object","01","Driver Rider","1: PDO","No Control","","",1321438.46,1658211.04,"13214381658211"
"2017-11646-27/05/2021","2 Metropolitan","FULHAM","5024","CITY OF WEST TORRENS",2,0,0,0,0,2017,"November","Saturday","02:06 pm","060","Divided Road","Straight road","Level","Not Applicable","Sealed","Dry","Not Raining","Daylight","Rear End","01","Driver Rider","1: PDO","No Control","","",1320972.61,1670501.1,"13209731670501"
"2017-11647-27/05/2021","2 Metropolitan","MALVERN","5061","CITY OF UNLEY",2,0,0,0,0,2017,"November","Saturday","02:30 pm","040","Not Divided","Straight road","Level","Not Applicable","Sealed","Dry","Not Raining","Daylight","Hit Parked Vehicle","02","Driver Rider","1: PDO","No Control","","",1329876.87,1667572.46,"13298771667572"
"2017-11648-27/05/2021","2 Metropolitan","UNLEY","5061","CITY OF UNLEY",2,0,0,0,0,2017,"November","Saturday","02:30 pm","060","Divided Road","Straight road","Level","Not Applicable","Sealed","Dry","Not Raining","Daylight","Rear End","01","Driver Rider","1: PDO","No Control","","",1328667.18,1668970.2,"13286671668970"
"2017-11649-27/05/2021","3 Country","KEPPOCH","5271","DC NARACOORTE & LUCINDALE.",2,4,0,0,4,2017,"November","Saturday","02:00 pm","080","Not Divided","CURVED, VIEW OPEN","Level","Not Applicable","Unsealed","Dry","Not Raining","Daylight","Hit Fixed Object","01","Driver Rider","2: MI","No Control","","",1496206.64,1462625.37,"14962071462625"
"2017-11650-27/05/2021","2 Metropolitan","KANGARILLA","5157","CITY OF ONKAPARINGA",2,1,0,0,1,2017,"November","Friday","02:10 pm","080","Not Divided","CURVED, VIEW OBSCURED","Slope","Not Applicable","Sealed","Wet","Raining","Daylight","Head On","02","Driver Rider","2: MI","No Control","","",1332483.08,1647984.82,"13324831647985"
"2017-11651-27/05/2021","2 Metropolitan","PICCADILLY","5151","THE ADELAIDE HILLS COUNCIL",2,1,0,0,1,2017,"November","Friday","07:19 pm","060","Not Divided","Straight road","Slope","Not Applicable","Sealed","Wet","Unknown","Daylight","Hit Fixed Object","01","Driver Rider","2: MI","No Control","Y","",1340083.17,1664664,"13400831664664"
"2017-11652-27/05/2021","2 Metropolitan","TOORAK GARDENS","5065","CITY OF BURNSIDE",2,0,0,0,0,2017,"November","Saturday","03:30 pm","060","T-Junction","Straight road","Level","Not Applicable","Sealed","Dry","Not Raining","Daylight","Side Swipe","01","Driver Rider","1: PDO","No Control","","",1332114.81,1669050.14,"13321151669050"
"2017-11653-27/05/2021","2 Metropolitan","MITCHELL PARK","5043","CC MARION.                    ",2,0,0,0,0,2017,"November","Saturday","05:25 pm","060","Divided Road","Straight road","Level","Not Applicable","Sealed","Dry","Not Raining","Daylight","Rear End","02","Driver Rider","1: PDO","No Control","","",1324386.44,1661340.15,"13243861661340"
"2017-11654-27/05/2021","2 Metropolitan","WEST LAKES","5021","CITY OF CHARLES STURT",1,1,0,0,1,2017,"November","Saturday","04:30 pm","050","Not Divided","CURVED, VIEW OBSCURED","Level","Not Applicable","Sealed","Dry","Not Raining","Daylight","Roll Over","01","Driver Rider","2: MI","No Control","","",1319269.83,1675868.61,"13192701675869"
"2017-11655-27/05/2021","2 Metropolitan","TOORAK GARDENS","5065","CITY OF BURNSIDE",2,0,0,0,0,2017,"November","Saturday","03:30 pm","060","T-Junction","Straight road","Level","Not Applicable","Sealed","Dry","Not Raining","Daylight","Side Swipe","02","Driver Rider","1: PDO","No Control","","",1332114.81,1669050.14,"13321151669050"
"2017-11656-27/05/2021","2 Metropolitan","MOUNT BARKER","5251","DC MT.BARKER.                 ",2,0,0,0,0,2017,"November","Saturday","03:25 pm","060","Divided Road","Straight road","Slope","Not Applicable","Sealed","Wet","Raining","Daylight","Rear End","02","Driver Rider","1: PDO","No Control","","",1351382.48,1653939.21,"13513821653939"
"2017-11657-27/05/2021","3 Country","TUMBY BAY","5605","DC TUMBY BAY.                 ",2,0,0,0,0,2017,"November","Friday","03:15 pm","110","Not Divided","CURVED, VIEW OPEN","Level","Not Applicable","Sealed","Dry","Not Raining","Daylight","Hit Fixed Object","01","Driver Rider","1: PDO","No Control","","",1090898.1,1739679.65,"10908981739680"
"2017-11658-27/05/2021","2 Metropolitan","KENT TOWN","5067","CC OF NORWOOD,PAYNEHAM & ST PETERS",2,0,0,0,0,2017,"November","Friday","08:45 am","050","T-Junction","Straight road","Slope","Not Applicable","Sealed","Dry","Not Raining","Daylight","Rear End","01","Driver Rider","1: PDO","Give Way Sign","","",1330235.81,1671221.86,"13302361671222"
"2017-11659-27/05/2021","2 Metropolitan","HOVE","5048","CITY OF HOLDFAST BAY",3,0,0,0,0,2017,"October","Saturday","01:31 pm","060","Divided Road","Straight road","Level","Not Applicable","Sealed","Dry","Not Raining","Daylight","Hit Parked Vehicle","02","Driver Rider","1: PDO","No Control","","",1321132.47,1661036.32,"13211321661036"
"2017-11660-27/05/2021","2 Metropolitan","KERSBROOK","5231","THE ADELAIDE HILLS COUNCIL",1,0,0,0,0,2017,"November","Saturday","05:45 pm","080","Not Divided","CURVED, VIEW OBSCURED","Slope","Not Applicable","Sealed","Dry","Not Raining","Daylight","Left Road - Out of Control","09","Other","1: PDO","No Control","","",1355391.33,1686957.25,"13553911686957"
"2017-11661-27/05/2021","2 Metropolitan","HINDMARSH","5007","CITY OF CHARLES STURT",2,0,0,0,0,2017,"November","Saturday","10:30 am","060","Divided Road","Straight road","Level","Not Applicable","Sealed","Dry","Not Raining","Daylight","Hit Parked Vehicle","01","Driver Rider","1: PDO","No Control","","",1325882.32,1672784.27,"13258821672784"
"2017-11662-27/05/2021","3 Country","AVENUE RANGE","5273","DC NARACOORTE & LUCINDALE.",2,3,0,0,3,2017,"November","Saturday","11:00 pm","110","Not Divided","Straight road","Level","Bridge, Culvert, Causeway","Sealed","Dry","Not Raining","Night","Hit Fixed Object","01","Driver Rider","2: MI","No Control","","",1468369.7,1440202.27,"14683701440202"
"2017-11663-27/05/2021","1 City","ADELAIDE","5000","CITY OF ADELAIDE",2,0,0,0,0,2017,"November","Saturday","09:06 am","050","T-Junction","Straight road","Slope","Not Applicable","Sealed","Dry","Not Raining","Daylight","Hit Pedestrian","01","Driver Rider","1: PDO","Traffic Signals","","",1328318.5,1671129.68,"13283191671130"
"2017-11664-27/05/2021","2 Metropolitan","MUNNO PARA WEST","5115","CITY OF PLAYFORD.",2,1,0,0,1,2017,"November","Sunday","08:25 am","050","Not Divided","Straight road","Level","Not Applicable","Sealed","Dry","Not Raining","Daylight","Hit Parked Vehicle","01","Driver Rider","2: MI","No Control","","",1336037.77,1700846.1,"13360381700846"
"2017-11665-27/05/2021","2 Metropolitan","PARACOMBE","5132","CITY OF TEA TREE GULLY",2,3,0,0,3,2017,"November","Sunday","08:30 am","060","Not Divided","Straight road","Slope","Not Applicable","Sealed","Dry","Not Raining","Daylight","Hit Fixed Object","01","Driver Rider","2: MI","No Control","","",1342230.25,1678303.56,"13422301678304"
"2017-11666-27/05/2021","2 Metropolitan","BRIGHTON","5048","CITY OF HOLDFAST BAY",2,0,0,0,0,2017,"November","Sunday","08:42 am","050","T-Junction","Straight road","Level","Not Applicable","Sealed","Dry","Not Raining","Daylight","Right Turn","01","Driver Rider","1: PDO","No Control","","",1320464.36,1660422.22,"13204641660422"
"2017-11667-27/05/2021","3 Country","MOUNT GAMBIER","5290","CC MT.GAMBIER.                ",2,0,0,0,0,2017,"November","Sunday","10:25 am","050","T-Junction","Straight road","Level","Not Applicable","Sealed","Dry","Not Raining","Daylight","Hit Parked Vehicle","01","Driver Rider","1: PDO","No Control","","",1511462.96,1338716.22,"15114631338716"
"2017-11668-27/05/2021","2 Metropolitan","SEACOMBE GARDENS","5047","CC MARION.                    ",2,1,0,0,1,2017,"November","Saturday","03:06 pm","060","Divided Road","Straight road","Level","Not Applicable","Sealed","Dry","Not Raining","Daylight","Side Swipe","02","Driver Rider","2: MI","No Control","","",1323389.43,1660646.88,"13233891660647"
"2017-11669-27/05/2021","2 Metropolitan","URRBRAE","5064","CC MITCHAM.                   ",2,1,0,0,1,2017,"November","Sunday","09:35 am","060","Cross Road","Straight road","Level","Not Applicable","Sealed","Dry","Not Raining","Daylight","Right Turn","02","Driver Rider","2: MI","Traffic Signals","","",1330786.88,1665600.37,"13307871665600"
"2017-11670-27/05/2021","2 Metropolitan","ELIZABETH PARK","5113","CITY OF PLAYFORD.",2,0,0,0,0,2017,"November","Sunday","11:00 am","060","Cross Road","Straight road","Level","Not Applicable","Sealed","Dry","Not Raining","Daylight","Rear End","01","Driver Rider","1: PDO","Traffic Signals","","",1335962.49,1693261.2,"13359621693261"
"2017-11671-27/05/2021","2 Metropolitan","FINDON","5023","CITY OF CHARLES STURT",2,1,0,0,1,2017,"November","Sunday","11:50 am","060","T-Junction","Straight road","Level","Not Applicable","Sealed","Dry","Not Raining","Daylight","Right Angle","01","Driver Rider","2: MI","No Control","","",1321859.47,1673103.68,"13218591673104"
"2017-11672-27/05/2021","2 Metropolitan","MODBURY NORTH","5092","CITY OF TEA TREE GULLY",2,1,0,0,1,2017,"November","Sunday","11:45 am","080","Cross Road","Straight road","Slope","Not Applicable","Sealed","Dry","Not Raining","Daylight","Right Turn","01","Driver Rider","2: MI","Traffic Signals","","",1336150.87,1681195.09,"13361511681195"
"2017-11673-27/05/2021","2 Metropolitan","PORT NOARLUNGA","5167","CITY OF ONKAPARINGA",2,1,0,0,1,2017,"November","Sunday","12:16 pm","060","T-Junction","CURVED, VIEW OPEN","Level","Not Applicable","Sealed","Dry","Not Raining","Daylight","Rear End","02","Driver Rider","2: MI","Roundabout","","",1316055.78,1646116.35,"13160561646116"
"2017-11674-27/05/2021","2 Metropolitan","SALISBURY DOWNS","5108","CITY OF SALISBURY",2,0,0,0,0,2017,"November","Sunday","01:20 pm","060","Divided Road","Straight road","Level","Not Applicable","Sealed","Dry","Not Raining","Daylight","Hit Fixed Object","01","Driver Rider","1: PDO","No Control","","",1331724.95,1687179.77,"13317251687180"
"2017-11675-27/05/2021","2 Metropolitan","UNDERDALE","5032","CITY OF WEST TORRENS",2,1,0,0,1,2017,"November","Sunday","11:45 am","060","T-Junction","Straight road","Level","Not Applicable","Sealed","Dry","Not Raining","Daylight","Right Turn","02","Driver Rider","2: MI","No Control","","",1324328.3,1670954.65,"13243281670955"
"2017-11676-27/05/2021","2 Metropolitan","SEATON","5023","CITY OF CHARLES STURT",2,0,0,0,0,2017,"November","Saturday","10:00 pm","040","Not Divided","Straight road","Level","Driveway or Entrance","Sealed","Dry","Not Raining","Night","Hit Parked Vehicle","02","Driver Rider","1: PDO","No Control","","",1321547.82,1675050.38,"13215481675050"
"2017-11677-27/05/2021","2 Metropolitan","LONSDALE","5160","CITY OF ONKAPARINGA",1,1,0,0,1,2017,"November","Sunday","04:45 pm","050","Not Divided","Straight road","Level","Not Applicable","Sealed","Dry","Not Raining","Daylight","Roll Over","01","Driver Rider","2: MI","No Control","","",1319032.92,1650200.71,"13190331650201"
"2017-11678-27/05/2021","2 Metropolitan","SALISBURY DOWNS","5108","CITY OF SALISBURY",2,0,0,0,0,2017,"November","Sunday","03:30 pm","060","Not Divided","Straight road","Level","Not Applicable","Sealed","Dry","Not Raining","Daylight","Right Angle","01","Driver Rider","1: PDO","No Control","","",1330603.93,1687630.14,"13306041687630"
"2017-11679-27/05/2021","2 Metropolitan","MEDINDIE GARDENS","5081","CITY OF PROSPECT",2,0,0,0,0,2017,"November","Sunday","03:40 pm","050","Not Divided","Straight road","Level","Not Applicable","Sealed","Dry","Not Raining","Daylight","Hit Parked Vehicle","02","Driver Rider","1: PDO","No Control","","",1329238.48,1674351.09,"13292381674351"
"2017-11680-27/05/2021","2 Metropolitan","GLEN OSMOND","5064","CITY OF BURNSIDE",1,1,0,0,1,2017,"November","Sunday","04:08 pm","060","Divided Road","Straight road","Slope","Not Applicable","Sealed","Dry","Not Raining","Daylight","Roll Over","01","Driver Rider","2: MI","No Control","","",1332392.49,1666464.08,"13323921666464"
"2017-11681-27/05/2021","2 Metropolitan","MEDINDIE","5081","WALKERVILLE TOWN COUNCIL",2,0,0,0,0,2017,"November","Sunday","01:15 pm","060","T-Junction","Straight road","Level","Not Applicable","Sealed","Dry","Not Raining","Daylight","Rear End","02","Driver Rider","1: PDO","No Control","","",1328545.74,1673867.55,"13285461673868"
"2017-11682-27/05/2021","3 Country","MURRAY BRIDGE","5253","RC MURRAY BRIDGE.             ",2,1,0,0,1,2017,"November","Sunday","05:00 pm","050","Not Divided","Straight road","Level","Not Applicable","Sealed","Dry","Not Raining","Daylight","Side Swipe","01","Driver Rider","2: MI","No Control","","",1388406.13,1646609.5,"13884061646610"
"2017-11683-27/05/2021","2 Metropolitan","PAYNEHAM","5070","CC OF NORWOOD,PAYNEHAM & ST PETERS",3,0,0,0,0,2017,"November","Sunday","07:00 pm","060","Divided Road","Straight road","Level","Driveway or Entrance","Sealed","Dry","Not Raining","Daylight","Right Angle","02","Driver Rider","1: PDO","No Control","","",1332182.62,1673661.08,"13321831673661"
"2017-11684-27/05/2021","2 Metropolitan","WOODVILLE NORTH","5012","CITY OF CHARLES STURT",2,1,0,0,1,2017,"November","Sunday","07:30 pm","060","T-Junction","Straight road","Level","Not Applicable","Sealed","Dry","Not Raining","Daylight","Right Turn","01","Driver Rider","2: MI","Traffic Signals","","",1323971.81,1676431.87,"13239721676432"
"2017-11685-27/05/2021","3 Country","CRESCENT","5341","DC RENMARK PARINGA            ",2,1,0,0,1,2017,"November","Sunday","12:30 am","080","Not Divided","Straight road","Level","Not Applicable","Unsealed","Dry","Not Raining","Night","Roll Over","01","Driver Rider","2: MI","No Control","Y","",1528933.2,1743050.57,"15289331743051"
"2017-11686-27/05/2021","2 Metropolitan","EDWARDSTOWN","5039","CC MARION.                    ",2,0,0,0,0,2017,"November","Monday","01:30 am","050","Not Divided","Straight road","Level","Not Applicable","Sealed","Dry","Not Raining","Night","Hit Parked Vehicle","01","Driver Rider","1: PDO","No Control","","",1325228.29,1665400.26,"13252281665400"
"2017-11687-27/05/2021","2 Metropolitan","BASKET RANGE","5138","THE ADELAIDE HILLS COUNCIL",2,0,0,0,0,2017,"November","Monday","12:30 am","080","Not Divided","CURVED, VIEW OBSCURED","Level","Not Applicable","Sealed","Dry","Not Raining","Night","Hit Fixed Object","01","Driver Rider","1: PDO","No Control","","",1344941.58,1668394.56,"13449421668395"
"2017-11688-27/05/2021","2 Metropolitan","CHRISTIE DOWNS","5164","CITY OF ONKAPARINGA",2,0,0,0,0,2017,"November","Monday","08:00 am","100","Freeway","Straight road","Level","Not Applicable","Sealed","Dry","Not Raining","Daylight","Side Swipe","02","Driver Rider","1: PDO","No Control","","",1319122.02,1648319.93,"13191221648320"
"2017-11689-27/05/2021","2 Metropolitan","HAHNDORF","5245","DC MT.BARKER.                 ",4,0,0,0,0,2017,"November","Saturday","10:53 am","050","T-Junction","CURVED, VIEW OPEN","Slope","Not Applicable","Sealed","Dry","Not Raining","Daylight","Rear End","01","Driver Rider","1: PDO","No Control","","",1347604.41,1657873.09,"13476041657873"
"2017-11690-27/05/2021","2 Metropolitan","BEVERLEY","5009","CITY OF CHARLES STURT",2,0,0,0,0,2017,"November","Monday","08:52 am","060","T-Junction","Straight road","Level","Not Applicable","Sealed","Dry","Not Raining","Daylight","Right Angle","02","Driver Rider","1: PDO","No Control","","",1324171.7,1674189.28,"13241721674189"
"2017-11691-27/05/2021","2 Metropolitan","KERSBROOK","5231","THE ADELAIDE HILLS COUNCIL",1,0,0,0,0,2017,"November","Saturday","10:50 pm","100","Not Divided","Straight road","Slope","Not Applicable","Unsealed","Dry","Not Raining","Night","Left Road - Out of Control","01","Driver Rider","1: PDO","No Control","","",1353614.55,1684467.99,"13536151684468"
"2017-11692-27/05/2021","2 Metropolitan","UNDERDALE","5032","CITY OF WEST TORRENS",2,0,0,0,0,2017,"November","Sunday","01:00 pm","060","Divided Road","Straight road","Level","Not Applicable","Sealed","Dry","Not Raining","Daylight","Hit Parked Vehicle","01","Driver Rider","1: PDO","No Control","","",1323549.72,1670923.88,"13235501670924"
"2017-11693-27/05/2021","2 Metropolitan","WEST LAKES","5021","CITY OF CHARLES STURT",4,0,0,0,0,2017,"November","Sunday","12:40 pm","050","T-Junction","CURVED, VIEW OPEN","Level","Not Applicable","Sealed","Dry","Not Raining","Daylight","Hit Fixed Object","01","Driver Rider","1: PDO","No Control","","",1319372.77,1678109.53,"13193731678110"
"2017-11694-27/05/2021","2 Metropolitan","VIRGINIA","5120","CITY OF PLAYFORD.",2,0,0,0,0,2017,"November","Monday","10:40 am","090","Not Divided","Straight road","Level","Driveway or Entrance","Sealed","Dry","Not Raining","Daylight","Right Angle","01","Driver Rider","1: PDO","No Control","","",1327028.95,1702472.35,"13270291702472"
"2017-11695-27/05/2021","2 Metropolitan","UNLEY PARK","5061","CITY OF UNLEY",2,0,0,0,0,2017,"November","Monday","10:00 am","040","T-Junction","Straight road","Level","Not Applicable","Sealed","Dry","Not Raining","Daylight","Right Angle","01","Driver Rider","1: PDO","Give Way Sign","","",1328233.61,1666813.29,"13282341666813"
"2017-11696-27/05/2021","2 Metropolitan","MAWSON LAKES","5095","CITY OF SALISBURY",2,0,0,0,0,2017,"November","Monday","08:00 am","070","Freeway","Straight road","Level","Bridge, Culvert, Causeway","Sealed","Dry","Not Raining","Daylight","Rear End","02","Driver Rider","1: PDO","No Control","","",1328919.55,1683610.37,"13289201683610"
"2017-11697-27/05/2021","2 Metropolitan","LIGHTSVIEW","5085","CITY OF PORT ADELAIDE ENFIELD",2,0,0,0,0,2017,"November","Monday","07:40 am","060","Divided Road","Straight road","Level","Not Applicable","Sealed","Dry","Not Raining","Daylight","Rear End","02","Driver Rider","1: PDO","No Control","","",1330403.38,1677912.99,"13304031677913"
"2017-11698-27/05/2021","3 Country","BUTLER","5605","DC TUMBY BAY.                 ",2,0,0,0,0,2017,"November","Monday","08:14 am","080","Not Divided","Straight road","Level","Not Applicable","Unsealed","Dry","Not Raining","Daylight","Hit Animal","02","Animal","1: PDO","No Control","","",1102395.75,1766425.86,"11023961766426"
"2017-11699-27/05/2021","2 Metropolitan","ALDINGA","5173","CITY OF ONKAPARINGA",2,0,0,0,0,2017,"November","Monday","11:15 am","080","T-Junction","CURVED, VIEW OBSCURED","Level","Not Applicable","Sealed","Dry","Not Raining","Daylight","Rear End","02","Driver Rider","1: PDO","Give Way Sign","","",1315386.24,1635481.61,"13153861635482"
"2017-11700-27/05/2021","3 Country","NORMANVILLE","5204","DC YANKALILLA.                ",2,4,0,2,2,2017,"November","Monday","10:55 am","100","Not Divided","CURVED, VIEW OBSCURED","Level","Not Applicable","Sealed","Dry","Not Raining","Daylight","Head On","01","Driver Rider","3: SI","No Control","","",1297327.93,1609732.2,"12973281609732"
"2017-11701-27/05/2021","2 Metropolitan","CAMPBELLTOWN","5074","CC CAMPBELLTOWN.              ",3,0,0,0,0,2017,"November","Monday","12:15 pm","060","Divided Road","Straight road","Level","Not Applicable","Sealed","Dry","Not Raining","Daylight","Hit Parked Vehicle","02","Driver Rider","1: PDO","No Control","","",1334368.95,1675558.66,"13343691675559"
"2017-11702-27/05/2021","2 Metropolitan","MODBURY","5092","CITY OF TEA TREE GULLY",2,0,0,0,0,2017,"November","Monday","08:20 am","060","Divided Road","Straight road","Level","Not Applicable","Sealed","Dry","Not Raining","Daylight","Side Swipe","02","Driver Rider","1: PDO","No Control","","",1337286.98,1680638.59,"13372871680639"
"2017-11703-27/05/2021","2 Metropolitan","MUNNO PARA","5115","CITY OF PLAYFORD.",2,2,0,0,2,2017,"November","Monday","12:55 pm","060","T-Junction","Straight road","Level","Not Applicable","Sealed","Dry","Not Raining","Daylight","Right Angle","02","Driver Rider","2: MI","No Control","","",1338044.84,1697810.2,"13380451697810"
"2017-11704-27/05/2021","3 Country","KIMBA","5641","DC KIMBA.                     ",1,1,0,0,1,2017,"November","Monday","12:15 pm","080","T-Junction","Straight road","Crest of Hill","Not Applicable","Sealed","Dry","Not Raining","Daylight","Roll Over","01","Driver Rider","2: MI","Give Way Sign","","",1132796.92,1872457.21,"11327971872457"
"2017-11705-27/05/2021","1 City","ADELAIDE","5000","CITY OF ADELAIDE",2,0,0,0,0,2017,"November","Monday","06:25 am","050","Not Divided","Straight road","Level","Not Applicable","Sealed","Dry","Not Raining","Daylight","Hit Parked Vehicle","02","Driver Rider","1: PDO","No Control","","",1327866.87,1670606.9,"13278671670607"
"2017-11706-27/05/2021","2 Metropolitan","MARDEN","5070","CC OF NORWOOD,PAYNEHAM & ST PETERS",2,1,0,0,1,2017,"November","Monday","01:00 pm","060","T-Junction","Straight road","Slope","Not Applicable","Sealed","Dry","Not Raining","Daylight","Rear End","02","Driver Rider","2: MI","Traffic Signals","","",1332496.75,1673949.58,"13324971673950"
"2017-11707-27/05/2021","2 Metropolitan","PORT WILLUNGA","5173","CITY OF ONKAPARINGA",2,0,0,0,0,2017,"November","Monday","12:10 pm","050","Cross Road","Straight road","Level","Not Applicable","Sealed","Dry","Not Raining","Daylight","Right Angle","02","Driver Rider","1: PDO","Give Way Sign","","",1315452.82,1633149.62,"13154531633150"
"2017-11708-27/05/2021","2 Metropolitan","MAWSON LAKES","5095","CITY OF SALISBURY",2,0,0,0,0,2017,"November","Monday","02:10 pm","070","Cross Road","Straight road","Level","Not Applicable","Sealed","Dry","Not Raining","Daylight","Side Swipe","02","Driver Rider","1: PDO","Traffic Signals","","",1329566.06,1684422.81,"13295661684423"
"2017-11709-27/05/2021","2 Metropolitan","LEAWOOD GARDENS","5150","CC MITCHAM.                   ",2,0,0,0,0,2017,"November","Friday","11:22 am","090","Interchange","Straight road","Slope","Not Applicable","Sealed","Wet","Raining","Daylight","Rear End","02","Driver Rider","1: PDO","No Control","","",1334676.37,1665852.04,"13346761665852"
"2017-11710-27/05/2021","2 Metropolitan","CLARENCE GARDENS","5039","CC MITCHAM.                   ",3,1,0,0,1,2017,"November","Thursday","12:25 pm","060","Divided Road","Straight road","Level","Not Applicable","Sealed","Dry","Not Raining","Daylight","Rear End","01","Driver Rider","2: MI","No Control","","",1325911.98,1665146.42,"13259121665146"
"2017-11711-27/05/2021","2 Metropolitan","KILBURN","5084","CITY OF PORT ADELAIDE ENFIELD",2,0,0,0,0,2017,"November","Monday","04:30 pm","060","T-Junction","Straight road","Level","Driveway or Entrance","Sealed","Dry","Not Raining","Daylight","Right Angle","01","Driver Rider","1: PDO","Give Way Sign","","",1327175.62,1678813.87,"13271761678814"
"2017-11712-27/05/2021","2 Metropolitan","BEDFORD PARK","5042","CC MITCHAM.                   ",2,0,0,0,0,2017,"November","Monday","01:20 pm","040","Divided Road","Straight road","Level","Roadworks","Sealed","Dry","Not Raining","Daylight","Side Swipe","01","Driver Rider","1: PDO","No Control","","",1325940.56,1661213.58,"13259411661214"
"2017-11713-27/05/2021","2 Metropolitan","PAYNEHAM","5070","CC OF NORWOOD,PAYNEHAM & ST PETERS",3,2,0,0,2,2017,"November","Friday","01:10 pm","060","T-Junction","Straight road","Level","Not Applicable","Sealed","Wet","Raining","Daylight","Rear End","01","Driver Rider","2: MI","No Control","","",1332533.8,1673956.14,"13325341673956"
"2017-11714-27/05/2021","2 Metropolitan","KURRALTA PARK","5037","CITY OF WEST TORRENS",2,0,0,0,0,2017,"November","Monday","12:55 pm","060","T-Junction","Straight road","Level","Not Applicable","Sealed","Dry","Not Raining","Daylight","Side Swipe","01","Driver Rider","1: PDO","No Control","","",1325217.14,1667305.99,"13252171667306"
"2017-11715-27/05/2021","2 Metropolitan","UNLEY","5061","CITY OF UNLEY",2,1,0,0,1,2017,"November","Monday","02:00 pm","040","Not Divided","Straight road","Level","Driveway or Entrance","Sealed","Dry","Not Raining","Daylight","Right Angle","01","Driver Rider","2: MI","No Control","","",1329163.77,1667909.86,"13291641667910"
"2017-11716-27/05/2021","2 Metropolitan","FERRYDEN PARK","5010","CITY OF PORT ADELAIDE ENFIELD",3,1,0,0,1,2017,"November","Monday","05:10 pm","060","Not Divided","Straight road","Level","Not Applicable","Sealed","Dry","Not Raining","Daylight","Hit Parked Vehicle","01","Driver Rider","2: MI","No Control","","",1324956.91,1677661.62,"13249571677662"
"2017-11717-27/05/2021","2 Metropolitan","KILKENNY","5009","CITY OF CHARLES STURT",2,1,0,0,1,2017,"November","Monday","06:10 pm","060","T-Junction","Straight road","Level","Not Applicable","Sealed","Dry","Not Raining","Daylight","Right Turn","01","Driver Rider","2: MI","No Control","","",1324780.56,1676335.3,"13247811676335"