"REPORT_ID","Stats Area","Suburb","Postcode","LGA Name","Total Units","Total Cas","Total Fats","Total SI","Total MI","Year","Month","Day","Time","Area Speed","Position Type","Horizontal Align","Vertical Align","Other Feat","Road Surface","Moisture Cond","Weather Cond","DayNight","Crash Type","Unit Resp","Entity Code","CSEF Severity","Traffic Ctrls","DUI Involved","Drugs Involved","ACCLOC_X","ACCLOC_Y","UNIQUE_LOC"
"2017-12198-27/05/2021","2 Metropolitan","WILLUNGA","5172","CITY OF ONKAPARINGA",2,1,0,0,1,2017,"December","Sunday","11:15 am","100","Not Divided","CURVED, VIEW OBSCURED","Slope","Not Applicable","Sealed","Wet","Raining","Daylight","Hit Fixed Object","01","Driver Rider","2: MI","No Control","","",1325105.58,1630396.43,"13251061630396"
"2017-12199-27/05/2021","2 Metropolitan","MITCHAM","5062","CC MITCHAM.                   ",2,0,0,0,0,2017,"December","Sunday","01:00 pm","060","T-Junction","Straight road","Slope","Not Applicable","Sealed","Unknown","Not Raining","Daylight","Rear End","01","Driver Rider","1: PDO","No Control","","",1330449.85,1664684.83,"13304501664685"
"2017-12200-27/05/2021","2 Metropolitan","LEABROOK","5068","CITY OF BURNSIDE",2,3,0,0,3,2017,"December","Sunday","11:34 am","060","Cross Road","Straight road","Level","Not Applicable","Sealed","Dry","Not Raining","Daylight","Right Turn","01","Driver Rider","2: MI","Traffic Signals","","",1333899.19,1670462.72,"13338991670463"
"2017-12201-27/05/2021","2 Metropolitan","GLENELG NORTH","5045","CITY OF HOLDFAST BAY",2,0,0,0,0,2017,"November","Thursday","10:45 pm","060","T-Junction","CURVED, VIEW OPEN","Level","Not Applicable","Sealed","Wet","Raining","Night","Hit Fixed Object","01","Driver Rider","1: PDO","Give Way Sign","","",1320836.64,1665680.64,"13208371665681"
"2017-12202-27/05/2021","2 Metropolitan","WEST LAKES","5021","CITY OF CHARLES STURT",2,1,0,0,1,2017,"December","Saturday","02:20 pm","060","Divided Road","Straight road","Level","Driveway or Entrance","Sealed","Dry","Not Raining","Daylight","Right Angle","02","Driver Rider","2: MI","No Control","","",1319875.02,1676298.61,"13198751676299"
"2017-12203-27/05/2021","2 Metropolitan","STURT","5047","CC MARION.                    ",2,0,0,0,0,2017,"December","Sunday","02:15 pm","060","T-Junction","Straight road","Level","Not Applicable","Sealed","Dry","Not Raining","Daylight","Rear End","01","Driver Rider","1: PDO","No Control","","",1323837.15,1660658.2,"13238371660658"
"2017-12204-27/05/2021","2 Metropolitan","RIDLEYTON","5008","CITY OF CHARLES STURT",2,1,0,0,1,2017,"December","Sunday","11:20 am","025","Cross Road","Straight road","Level","Roadworks","Sealed","Wet","Raining","Daylight","Right Turn","02","Driver Rider","2: MI","Traffic Signals","","",1325910.89,1674899.36,"13259111674899"
"2017-12205-27/05/2021","2 Metropolitan","KESWICK","5035","CITY OF WEST TORRENS",2,0,0,0,0,2017,"December","Sunday","04:51 pm","060","Cross Road","Straight road","Level","Not Applicable","Sealed","Dry","Not Raining","Daylight","Right Turn","01","Driver Rider","1: PDO","Traffic Signals","","",1325798.69,1668947.66,"13257991668948"
"2017-12206-27/05/2021","2 Metropolitan","MCLAREN VALE","5171","CITY OF ONKAPARINGA",2,0,0,0,0,2017,"December","Saturday","10:45 pm","050","Not Divided","Straight road","Level","Not Applicable","Sealed","Dry","Not Raining","Night","Hit Pedestrian","02","Pedestrian","1: PDO","No Control","","",1321219.28,1639320.97,"13212191639321"
"2017-12207-27/05/2021","2 Metropolitan","NORTHFIELD","5085","CITY OF PORT ADELAIDE ENFIELD",2,1,0,0,1,2017,"December","Sunday","02:40 pm","050","Not Divided","Straight road","Level","Not Applicable","Sealed","Dry","Not Raining","Daylight","Hit Fixed Object","01","Driver Rider","2: MI","No Control","","",1330492.77,1678666.9,"13304931678667"
"2017-12208-27/05/2021","3 Country","GOOLWA BEACH","5214","ALEXANDRINA COUNCIL",2,0,0,0,0,2017,"December","Sunday","11:55 am","050","T-Junction","Straight road","Level","Not Applicable","Sealed","Dry","Not Raining","Daylight","Right Angle","01","Driver Rider","1: PDO","No Control","","",1341979.97,1604451.48,"13419801604451"
"2017-12209-27/05/2021","2 Metropolitan","PORT ADELAIDE","5015","CITY OF PORT ADELAIDE ENFIELD",2,0,0,0,0,2017,"December","Sunday","05:43 pm","050","T-Junction","CURVED, VIEW OPEN","Level","Not Applicable","Sealed","Dry","Not Raining","Daylight","Rear End","01","Driver Rider","1: PDO","Traffic Signals","","",1321029.42,1680062.72,"13210291680063"
"2017-12210-27/05/2021","3 Country","MOUNT GAMBIER","5290","CC MT.GAMBIER.                ",2,0,0,0,0,2017,"December","Sunday","04:45 pm","060","T-Junction","Straight road","Level","Not Applicable","Sealed","Dry","Not Raining","Daylight","Rear End","01","Driver Rider","1: PDO","No Control","","",1507799.22,1340461.95,"15077991340462"
"2017-12211-27/05/2021","3 Country","MONARTO SOUTH","5254","RC MURRAY BRIDGE.             ",2,0,0,0,0,2017,"December","Saturday","06:00 pm","110","Freeway","Straight road","Level","Not Applicable","Sealed","Dry","Not Raining","Daylight","Hit Fixed Object","01","Driver Rider","1: PDO","No Control","","",1372336.02,1646350.5,"13723361646351"
"2017-12212-27/05/2021","2 Metropolitan","KENSINGTON GARDENS","5068","CITY OF BURNSIDE",2,0,0,0,0,2017,"December","Sunday","09:55 pm","060","Divided Road","Straight road","Level","Not Applicable","Sealed","Dry","Not Raining","Night","Hit Parked Vehicle","01","Driver Rider","1: PDO","No Control","","",1334083.34,1670466.96,"13340831670467"
"2017-12213-27/05/2021","2 Metropolitan","KLEMZIG","5087","CITY OF PORT ADELAIDE ENFIELD",2,0,0,0,0,2017,"December","Sunday","03:28 am","060","Cross Road","Straight road","Level","Not Applicable","Sealed","Dry","Not Raining","Night","Hit Fixed Object","01","Driver Rider","1: PDO","Traffic Signals","Y","",1331685.71,1676259.54,"13316861676260"
"2017-12214-27/05/2021","2 Metropolitan","CLAPHAM","5062","CC MITCHAM.                   ",2,0,0,0,0,2017,"December","Monday","02:50 am","040","Not Divided","Straight road","Slope","Roadworks","Sealed","Dry","Not Raining","Night","Hit Fixed Object","01","Driver Rider","1: PDO","No Control","","Y",1328674,1663518.53,"13286741663519"
"2017-12215-27/05/2021","2 Metropolitan","PAYNEHAM","5070","CC OF NORWOOD,PAYNEHAM & ST PETERS",2,0,0,0,0,2017,"December","Sunday","09:15 pm","060","Divided Road","CURVED, VIEW OPEN","Level","Not Applicable","Sealed","Wet","Not Raining","Night","Side Swipe","02","Driver Rider","1: PDO","No Control","","",1332171.95,1673762.18,"13321721673762"
"2017-12216-27/05/2021","3 Country","NAPPERBY","5540","PT.PIRIE CITY & DIST. COUNCIL ",3,0,0,0,0,2017,"December","Sunday","09:00 pm","050","Not Divided","Straight road","Level","Not Applicable","Unsealed","Dry","Not Raining","Night","Hit Fixed Object","01","Driver Rider","1: PDO","No Control","","",1289709.34,1866026.18,"12897091866026"
"2017-12217-27/05/2021","2 Metropolitan","PANORAMA","5041","CC MITCHAM.                   ",2,0,0,0,0,2017,"December","Sunday","11:00 pm","050","Not Divided","Straight road","Level","Not Applicable","Sealed","Dry","Not Raining","Night","Hit Parked Vehicle","02","Driver Rider","1: PDO","No Control","","",1328245.28,1663402.13,"13282451663402"
"2017-12218-27/05/2021","2 Metropolitan","LINDEN PARK","5065","CITY OF BURNSIDE",2,0,0,0,0,2017,"December","Monday","08:25 am","050","T-Junction","Straight road","Slope","Not Applicable","Sealed","Dry","Not Raining","Daylight","Rear End","02","Driver Rider","1: PDO","No Control","","",1332791.97,1668158.2,"13327921668158"
"2017-12219-27/05/2021","3 Country","NELSHABY","5540","PT.PIRIE CITY & DIST. COUNCIL ",2,0,0,0,0,2017,"December","Sunday","12:00 pm","110","Not Divided","Straight road","Level","Driveway or Entrance","Sealed","Unknown","Not Raining","Daylight","Rear End","02","Driver Rider","1: PDO","No Control","","",1285649.56,1871040.57,"12856501871041"
"2017-12220-27/05/2021","2 Metropolitan","ROYSTON PARK","5070","CC OF NORWOOD,PAYNEHAM & ST PETERS",2,0,0,0,0,2017,"December","Monday","07:25 am","060","T-Junction","Straight road","Level","Not Applicable","Sealed","Dry","Not Raining","Daylight","Rear End","02","Driver Rider","1: PDO","Traffic Signals","","",1331700.93,1673182.87,"13317011673183"
"2017-12221-27/05/2021","2 Metropolitan","HOUGHTON","5131","THE ADELAIDE HILLS COUNCIL",2,2,0,0,2,2017,"December","Monday","02:00 am","080","Not Divided","CURVED, VIEW OBSCURED","Slope","Not Applicable","Sealed","Wet","Raining","Night","Hit Fixed Object","09","Other","2: MI","No Control","","",1343221.36,1680485.21,"13432211680485"
"2017-12222-27/05/2021","2 Metropolitan","ELIZABETH EAST","5112","CITY OF PLAYFORD.",2,0,0,0,0,2017,"December","Sunday","04:45 pm","080","Divided Road","Straight road","Level","Not Applicable","Sealed","Dry","Not Raining","Daylight","Rear End","02","Driver Rider","1: PDO","No Control","","",1336074.02,1692447.16,"13360741692447"
"2017-12223-27/05/2021","3 Country","WILLUNGA HILL","5172","ALEXANDRINA COUNCIL",2,0,0,0,0,2017,"December","Sunday","01:10 pm","080","T-Junction","Straight road","Level","Not Applicable","Sealed","Wet","Raining","Daylight","Right Angle","02","Driver Rider","1: PDO","Give Way Sign","","",1325443.37,1629605.5,"13254431629606"
"2017-12224-27/05/2021","2 Metropolitan","PARADISE","5075","CC CAMPBELLTOWN.              ",3,0,0,0,0,2017,"December","Monday","08:25 am","060","T-Junction","Straight road","Level","Not Applicable","Sealed","Dry","Not Raining","Daylight","Rear End","01","Driver Rider","1: PDO","No Control","","",1334729.54,1676026.16,"13347301676026"
"2017-12225-27/05/2021","3 Country","CURRENCY CREEK","5214","ALEXANDRINA COUNCIL",1,1,0,0,1,2017,"December","Sunday","03:30 pm","080","Not Divided","Straight road","Unknown","Not Applicable","Sealed","Wet","Raining","Daylight","Roll Over","01","Driver Rider","2: MI","No Control","","",1341533.15,1612012.51,"13415331612013"
"2017-12226-27/05/2021","2 Metropolitan","MELROSE PARK","5039","CC MITCHAM.                   ",2,0,0,0,0,2017,"December","Monday","12:00 pm","060","Divided Road","Straight road","Level","Not Applicable","Sealed","Dry","Not Raining","Daylight","Rear End","01","Driver Rider","1: PDO","No Control","","",1325925.39,1664615.7,"13259251664616"
"2017-12227-27/05/2021","2 Metropolitan","NORTH PLYMPTON","5037","CITY OF WEST TORRENS",2,0,0,0,0,2017,"December","Monday","11:00 am","060","Divided Road","Straight road","Level","Not Applicable","Sealed","Dry","Not Raining","Daylight","Rear End","01","Driver Rider","1: PDO","No Control","","",1324185.29,1668194.44,"13241851668194"
"2017-12228-27/05/2021","2 Metropolitan","SALISBURY DOWNS","5108","CITY OF SALISBURY",2,1,0,0,1,2017,"December","Monday","10:30 am","050","Not Divided","Straight road","Level","Driveway or Entrance","Sealed","Dry","Not Raining","Daylight","Hit Fixed Object","01","Driver Rider","2: MI","Roundabout","","",1331205.27,1688133.24,"13312051688133"
"2017-12229-27/05/2021","1 City","ADELAIDE","5000","CITY OF ADELAIDE",2,1,0,0,1,2017,"December","Monday","11:13 am","050","Cross Road","Straight road","Level","Not Applicable","Sealed","Dry","Not Raining","Daylight","Side Swipe","02","Driver Rider","2: MI","Traffic Signals","","",1329501.06,1670848.53,"13295011670849"
"2017-12230-27/05/2021","2 Metropolitan","PARK HOLME","5043","CC MARION.                    ",2,0,0,0,0,2017,"December","Monday","12:00 pm","060","T-Junction","Straight road","Level","Not Applicable","Sealed","Dry","Not Raining","Daylight","Rear End","02","Driver Rider","1: PDO","Traffic Signals","","",1323515.98,1663112.23,"13235161663112"
"2017-12231-27/05/2021","2 Metropolitan","WARRADALE","5046","CC MARION.                    ",2,0,0,0,0,2017,"December","Monday","11:00 am","060","Cross Road","Straight road","Level","Not Applicable","Sealed","Dry","Not Raining","Daylight","Right Angle","01","Driver Rider","1: PDO","Give Way Sign","","",1322074.49,1662697.85,"13220741662698"
"2017-12232-27/05/2021","2 Metropolitan","FERRYDEN PARK","5010","CITY OF PORT ADELAIDE ENFIELD",2,0,0,0,0,2017,"November","Saturday","08:08 pm","050","Not Divided","Straight road","Level","Not Applicable","Sealed","Dry","Not Raining","Daylight","Hit Parked Vehicle","02","Driver Rider","1: PDO","No Control","","",1324940.09,1677451.22,"13249401677451"
"2017-12233-27/05/2021","2 Metropolitan","PARKSIDE","5063","CITY OF UNLEY",2,1,0,0,1,2017,"December","Monday","11:45 am","060","Cross Road","Straight road","Level","Not Applicable","Sealed","Dry","Not Raining","Daylight","Rear End","02","Driver Rider","2: MI","Traffic Signals","","",1329057.07,1668963.89,"13290571668964"
"2017-12234-27/05/2021","2 Metropolitan","WEST RICHMOND","5033","CITY OF WEST TORRENS",2,1,0,0,1,2017,"December","Monday","11:30 am","060","Divided Road","Straight road","Level","Not Applicable","Sealed","Dry","Not Raining","Daylight","Side Swipe","02","Driver Rider","2: MI","No Control","","",1324151.15,1669526.27,"13241511669526"
"2017-12235-27/05/2021","2 Metropolitan","WOODVILLE WEST","5011","CITY OF CHARLES STURT",2,0,0,0,0,2017,"December","Monday","12:37 pm","060","Divided Road","Straight road","Level","Not Applicable","Sealed","Dry","Not Raining","Daylight","Rear End","01","Driver Rider","1: PDO","No Control","","",1322356.58,1675716.47,"13223571675716"
"2017-12236-27/05/2021","2 Metropolitan","HECTORVILLE","5073","CC CAMPBELLTOWN.              ",2,1,0,0,1,2017,"December","Monday","03:20 pm","060","T-Junction","Straight road","Level","Not Applicable","Sealed","Dry","Not Raining","Daylight","Right Turn","01","Driver Rider","2: MI","No Control","","",1333808.63,1673873.58,"13338091673874"
"2017-12237-27/05/2021","2 Metropolitan","SEATON","5023","CITY OF CHARLES STURT",2,0,0,0,0,2017,"December","Monday","05:00 pm","060","Divided Road","Straight road","Level","Not Applicable","Sealed","Dry","Not Raining","Daylight","Side Swipe","01","Driver Rider","1: PDO","No Control","","",1320752.44,1674347.77,"13207521674348"
"2017-12238-27/05/2021","2 Metropolitan","NORTHFIELD","5085","CITY OF PORT ADELAIDE ENFIELD",2,0,0,0,0,2017,"December","Monday","05:00 pm","060","T-Junction","Straight road","Level","Not Applicable","Sealed","Dry","Not Raining","Daylight","Right Turn","01","Driver Rider","1: PDO","Traffic Signals","","",1330407.78,1678042.15,"13304081678042"
"2017-12239-27/05/2021","2 Metropolitan","SALISBURY SOUTH","5106","CITY OF SALISBURY",2,0,0,0,0,2017,"December","Monday","05:00 pm","050","Not Divided","Straight road","Level","Driveway or Entrance","Sealed","Dry","Not Raining","Daylight","Rear End","01","Driver Rider","1: PDO","No Control","","",1333081.59,1685979.72,"13330821685980"
"2017-12240-27/05/2021","2 Metropolitan","ST MARYS","5042","CC MITCHAM.                   ",2,0,0,0,0,2017,"December","Monday","02:55 pm","060","Cross Road","Straight road","Level","Not Applicable","Sealed","Dry","Not Raining","Daylight","Side Swipe","02","Driver Rider","1: PDO","Traffic Signals","","",1325962.44,1663322.78,"13259621663323"
"2017-12241-27/05/2021","2 Metropolitan","FLINDERS PARK","5025","CITY OF CHARLES STURT",2,0,0,0,0,2017,"December","Monday","08:00 am","050","Not Divided","Straight road","Level","Not Applicable","Sealed","Dry","Not Raining","Daylight","Rear End","02","Driver Rider","1: PDO","No Control","","",1323605.33,1672389.53,"13236051672390"
"2017-12242-27/05/2021","2 Metropolitan","NOARLUNGA DOWNS","5168","CITY OF ONKAPARINGA",2,1,0,0,1,2017,"December","Monday","02:00 pm","080","T-Junction","Straight road","Slope","Not Applicable","Sealed","Dry","Not Raining","Daylight","Rear End","01","Driver Rider","2: MI","Traffic Signals","","",1319276.5,1644347.84,"13192771644348"
"2017-12243-27/05/2021","2 Metropolitan","ONE TREE HILL","5114","CITY OF PLAYFORD.",1,0,0,0,0,2017,"December","Monday","06:11 pm","100","T-Junction","Straight road","Crest of Hill","Not Applicable","Sealed","Dry","Not Raining","Daylight","Left Road - Out of Control","01","Driver Rider","1: PDO","No Control","","",1344440.08,1695777.49,"13444401695777"
"2017-12244-27/05/2021","2 Metropolitan","RICHMOND","5033","CITY OF WEST TORRENS",2,0,0,0,0,2017,"December","Monday","04:00 pm","060","Divided Road","Straight road","Level","Not Applicable","Sealed","Dry","Not Raining","Daylight","Rear End","01","Driver Rider","1: PDO","No Control","","",1325788.78,1669164.26,"13257891669164"
"2017-12245-27/05/2021","1 City","ADELAIDE","5000","CITY OF ADELAIDE",2,0,0,0,0,2017,"December","Monday","11:20 am","050","T-Junction","Straight road","Level","Not Applicable","Sealed","Dry","Not Raining","Daylight","Right Angle","01","Driver Rider","1: PDO","No Control","","",1329400.4,1670856.52,"13294001670857"
"2017-12246-27/05/2021","2 Metropolitan","NOARLUNGA CENTRE","5168","CITY OF ONKAPARINGA",4,0,0,0,0,2017,"December","Monday","05:35 pm","100","Freeway","Straight road","Level","Not Applicable","Sealed","Dry","Not Raining","Daylight","Hit Parked Vehicle","01","Driver Rider","1: PDO","No Control","","",1319094.42,1647062.5,"13190941647063"
"2017-12247-27/05/2021","2 Metropolitan","CHERRY GARDENS","5157","CITY OF ONKAPARINGA",2,0,0,0,0,2017,"December","Monday","07:00 pm","080","Not Divided","CURVED, VIEW OBSCURED","Slope","Not Applicable","Sealed","Dry","Not Raining","Daylight","Hit Fixed Object","01","Driver Rider","1: PDO","No Control","","",1335107.96,1655543.91,"13351081655544"
"2017-12248-27/05/2021","2 Metropolitan","SALISBURY","5108","CITY OF SALISBURY",2,1,0,0,1,2017,"December","Monday","07:36 pm","050","Not Divided","Straight road","Level","Not Applicable","Sealed","Dry","Not Raining","Daylight","Hit Pedestrian","02","Pedestrian","2: MI","No Control","","",1332510.67,1687512.35,"13325111687512"
"2017-12249-27/05/2021","2 Metropolitan","UNLEY","5061","CITY OF UNLEY",2,0,0,0,0,2017,"December","Monday","01:00 pm","060","Not Divided","Straight road","Level","Not Applicable","Sealed","Dry","Not Raining","Daylight","Side Swipe","02","Driver Rider","1: PDO","No Control","","",1329090.87,1667801.76,"13290911667802"
"2017-12250-27/05/2021","2 Metropolitan","SEACOMBE GARDENS","5047","CC MARION.                    ",3,0,0,0,0,2017,"December","Monday","01:40 pm","060","T-Junction","Straight road","Level","Not Applicable","Sealed","Dry","Not Raining","Daylight","Hit Fixed Object","01","Driver Rider","1: PDO","No Control","","",1323618.06,1659518.3,"13236181659518"
"2017-12251-27/05/2021","2 Metropolitan","SOUTH PLYMPTON","5038","CC MARION.                    ",2,1,0,1,0,2017,"December","Monday","05:12 pm","060","Cross Road","Straight road","Level","Not Applicable","Sealed","Dry","Not Raining","Daylight","Right Turn","02","Driver Rider","3: SI","Traffic Signals","","",1324247.23,1666113.9,"13242471666114"
"2017-12252-27/05/2021","2 Metropolitan","KILBURN","5084","CITY OF PORT ADELAIDE ENFIELD",2,0,0,0,0,2017,"December","Monday","07:30 pm","050","Cross Road","Straight road","Level","Not Applicable","Sealed","Dry","Not Raining","Daylight","Right Turn","02","Driver Rider","1: PDO","Stop Sign","","",1328027.15,1677780.4,"13280271677780"
"2017-12253-27/05/2021","2 Metropolitan","WOODVILLE GARDENS","5012","CITY OF PORT ADELAIDE ENFIELD",2,0,0,0,0,2017,"December","Monday","08:40 pm","050","Cross Road","Straight road","Level","Not Applicable","Sealed","Dry","Not Raining","Night","Right Angle","01","Driver Rider","1: PDO","Give Way Sign","","",1324539.1,1676954.58,"13245391676955"
"2017-12254-27/05/2021","3 Country","CAMBRAI","5353","MID MURRAY DISTRICT COUNCIL",1,1,0,0,1,2017,"December","Monday","05:35 pm","100","Not Divided","Straight road","Slope","Not Applicable","Sealed","Dry","Not Raining","Daylight","Left Road - Out of Control","01","Driver Rider","2: MI","No Control","Y","",1390998.97,1690402.83,"13909991690403"
"2017-12255-27/05/2021","2 Metropolitan","KLEMZIG","5087","CITY OF PORT ADELAIDE ENFIELD",2,0,0,0,0,2017,"December","Monday","11:05 pm","060","Divided Road","Straight road","Level","Driveway or Entrance","Sealed","Dry","Not Raining","Night","Right Turn","01","Driver Rider","1: PDO","No Control","","",1331797.6,1675948.97,"13317981675949"
"2017-12256-27/05/2021","3 Country","PORT LINCOLN","5606","CC PT.LINCOLN.                ",2,0,0,0,0,2017,"December","Friday","11:10 pm","050","Not Divided","Straight road","Level","Not Applicable","Sealed","Dry","Not Raining","Night","Hit Fixed Object","01","Driver Rider","1: PDO","No Control","","",1077519.63,1696741.42,"10775201696741"
"2017-12257-27/05/2021","2 Metropolitan","GLYNDE","5070","CC OF NORWOOD,PAYNEHAM & ST PETERS",2,0,0,0,0,2017,"December","Tuesday","12:50 am","060","Divided Road","Straight road","Level","Not Applicable","Sealed","Dry","Not Raining","Night","Rear End","02","Driver Rider","1: PDO","No Control","","",1333007.96,1674168.76,"13330081674169"
"2017-12258-27/05/2021","3 Country","MURRAY BRIDGE","5253","RC MURRAY BRIDGE.             ",2,0,0,0,0,2017,"December","Monday","10:35 pm","050","Not Divided","CURVED, VIEW OPEN","Bottom of Hill","Not Applicable","Sealed","Dry","Not Raining","Night","Hit Fixed Object","01","Driver Rider","1: PDO","No Control","","",1390693.72,1644495.6,"13906941644496"
"2017-12259-27/05/2021","2 Metropolitan","NORWOOD","5067","CC OF NORWOOD,PAYNEHAM & ST PETERS",2,1,0,0,1,2017,"December","Sunday","11:27 am","060","Cross Road","CURVED, VIEW OPEN","Level","Not Applicable","Sealed","Dry","Not Raining","Daylight","Rear End","01","Driver Rider","2: MI","Roundabout","","",1330623.32,1670361.88,"13306231670362"
"2017-12260-27/05/2021","2 Metropolitan","KLEMZIG","5087","CITY OF PORT ADELAIDE ENFIELD",2,0,0,0,0,2017,"December","Tuesday","08:08 am","060","T-Junction","Straight road","Slope","Not Applicable","Sealed","Dry","Not Raining","Daylight","Right Turn","02","Driver Rider","1: PDO","Traffic Signals","","",1331881.33,1675724.54,"13318811675725"
"2017-12261-27/05/2021","1 City","ADELAIDE","5000","CITY OF ADELAIDE",3,0,0,0,0,2017,"December","Saturday","12:57 pm","050","Not Divided","Straight road","Level","Driveway or Entrance","Sealed","Dry","Not Raining","Daylight","Side Swipe","02","Driver Rider","1: PDO","No Control","","",1328703.8,1670039.42,"13287041670039"
"2017-12262-27/05/2021","3 Country","PORT PIRIE SOUTH","5540","PT.PIRIE CITY & DIST. COUNCIL ",2,0,0,0,0,2017,"December","Tuesday","09:50 am","050","Cross Road","Straight road","Level","Not Applicable","Sealed","Dry","Not Raining","Daylight","Right Angle","01","Driver Rider","1: PDO","Roundabout","","",1280050.26,1864423.69,"12800501864424"
"2017-12263-27/05/2021","2 Metropolitan","KURRALTA PARK","5037","CITY OF WEST TORRENS",2,1,0,0,1,2017,"December","Monday","09:10 am","060","Divided Road","Straight road","Level","Driveway or Entrance","Sealed","Dry","Not Raining","Daylight","Side Swipe","02","Driver Rider","2: MI","No Control","","",1325291.64,1667359.47,"13252921667359"
"2017-12264-27/05/2021","2 Metropolitan","GREENACRES","5086","CITY OF PORT ADELAIDE ENFIELD",2,0,0,0,0,2017,"December","Saturday","11:30 am","060","T-Junction","Straight road","Level","Not Applicable","Sealed","Dry","Not Raining","Daylight","Right Angle","02","Driver Rider","1: PDO","No Control","","",1330421.4,1677200.68,"13304211677201"
"2017-12265-27/05/2021","3 Country","PINE POINT","5571","YORKE PENINSULA COUNCIL",2,0,0,0,0,2017,"December","Tuesday","08:25 am","100","Not Divided","Straight road","Level","Not Applicable","Sealed","Dry","Not Raining","Daylight","Roll Over","01","Driver Rider","1: PDO","No Control","","",1263223.53,1715960.08,"12632241715960"
"2017-12266-27/05/2021","2 Metropolitan","CLARENCE GARDENS","5039","CC MITCHAM.                   ",3,0,0,0,0,2017,"December","Tuesday","08:45 am","060","Divided Road","Straight road","Level","Not Applicable","Sealed","Dry","Not Raining","Daylight","Rear End","01","Driver Rider","1: PDO","No Control","","",1325895.11,1665382.88,"13258951665383"
"2017-12267-27/05/2021","2 Metropolitan","SALISBURY NORTH","5108","CITY OF SALISBURY",2,1,0,0,1,2017,"December","Tuesday","12:09 pm","060","Not Divided","Straight road","Level","Driveway or Entrance","Sealed","Dry","Not Raining","Daylight","Rear End","01","Driver Rider","2: MI","No Control","","",1331723.42,1689581.04,"13317231689581"
"2017-12268-27/05/2021","3 Country","TODMORDEN","5734",,1,1,0,1,0,2017,"November","Saturday","04:00 pm","100","Not Divided","Straight road","Level","Not Applicable","Unsealed","Dry","Not Raining","Daylight","Roll Over","01","Driver Rider","3: SI","No Control","","",1041970.45,2496054.21,"10419702496054"
"2017-12269-27/05/2021","2 Metropolitan","LOCKLEYS","5032","CITY OF WEST TORRENS",2,1,0,0,1,2017,"December","Tuesday","08:25 am","060","T-Junction","Straight road","Level","Not Applicable","Sealed","Dry","Not Raining","Daylight","Right Angle","01","Driver Rider","2: MI","No Control","","",1321516.01,1670852.28,"13215161670852"
"2017-12270-27/05/2021","2 Metropolitan","ENFIELD","5085","CITY OF PORT ADELAIDE ENFIELD",2,0,0,0,0,2017,"December","Tuesday","12:45 pm","060","Divided Road","Straight road","Slope","Not Applicable","Sealed","Dry","Not Raining","Daylight","Other","02","Driver Rider","1: PDO","No Control","","",1328853.55,1677319.24,"13288541677319"
"2017-12271-27/05/2021","2 Metropolitan","BEDFORD PARK","5042","CC MITCHAM.                   ",3,0,0,0,0,2017,"December","Monday","09:41 pm","050","T-Junction","CURVED, VIEW OPEN","Level","Not Applicable","Sealed","Dry","Not Raining","Night","Hit Fixed Object","01","Driver Rider","1: PDO","Give Way Sign","","",1325978.09,1661102.26,"13259781661102"
"2017-12272-27/05/2021","3 Country","BORDERTOWN","5268","DC TATIARA.                   ",2,1,0,0,1,2017,"December","Tuesday","12:20 pm","110","T-Junction","CURVED, VIEW OPEN","Level","Not Applicable","Sealed","Dry","Not Raining","Daylight","Hit Fixed Object","01","Driver Rider","2: MI","No Control","","",1523839.56,1503316.48,"15238401503316"
"2017-12273-27/05/2021","1 City","ADELAIDE","5000","CITY OF ADELAIDE",2,0,0,0,0,2017,"December","Tuesday","01:45 pm","050","Divided Road","Straight road","Level","Not Applicable","Sealed","Dry","Not Raining","Daylight","Hit Parked Vehicle","02","Driver Rider","1: PDO","No Control","","",1328452.71,1670227.74,"13284531670228"
"2017-12274-27/05/2021","2 Metropolitan","WOODVILLE PARK","5011","CITY OF CHARLES STURT",3,0,0,0,0,2017,"December","Tuesday","02:35 pm","060","Divided Road","Straight road","Level","Driveway or Entrance","Sealed","Dry","Not Raining","Daylight","Right Angle","01","Driver Rider","1: PDO","No Control","","",1324077.64,1676347.8,"13240781676348"
"2017-12275-27/05/2021","2 Metropolitan","PROSPECT","5082","CITY OF PROSPECT",3,0,0,0,0,2017,"December","Tuesday","03:20 pm","040","Cross Road","Straight road","Slope","Not Applicable","Sealed","Dry","Not Raining","Daylight","Right Angle","01","Driver Rider","1: PDO","Stop Sign","","",1327685.06,1674835.03,"13276851674835"
"2017-12276-27/05/2021","2 Metropolitan","ROYSTON PARK","5070","CC OF NORWOOD,PAYNEHAM & ST PETERS",3,0,0,0,0,2017,"December","Tuesday","03:30 pm","060","T-Junction","Straight road","Level","Not Applicable","Sealed","Dry","Not Raining","Daylight","Rear End","01","Driver Rider","1: PDO","Traffic Signals","","",1331700.93,1673182.87,"13317011673183"
"2017-12277-27/05/2021","2 Metropolitan","STURT","5047","CC MARION.                    ",2,0,0,0,0,2017,"December","Tuesday","04:00 pm","060","Cross Road","Straight road","Level","Not Applicable","Sealed","Dry","Not Raining","Daylight","Side Swipe","02","Driver Rider","1: PDO","Traffic Signals","","",1324404.88,1660668.91,"13244051660669"