"REPORT_ID","Stats Area","Suburb","Postcode","LGA Name","Total Units","Total Cas","Total Fats","Total SI","Total MI","Year","Month","Day","Time","Area Speed","Position Type","Horizontal Align","Vertical Align","Other Feat","Road Surface","Moisture Cond","Weather Cond","DayNight","Crash Type","Unit Resp","Entity Code","CSEF Severity","Traffic Ctrls","DUI Involved","Drugs Involved","ACCLOC_X","ACCLOC_Y","UNIQUE_LOC"
"2017-12598-27/05/2021","2 Metropolitan","PARA HILLS","5096","CITY OF SALISBURY",2,0,0,0,0,2017,"December","Wednesday","12:25 pm","060","Divided Road","Straight road","Level","Driveway or Entrance","Sealed","Dry","Not Raining","Daylight","Right Angle","02","Driver Rider","1: PDO","No Control","","",1334103.86,1684530.21,"13341041684530"
"2017-12599-27/05/2021","2 Metropolitan","NOARLUNGA CENTRE","5168","CITY OF ONKAPARINGA",2,1,0,0,1,2017,"December","Wednesday","12:25 pm","060","Cross Road","Straight road","Level","Not Applicable","Unsealed","Dry","Not Raining","Daylight","Rear End","02","Driver Rider","2: MI","Traffic Signals","","",1319094.8,1647483.87,"13190951647484"
"2017-12600-27/05/2021","2 Metropolitan","EASTWOOD","5063","CITY OF BURNSIDE",3,0,0,0,0,2017,"December","Wednesday","10:40 am","060","Divided Road","Straight road","Level","Not Applicable","Sealed","Dry","Not Raining","Daylight","Rear End","01","Driver Rider","1: PDO","No Control","","",1330102.45,1668990.13,"13301021668990"
"2017-12601-27/05/2021","2 Metropolitan","HACKNEY","5069","CC OF NORWOOD,PAYNEHAM & ST PETERS",2,0,0,0,0,2017,"December","Tuesday","01:23 pm","060","Cross Road","Straight road","Level","Not Applicable","Sealed","Dry","Not Raining","Daylight","Right Angle","02","Driver Rider","1: PDO","Traffic Signals","","",1329902.14,1671311.39,"13299021671311"
"2017-12602-27/05/2021","3 Country","MONARTO SOUTH","5254","RC MURRAY BRIDGE.             ",2,1,0,1,0,2017,"December","Wednesday","10:45 am","110","Freeway","Straight road","Level","Bridge, Culvert, Causeway","Sealed","Dry","Not Raining","Daylight","Hit Fixed Object","01","Driver Rider","3: SI","No Control","","",1378164.3,1644701.03,"13781641644701"
"2017-12603-27/05/2021","3 Country","SADDLEWORTH","5413","CLARE AND GILBERT VALLEYS DISTRICT COUNCIL",1,1,0,0,1,2017,"December","Wednesday","07:15 am","110","Not Divided","Straight road","Level","Not Applicable","Sealed","Dry","Not Raining","Daylight","Roll Over","09","Other","2: MI","No Control","","",1349784.47,1766596.03,"13497841766596"
"2017-12604-27/05/2021","3 Country","TAILEM BEND","5260","COORONG DISTRICT COUNCIL",2,1,0,0,1,2017,"December","Tuesday","09:43 pm","050","T-Junction","CURVED, VIEW OPEN","Level","Not Applicable","Sealed","Dry","Not Raining","Night","Hit Fixed Object","01","Driver Rider","2: MI","No Control","Y","",1405537.19,1631880.39,"14055371631880"
"2017-12605-27/05/2021","2 Metropolitan","FLINDERS PARK","5025","CITY OF CHARLES STURT",2,1,0,0,1,2017,"December","Wednesday","02:07 pm","060","Cross Road","Straight road","Level","Not Applicable","Sealed","Dry","Not Raining","Daylight","Hit Pedestrian","02","Pedestrian","2: MI","Traffic Signals","","",1323667.72,1673152.85,"13236681673153"
"2017-12606-27/05/2021","2 Metropolitan","GLOBE DERBY PARK","5110","CITY OF SALISBURY",5,0,0,0,0,2017,"December","Wednesday","05:30 pm","080","Divided Road","Straight road","Level","Not Applicable","Sealed","Dry","Not Raining","Daylight","Rear End","01","Driver Rider","1: PDO","No Control","","",1328694.82,1685338.77,"13286951685339"
"2017-12607-27/05/2021","2 Metropolitan","ELIZABETH NORTH","5113","CITY OF PLAYFORD.",2,0,0,0,0,2017,"December","Wednesday","03:50 pm","060","Not Divided","Straight road","Level","Not Applicable","Sealed","Dry","Not Raining","Daylight","Hit Fixed Object","01","Driver Rider","1: PDO","No Control","","",1336641.46,1695512.86,"13366411695513"
"2017-12608-27/05/2021","2 Metropolitan","WILLASTON","5118","CT GAWLER.                    ",2,0,0,0,0,2017,"December","Wednesday","06:00 pm","050","Not Divided","Straight road","Level","Not Applicable","Sealed","Dry","Not Raining","Daylight","Hit Parked Vehicle","02","Driver Rider","1: PDO","No Control","","",1342893.23,1707428.92,"13428931707429"
"2017-12609-27/05/2021","2 Metropolitan","WEST HINDMARSH","5007","CITY OF CHARLES STURT",2,1,0,0,1,2017,"December","Wednesday","06:00 pm","060","T-Junction","Straight road","Level","Not Applicable","Sealed","Dry","Not Raining","Daylight","Right Angle","02","Driver Rider","2: MI","No Control","","",1325178.14,1673178.98,"13251781673179"
"2017-12610-27/05/2021","2 Metropolitan","BRAHMA LODGE","5109","CITY OF SALISBURY",2,0,0,0,0,2017,"December","Wednesday","07:26 pm","080","Cross Road","Straight road","Level","Not Applicable","Sealed","Dry","Not Raining","Daylight","Rear End","02","Driver Rider","1: PDO","Traffic Signals","","",1333980.46,1686298.22,"13339801686298"
"2017-12611-27/05/2021","1 City","ADELAIDE","5000","CITY OF ADELAIDE",2,1,0,0,1,2017,"December","Monday","06:15 pm","050","Divided Road","Straight road","Level","Not Applicable","Sealed","Dry","Not Raining","Daylight","Hit Parked Vehicle","01","Driver Rider","2: MI","No Control","","",1328203.78,1671124.95,"13282041671125"
"2017-12612-27/05/2021","2 Metropolitan","SALISBURY EAST","5109","CITY OF SALISBURY",2,1,0,0,1,2017,"December","Wednesday","07:30 pm","080","Cross Road","Straight road","Level","Not Applicable","Sealed","Dry","Not Raining","Daylight","Rear End","02","Driver Rider","2: MI","Traffic Signals","","",1333980.46,1686298.22,"13339801686298"
"2017-12613-27/05/2021","2 Metropolitan","REGENCY PARK","5010","CITY OF PORT ADELAIDE ENFIELD",2,0,0,0,0,2017,"December","Wednesday","08:13 pm","050","Not Divided","Straight road","Level","Not Applicable","Sealed","Dry","Not Raining","Daylight","Side Swipe","02","Driver Rider","1: PDO","No Control","","",1325568,1678004.51,"13255681678005"
"2017-12614-27/05/2021","2 Metropolitan","HOVE","5048","CITY OF HOLDFAST BAY",2,0,0,0,0,2017,"December","Wednesday","07:40 pm","050","T-Junction","CURVED, VIEW OPEN","Level","Not Applicable","Sealed","Dry","Not Raining","Daylight","Right Angle","02","Driver Rider","1: PDO","Give Way Sign","","",1320225.54,1661517.11,"13202261661517"
"2017-12615-27/05/2021","2 Metropolitan","GAWLER","5118","CT GAWLER.                    ",2,0,0,0,0,2017,"December","Wednesday","07:49 pm","050","T-Junction","Straight road","Level","Not Applicable","Sealed","Dry","Not Raining","Daylight","Right Turn","02","Driver Rider","1: PDO","Traffic Signals","","",1343360.57,1706588.67,"13433611706589"
"2017-12616-27/05/2021","3 Country","WHYALLA NORRIE","5608","CC WHYALLA.                   ",2,0,0,0,0,2017,"December","Wednesday","08:15 pm","050","T-Junction","Straight road","Level","Not Applicable","Sealed","Dry","Not Raining","Daylight","Hit Fixed Object","01","Driver Rider","1: PDO","No Control","","",1237552.02,1882767.74,"12375521882768"
"2017-12617-27/05/2021","3 Country","WILLALOOKA","5267","DC TATIARA.                   ",2,0,0,0,0,2017,"December","Wednesday","09:00 pm","110","Not Divided","Straight road","Level","Not Applicable","Sealed","Dry","Not Raining","Night","Hit Fixed Object","01","Driver Rider","1: PDO","No Control","","",1480516.24,1507535.15,"14805161507535"
"2017-12618-27/05/2021","1 City","NORTH ADELAIDE","5006","CITY OF ADELAIDE",3,0,0,0,0,2017,"December","Wednesday","12:00 pm","050","Not Divided","Straight road","Level","Not Applicable","Sealed","Dry","Not Raining","Daylight","Right Angle","01","Driver Rider","1: PDO","No Control","","",1328958.21,1672547.72,"13289581672548"
"2017-12619-27/05/2021","2 Metropolitan","MILLBROOK","5231","THE ADELAIDE HILLS COUNCIL",2,0,0,0,0,2017,"December","Monday","05:25 pm","080","Not Divided","CURVED, VIEW OPEN","Slope","Not Applicable","Sealed","Dry","Not Raining","Daylight","Hit Fixed Object","01","Driver Rider","1: PDO","No Control","","",1349127.48,1680042.56,"13491271680043"
"2017-12620-27/05/2021","2 Metropolitan","WOODVILLE SOUTH","5011","CITY OF CHARLES STURT",2,0,0,0,0,2017,"December","Tuesday","10:00 am","050","Divided Road","Straight road","Level","Not Applicable","Sealed","Dry","Not Raining","Daylight","Rear End","02","Driver Rider","1: PDO","No Control","","",1322697,1675790.18,"13226971675790"
"2017-12621-27/05/2021","3 Country","DUBLIN","5501","DC MALLALA.                   ",3,0,0,0,0,2017,"December","Wednesday","03:00 pm","110","T-Junction","Straight road","Level","Not Applicable","Sealed","Dry","Not Raining","Daylight","Hit Fixed Object","01","Driver Rider","1: PDO","No Control","","",1307352.43,1724138.64,"13073521724139"
"2017-12622-27/05/2021","2 Metropolitan","YATALA VALE","5126","CITY OF TEA TREE GULLY",3,1,0,0,1,2017,"December","Wednesday","05:00 pm","060","Cross Road","Straight road","Level","Not Applicable","Sealed","Dry","Not Raining","Daylight","Rear End","02","Driver Rider","2: MI","Roundabout","","",1339647.25,1684786.35,"13396471684786"
"2017-12623-27/05/2021","2 Metropolitan","MITCHELL PARK","5043","CC MARION.                    ",2,0,0,0,0,2017,"December","Thursday","10:10 am","060","Divided Road","Straight road","Level","Not Applicable","Sealed","Dry","Not Raining","Daylight","Rear End","02","Driver Rider","1: PDO","No Control","","",1324337.56,1662894.84,"13243381662895"
"2017-12624-27/05/2021","2 Metropolitan","SALISBURY","5108","CITY OF SALISBURY",3,1,0,0,1,2017,"December","Thursday","10:10 am","060","Cross Road","Straight road","Level","Not Applicable","Sealed","Dry","Not Raining","Daylight","Side Swipe","01","Driver Rider","2: MI","Roundabout","","",1333396.29,1689758.68,"13333961689759"
"2017-12625-27/05/2021","2 Metropolitan","GEPPS CROSS","5094","CITY OF PORT ADELAIDE ENFIELD",2,0,0,0,0,2017,"December","Thursday","10:28 am","060","Divided Road","Straight road","Slope","Not Applicable","Sealed","Dry","Not Raining","Daylight","Hit Parked Vehicle","01","Driver Rider","1: PDO","No Control","","",1329697.06,1679287.57,"13296971679288"
"2017-12626-27/05/2021","3 Country","WAIKERIE","5330","LOXTON WAIKERIE DISTRICT COUNCIL",2,0,0,0,0,2017,"December","Tuesday","02:00 pm","110","Not Divided","Straight road","Level","Not Applicable","Sealed","Dry","Not Raining","Daylight","Hit Fixed Object","01","Driver Rider","1: PDO","No Control","","",1456356.49,1745596.71,"14563561745597"
"2017-12627-27/05/2021","2 Metropolitan","SELLICKS HILL","5174","CITY OF ONKAPARINGA",2,1,0,0,1,2017,"December","Thursday","09:50 am","090","Cross Road","Straight road","Crest of Hill","Not Applicable","Sealed","Dry","Not Raining","Daylight","Right Turn","01","Driver Rider","2: MI","Give Way Sign","","",1315514.14,1626426.57,"13155141626427"
"2017-12628-27/05/2021","3 Country","PORT LINCOLN","5606","CC PT.LINCOLN.                ",2,0,0,0,0,2017,"December","Thursday","10:00 am","050","Cross Road","Straight road","Level","Not Applicable","Sealed","Dry","Not Raining","Daylight","Right Angle","02","Driver Rider","1: PDO","Give Way Sign","","",1079099.07,1698129.72,"10790991698130"
"2017-12629-27/05/2021","2 Metropolitan","SEATON","5023","CITY OF CHARLES STURT",2,0,0,0,0,2017,"December","Thursday","11:42 am","060","Not Divided","Straight road","Level","Not Applicable","Sealed","Dry","Not Raining","Daylight","Rear End","02","Driver Rider","1: PDO","No Control","","",1319931.5,1674107.3,"13199321674107"
"2017-12630-27/05/2021","2 Metropolitan","MUNNO PARA","5115","CITY OF PLAYFORD.",2,0,0,0,0,2017,"December","Thursday","12:50 pm","060","Cross Road","Straight road","Level","Not Applicable","Unsealed","Dry","Not Raining","Daylight","Rear End","02","Driver Rider","1: PDO","Traffic Signals","","",1336692.66,1698550.18,"13366931698550"
"2017-12631-27/05/2021","2 Metropolitan","CHRISTIE DOWNS","5164","CITY OF ONKAPARINGA",2,1,0,0,1,2017,"December","Thursday","08:40 am","050","Not Divided","CURVED, VIEW OPEN","Level","Not Applicable","Sealed","Wet","Not Raining","Daylight","Hit Parked Vehicle","01","Driver Rider","2: MI","No Control","","",1318774.35,1648754.83,"13187741648755"
"2017-12632-27/05/2021","2 Metropolitan","BROOKLYN PARK","5032","CITY OF WEST TORRENS",2,0,0,0,0,2017,"December","Tuesday","05:50 pm","060","T-Junction","Straight road","Level","Not Applicable","Sealed","Dry","Not Raining","Daylight","Right Turn","02","Driver Rider","1: PDO","No Control","","",1323593.19,1670925.11,"13235931670925"
"2017-12633-27/05/2021","2 Metropolitan","WINGFIELD","5013","CITY OF PORT ADELAIDE ENFIELD",2,0,0,0,0,2017,"December","Thursday","10:30 am","060","Cross Road","Straight road","Level","Not Applicable","Sealed","Dry","Not Raining","Daylight","Rear End","02","Driver Rider","1: PDO","Traffic Signals","","",1323910.9,1679152.49,"13239111679152"
"2017-12634-27/05/2021","2 Metropolitan","GOODWOOD","5034","CITY OF UNLEY",2,0,0,0,0,2017,"December","Tuesday","08:00 am","040","Not Divided","Straight road","Level","Not Applicable","Sealed","Dry","Not Raining","Daylight","Hit Parked Vehicle","02","Driver Rider","1: PDO","No Control","","",1327841.39,1668172.38,"13278411668172"
"2017-12635-27/05/2021","2 Metropolitan","MOUNT BARKER","5251","DC MT.BARKER.                 ",2,0,0,0,0,2017,"December","Thursday","12:10 pm","060","Cross Road","Straight road","Level","Not Applicable","Sealed","Dry","Not Raining","Daylight","Right Turn","02","Driver Rider","1: PDO","Traffic Signals","","",1351306.12,1654258.85,"13513061654259"
"2017-12636-27/05/2021","2 Metropolitan","LARGS NORTH","5016","CITY OF PORT ADELAIDE ENFIELD",2,0,0,0,0,2017,"December","Thursday","02:15 pm","060","Divided Road","Straight road","Level","Not Applicable","Sealed","Dry","Not Raining","Daylight","Hit Parked Vehicle","01","Driver Rider","1: PDO","No Control","","",1319862.55,1682826.44,"13198631682826"
"2017-12637-27/05/2021","3 Country","SMOKY BAY","5680","DC CEDUNA                     ",2,1,0,0,1,2017,"December","Thursday","01:00 pm","050","Not Divided","Straight road","Level","Not Applicable","Sealed","Dry","Not Raining","Daylight","Hit Fixed Object","01","Driver Rider","2: MI","No Control","","",900330.15,1957880.24,"09003301957880"
"2017-12638-27/05/2021","2 Metropolitan","OTTOWAY","5013","CITY OF PORT ADELAIDE ENFIELD",2,0,0,0,0,2017,"December","Thursday","12:30 pm","060","Cross Road","Straight road","Level","Not Applicable","Sealed","Dry","Not Raining","Daylight","Right Angle","02","Driver Rider","1: PDO","Give Way Sign","","",1322902.28,1679362.03,"13229021679362"
"2017-12639-27/05/2021","2 Metropolitan","POORAKA","5095","CITY OF SALISBURY",2,0,0,0,0,2017,"December","Thursday","02:32 pm","070","Divided Road","Straight road","Level","Not Applicable","Sealed","Dry","Not Raining","Daylight","Rear End","02","Driver Rider","1: PDO","No Control","","",1330376.07,1681687.8,"13303761681688"
"2017-12640-27/05/2021","1 City","ADELAIDE","5000","CITY OF ADELAIDE",2,0,0,0,0,2017,"December","Thursday","04:25 pm","050","Cross Road","Straight road","Level","Not Applicable","Sealed","Dry","Not Raining","Daylight","Rear End","02","Driver Rider","1: PDO","Traffic Signals","","",1329235.63,1670851.38,"13292361670851"
"2017-12641-27/05/2021","2 Metropolitan","KENSINGTON PARK","5068","CITY OF BURNSIDE",3,0,0,0,0,2017,"December","Thursday","04:30 pm","060","Divided Road","Straight road","Level","Not Applicable","Sealed","Dry","Not Raining","Daylight","Rear End","01","Driver Rider","1: PDO","No Control","","",1333872.07,1671370.22,"13338721671370"
"2017-12642-27/05/2021","2 Metropolitan","MAGILL","5072","CC CAMPBELLTOWN.              ",2,1,0,0,1,2017,"December","Thursday","01:45 pm","060","Cross Road","Straight road","Level","Not Applicable","Sealed","Dry","Not Raining","Daylight","Right Angle","02","Driver Rider","2: MI","Stop Sign","","",1335465.09,1672536.89,"13354651672537"
"2017-12643-27/05/2021","2 Metropolitan","SALISBURY EAST","5109","CITY OF SALISBURY",2,1,0,0,1,2017,"December","Thursday","12:45 pm","080","Cross Road","Straight road","Level","Not Applicable","Sealed","Dry","Not Raining","Daylight","Rear End","02","Driver Rider","2: MI","Traffic Signals","","",1333995.93,1686285.66,"13339961686286"
"2017-12644-27/05/2021","2 Metropolitan","BROMPTON","5007","CITY OF CHARLES STURT",2,0,0,0,0,2017,"December","Monday","12:40 pm","040","Not Divided","Straight road","Level","Not Applicable","Sealed","Dry","Not Raining","Daylight","Rear End","02","Driver Rider","1: PDO","No Control","","",1326158.98,1673146.35,"13261591673146"
"2017-12645-27/05/2021","2 Metropolitan","SALISBURY","5108","CITY OF SALISBURY",2,2,0,0,2,2017,"December","Thursday","05:55 pm","060","Cross Road","Straight road","Level","Not Applicable","Sealed","Dry","Not Raining","Daylight","Right Angle","01","Driver Rider","2: MI","Traffic Signals","","",1333601.36,1689549.53,"13336011689550"
"2017-12646-27/05/2021","2 Metropolitan","BRIGHTON","5048","CITY OF HOLDFAST BAY",2,0,0,0,0,2017,"December","Thursday","04:30 pm","060","T-Junction","Straight road","Level","Not Applicable","Sealed","Dry","Not Raining","Daylight","Rear End","02","Driver Rider","1: PDO","Traffic Signals","","",1321140.97,1660807.29,"13211411660807"
"2017-12647-27/05/2021","2 Metropolitan","WINGFIELD","5013","CITY OF PORT ADELAIDE ENFIELD",2,1,0,0,1,2017,"December","Thursday","04:44 pm","070","Not Divided","Straight road","Level","Driveway or Entrance","Sealed","Dry","Not Raining","Daylight","Right Angle","02","Driver Rider","2: MI","No Control","","",1326920.64,1680255.02,"13269211680255"
"2017-12648-27/05/2021","2 Metropolitan","SOUTH BRIGHTON","5048","CITY OF HOLDFAST BAY",2,0,0,0,0,2017,"December","Thursday","06:05 pm","060","Divided Road","Straight road","Level","Not Applicable","Sealed","Dry","Not Raining","Daylight","Rear End","02","Driver Rider","1: PDO","No Control","","",1321161.04,1660119.58,"13211611660120"
"2017-12649-27/05/2021","2 Metropolitan","SEAFORD RISE","5169","CITY OF ONKAPARINGA",3,0,0,0,0,2017,"December","Thursday","03:50 pm","070","Cross Road","Straight road","Slope","Not Applicable","Sealed","Dry","Not Raining","Daylight","Rear End","01","Driver Rider","1: PDO","Traffic Signals","","",1316420.5,1640461.94,"13164211640462"
"2017-12650-27/05/2021","1 City","ADELAIDE","5000","CITY OF ADELAIDE",2,0,0,0,0,2017,"December","Thursday","03:10 pm","060","Cross Road","Straight road","Level","Not Applicable","Sealed","Dry","Not Raining","Daylight","Right Angle","02","Driver Rider","1: PDO","Traffic Signals","","",1327363.85,1670321.47,"13273641670321"
"2017-12651-27/05/2021","2 Metropolitan","STEPNEY","5069","CC OF NORWOOD,PAYNEHAM & ST PETERS",2,1,0,0,1,2017,"December","Tuesday","01:35 pm","060","Multiple","Straight road","Level","Not Applicable","Sealed","Dry","Not Raining","Daylight","Right Turn","01","Driver Rider","2: MI","Traffic Signals","","",1330600.73,1671714.93,"13306011671715"
"2017-12652-27/05/2021","2 Metropolitan","PARADISE","5075","CC CAMPBELLTOWN.              ",2,1,0,0,1,2017,"December","Thursday","03:50 pm","060","Divided Road","Straight road","Level","Not Applicable","Sealed","Dry","Not Raining","Daylight","Hit Fixed Object","01","Driver Rider","2: MI","No Control","","",1335356.71,1676541.33,"13353571676541"
"2017-12653-27/05/2021","2 Metropolitan","PROSPECT","5082","CITY OF PROSPECT",2,0,0,0,0,2017,"December","Thursday","06:51 pm","050","Not Divided","Straight road","Level","Not Applicable","Sealed","Dry","Not Raining","Daylight","Hit Fixed Object","01","Driver Rider","1: PDO","No Control","","",1328066.41,1676051.14,"13280661676051"
"2017-12654-27/05/2021","2 Metropolitan","O'HALLORAN HILL","5158","CC MARION.                    ",2,0,0,0,0,2017,"December","Thursday","04:20 pm","100","Freeway","Straight road","Slope","Not Applicable","Sealed","Dry","Not Raining","Daylight","Hit Fixed Object","01","Driver Rider","1: PDO","No Control","","",1323057.6,1656247.51,"13230581656248"
"2017-12655-27/05/2021","2 Metropolitan","ATHELSTONE","5076","CC CAMPBELLTOWN.              ",2,0,0,0,0,2017,"December","Thursday","04:53 pm","050","Not Divided","Straight road","Level","Not Applicable","Sealed","Dry","Not Raining","Daylight","Hit Parked Vehicle","01","Driver Rider","1: PDO","No Control","","",1338290.23,1677028.62,"13382901677029"
"2017-12656-27/05/2021","2 Metropolitan","PAYNEHAM","5070","CC OF NORWOOD,PAYNEHAM & ST PETERS",4,0,0,0,0,2017,"December","Thursday","05:20 pm","060","T-Junction","Straight road","Level","Not Applicable","Sealed","Dry","Not Raining","Daylight","Rear End","01","Driver Rider","1: PDO","No Control","","",1332180.12,1673612.97,"13321801673613"
"2017-12657-27/05/2021","2 Metropolitan","LARGS BAY","5016","CITY OF PORT ADELAIDE ENFIELD",2,1,1,0,0,2017,"December","Thursday","08:40 pm","050","Not Divided","Straight road","Level","Not Applicable","Sealed","Dry","Not Raining","Night","Hit Fixed Object","01","Driver Rider","4: Fatal","No Control","","",1318169.28,1681474.55,"13181691681475"
"2017-12658-27/05/2021","3 Country","NURIOOTPA","5355","THE BAROSSA COUNCIL.",2,1,0,0,1,2017,"December","Thursday","09:20 pm","050","Not Divided","CURVED, VIEW OPEN","Level","Not Applicable","Sealed","Dry","Not Raining","Night","Hit Fixed Object","01","Driver Rider","2: MI","No Control","","",1365985.45,1719714.07,"13659851719714"
"2017-12659-27/05/2021","2 Metropolitan","FULHAM GARDENS","5024","CITY OF CHARLES STURT",2,0,0,0,0,2017,"December","Thursday","03:08 am","060","Divided Road","Straight road","Level","Not Applicable","Sealed","Dry","Not Raining","Night","Hit Fixed Object","01","Driver Rider","1: PDO","No Control","","Y",1320273.58,1673061.51,"13202741673062"
"2017-12660-27/05/2021","2 Metropolitan","WARRADALE","5046","CC MARION.                    ",2,0,0,0,0,2017,"December","Friday","05:20 am","060","Cross Road","Straight road","Level","Not Applicable","Sealed","Dry","Not Raining","Night","Right Turn","02","Driver Rider","1: PDO","Traffic Signals","","",1321897.76,1663024.08,"13218981663024"
"2017-12661-27/05/2021","2 Metropolitan","PARALOWIE","5108","CITY OF SALISBURY",2,0,0,0,0,2017,"December","Friday","08:15 am","060","T-Junction","Straight road","Level","Not Applicable","Sealed","Dry","Not Raining","Daylight","Right Angle","02","Driver Rider","1: PDO","Roundabout","","",1330885.2,1688751.95,"13308851688752"
"2017-12662-27/05/2021","2 Metropolitan","CHELTENHAM","5014","CITY OF CHARLES STURT",2,0,0,0,0,2017,"December","Thursday","05:48 pm","060","Cross Road","Straight road","Level","Not Applicable","Sealed","Dry","Not Raining","Daylight","Rear End","02","Driver Rider","1: PDO","Traffic Signals","","",1322125.85,1676413.1,"13221261676413"
"2017-12663-27/05/2021","2 Metropolitan","BROMPTON","5007","CITY OF CHARLES STURT",2,0,0,0,0,2017,"December","Friday","07:30 am","040","Not Divided","Straight road","Level","Not Applicable","Sealed","Dry","Not Raining","Daylight","Hit Parked Vehicle","02","Driver Rider","1: PDO","No Control","","",1326267.36,1673742.99,"13262671673743"
"2017-12664-27/05/2021","2 Metropolitan","PORT ADELAIDE","5015","CITY OF PORT ADELAIDE ENFIELD",2,0,0,0,0,2017,"December","Friday","08:45 am","060","Cross Road","Straight road","Level","Not Applicable","Sealed","Dry","Not Raining","Daylight","Side Swipe","02","Driver Rider","1: PDO","Traffic Signals","","",1320480.89,1679072.79,"13204811679073"
"2017-12665-27/05/2021","3 Country","NAIDIA","5354","LOXTON WAIKERIE DISTRICT COUNCIL",2,0,0,0,0,2017,"December","Thursday","08:00 pm","110","Not Divided","Straight road","Level","Not Applicable","Sealed","Dry","Not Raining","Daylight","Hit Animal","02","Animal","1: PDO","No Control","","",1441473.95,1712290.64,"14414741712291"
"2017-12666-27/05/2021","2 Metropolitan","LITTLEHAMPTON","5250","DC MT.BARKER.                 ",2,1,0,0,1,2017,"December","Friday","10:39 am","050","Not Divided","Straight road","Level","Not Applicable","Sealed","Dry","Not Raining","Daylight","Rear End","02","Driver Rider","2: MI","No Control","","",1352036.12,1656207.58,"13520361656208"
"2017-12667-27/05/2021","2 Metropolitan","STURT","5047","CC MARION.                    ",3,1,0,0,1,2017,"December","Friday","10:05 am","060","Divided Road","Straight road","Level","Not Applicable","Sealed","Dry","Not Raining","Daylight","Rear End","01","Driver Rider","2: MI","No Control","","",1323868.39,1660659.2,"13238681660659"
"2017-12668-27/05/2021","2 Metropolitan","SURREY DOWNS","5126","CITY OF TEA TREE GULLY",2,0,0,0,0,2017,"December","Thursday","02:56 pm","060","Divided Road","Straight road","Level","Driveway or Entrance","Sealed","Dry","Not Raining","Daylight","Right Angle","02","Driver Rider","1: PDO","No Control","","",1339674.56,1683926.53,"13396751683927"
"2017-12669-27/05/2021","2 Metropolitan","ST MARYS","5042","CC MITCHAM.                   ",2,0,0,0,0,2017,"December","Friday","11:15 am","050","T-Junction","Straight road","Level","Not Applicable","Sealed","Dry","Not Raining","Daylight","Rear End","01","Driver Rider","1: PDO","Stop Sign","","",1326615.61,1663335.37,"13266161663335"
"2017-12670-27/05/2021","2 Metropolitan","FINDON","5023","CITY OF CHARLES STURT",2,1,0,0,1,2017,"December","Friday","11:39 am","060","Divided Road","Straight road","Level","Not Applicable","Sealed","Dry","Not Raining","Daylight","Hit Pedestrian","02","Pedestrian","2: MI","No Control","","",1322386.57,1674473.53,"13223871674474"
"2017-12671-27/05/2021","3 Country","PORT AUGUSTA WEST","5700","CC PT.AUGUSTA.                ",2,0,0,0,0,2017,"December","Friday","12:30 pm","080","T-Junction","Straight road","Level","Not Applicable","Sealed","Dry","Not Raining","Daylight","Right Angle","02","Driver Rider","1: PDO","No Control","","",1257587.98,1944261.61,"12575881944262"
"2017-12672-27/05/2021","2 Metropolitan","WARRADALE","5046","CC MARION.                    ",2,0,0,0,0,2017,"December","Thursday","08:30 am","060","Cross Road","Straight road","Level","Not Applicable","Sealed","Dry","Not Raining","Daylight","Rear End","01","Driver Rider","1: PDO","Traffic Signals","","",1322704.87,1661540.26,"13227051661540"
"2017-12673-27/05/2021","2 Metropolitan","PROSPECT","5082","CITY OF PROSPECT",3,1,0,0,1,2017,"December","Friday","11:43 am","060","Cross Road","Straight road","Level","Not Applicable","Sealed","Dry","Not Raining","Daylight","Rear End","01","Driver Rider","2: MI","Traffic Signals","","",1328862.28,1676441.72,"13288621676442"
"2017-12674-27/05/2021","2 Metropolitan","EDWARDSTOWN","5039","CC MARION.                    ",2,0,0,0,0,2017,"December","Friday","10:40 am","060","T-Junction","Straight road","Level","Not Applicable","Sealed","Dry","Not Raining","Daylight","Right Angle","01","Driver Rider","1: PDO","No Control","","",1325946.9,1663791.84,"13259471663792"
"2017-12675-27/05/2021","2 Metropolitan","CAMDEN PARK","5038","CITY OF WEST TORRENS",2,0,0,0,0,2017,"December","Friday","01:45 pm","060","Divided Road","Straight road","Level","Not Applicable","Sealed","Dry","Not Raining","Daylight","Rear End","02","Driver Rider","1: PDO","No Control","","",1322683.31,1665418.08,"13226831665418"
"2017-12676-27/05/2021","2 Metropolitan","WINGFIELD","5013","CITY OF PORT ADELAIDE ENFIELD",3,0,0,0,0,2017,"December","Friday","02:05 pm","060","Divided Road","Straight road","Slope","Not Applicable","Sealed","Dry","Not Raining","Daylight","Rear End","01","Driver Rider","1: PDO","No Control","","",1326240.14,1679170.7,"13262401679171"
"2017-12677-27/05/2021","2 Metropolitan","VALLEY VIEW","5093","CITY OF PORT ADELAIDE ENFIELD",3,2,0,0,2,2017,"December","Friday","02:45 pm","060","T-Junction","Straight road","Level","Not Applicable","Sealed","Dry","Not Raining","Daylight","Right Turn","01","Driver Rider","2: MI","Traffic Signals","","",1334550.17,1679386.94,"13345501679387"